tempo,quantidadePAs,articulation_points_percentage,density,betweenness,degree,closeness,eigenvector,lifespan,mobility,fragmentationImpact,k_connectivity,number_of_cars,
0,0.0000,0.0000,0.0000,0.0000,0.0000,0.0000,0.0000,0.0000,0.0000,0.0000,1.8182,11.0000
1,0.0000,0.0000,0.0000,0.0000,0.0000,0.0000,0.0000,0.0000,0.0000,0.0000,4.0936,19.0000
2,1.0000,0.0385,0.0033,2.0000,0.0800,0.0000,1.0000,0.0000,1.0000,0.0000,5.5385,26.0000
3,0.0000,0.0000,0.0000,0.0000,0.0000,0.0000,0.0000,0.0000,0.0000,0.0000,6.4039,29.0000
4,1.0000,0.0323,0.0276,3.3333,0.1489,0.3637,1.0000,0.0000,1.0000,0.0000,3.4409,31.0000
5,0.0000,0.0000,0.0000,0.0000,0.0000,0.0000,0.0000,0.0000,0.0000,0.0000,7.9772,27.0000
6,1.0000,0.0345,0.0026,2.0000,0.0714,0.0000,1.0000,0.0000,1.0000,0.0000,2.9557,29.0000
7,0.0000,0.0000,0.0000,0.0000,0.0000,0.0000,0.0000,0.0000,0.0000,0.0000,3.3846,26.0000
8,0.0000,0.0000,0.0000,0.0000,0.0000,0.0000,0.0000,0.0000,0.0000,0.0000,0.6667,25.0000
9,1.0000,0.0417,0.0237,3.0000,0.1937,0.2106,1.0000,0.0000,1.0000,0.0000,6.5217,24.0000
10,1.0000,0.0357,0.0028,2.0000,0.0741,0.5000,1.0000,0.0000,1.0000,0.0000,2.1164,28.0000
11,0.0000,0.0000,0.0000,0.0000,0.0000,0.0000,0.0000,0.0000,0.0000,0.0000,12.0000,26.0000
12,1.0000,0.0333,0.0279,3.0000,0.1332,0.0788,1.0000,0.0000,1.0000,0.0000,5.0575,30.0000
13,1.0000,0.0385,0.0217,4.5000,0.1929,0.5001,1.0000,0.0000,1.0000,0.0000,3.0769,26.0000
14,1.0000,0.0435,0.0292,2.5000,0.1414,0.3915,1.0000,0.0000,1.0000,0.0000,4.3478,23.0000
15,1.0000,0.0357,0.0812,3.0000,0.2141,0.0780,1.0000,0.0000,1.0000,0.0000,8.9947,28.0000
16,0.0000,0.0000,0.0000,0.0000,0.0000,0.0000,0.0000,0.0000,0.0000,0.0000,5.6980,27.0000
17,1.0000,0.0370,0.0031,2.0000,0.0769,0.0000,1.0000,0.0000,1.0000,0.0000,2.2792,27.0000
18,1.0000,0.0385,0.0056,2.0000,0.0867,0.0000,1.0000,0.0000,1.0000,0.0000,3.3846,26.0000
19,1.0000,0.0400,0.0779,3.0000,0.1794,0.1427,1.2500,24.5059,1.0000,0.0000,6.0000,25.0000
20,1.0000,0.0476,0.0105,2.5000,0.1250,0.3536,1.0000,0.0000,1.5000,0.0000,3.3333,21.0000
21,1.0000,0.0417,0.0455,3.2500,0.1782,0.1453,1.0000,0.0000,1.0000,0.0000,7.9710,24.0000
22,0.0000,0.0000,0.0000,0.0000,0.0000,0.0000,0.0000,0.0000,0.0000,0.0000,8.4656,28.0000
23,1.0000,0.0312,0.0072,3.0000,0.1061,0.1745,1.0000,0.0000,1.0000,0.0000,3.2258,32.0000
24,1.0000,0.0385,0.0056,2.0000,0.0867,0.4010,1.0000,0.0000,1.0000,0.0000,2.4615,26.0000
25,1.0000,0.0345,0.0066,3.0000,0.1071,0.3077,1.0000,0.0000,1.0000,0.0000,2.9557,29.0000
26,0.0000,0.0000,0.0000,0.0000,0.0000,0.0000,0.0000,0.0000,0.0000,0.0000,2.0000,25.0000
27,1.0000,0.0312,0.0244,3.0000,0.1376,0.1898,1.0000,0.0000,1.0000,0.0000,4.6371,32.0000
28,1.0000,0.0370,0.0062,3.0000,0.1154,0.6116,1.0000,0.0000,1.0000,0.0000,3.4188,27.0000
29,1.0000,0.0370,0.0046,2.0000,0.0817,0.3008,1.0000,0.0000,1.0000,0.0000,2.8490,27.0000
30,0.0000,0.0000,0.0000,0.0000,0.0000,0.0000,0.0000,0.0000,0.0000,0.0000,7.0000,25.0000
31,1.0000,0.0370,0.0085,2.5000,0.1064,0.1187,1.0000,0.0000,1.0000,0.0000,4.2735,27.0000
32,1.0000,0.0357,0.0142,3.5000,0.1323,0.2172,1.0000,0.0000,1.5000,0.0000,3.9683,28.0000
33,0.0000,0.0000,0.0000,0.0000,0.0000,0.0000,0.0000,0.0000,0.0000,0.0000,2.1538,26.0000
34,0.0000,0.0000,0.0000,0.0000,0.0000,0.0000,0.0000,0.0000,0.0000,0.0000,9.5238,22.0000
35,1.0000,0.0357,0.0085,2.6667,0.1019,0.2978,1.0000,0.0000,1.0000,0.0000,3.4392,28.0000
36,1.0000,0.0370,0.0031,2.0000,0.0769,0.7071,1.0000,0.0000,1.0000,0.0000,1.1396,27.0000
37,1.0000,0.0400,0.0417,5.0000,0.2359,0.4217,1.0000,0.0000,1.0000,0.0000,5.3333,25.0000
38,1.0000,0.0385,0.0033,2.0000,0.0800,0.0000,1.0000,0.0000,1.0000,0.0000,4.3077,26.0000
39,0.0000,0.0000,0.0000,0.0000,0.0000,0.0000,0.0000,0.0000,0.0000,0.0000,4.7619,22.0000
40,1.0000,0.0357,0.0085,3.0000,0.1204,0.1724,1.0000,0.0000,1.0000,0.0000,5.8201,28.0000
41,1.0000,0.0385,0.0089,2.6667,0.1156,0.1381,1.3333,109.5376,1.0000,0.0000,4.3077,26.0000
42,1.0000,0.0333,0.0025,2.0000,0.0690,0.0000,1.0000,0.0000,1.0000,0.0000,4.3678,30.0000
43,1.0000,0.0345,0.0053,2.0000,0.0804,0.0000,1.0000,0.0000,1.0000,0.0000,5.6650,29.0000
44,0.0000,0.0000,0.0000,0.0000,0.0000,0.0000,0.0000,0.0000,0.0000,0.0000,7.9570,31.0000
45,1.0000,0.0312,0.0043,3.0000,0.0968,0.0000,1.0000,0.0000,1.0000,0.0000,3.2258,32.0000
46,1.0000,0.0294,0.0265,4.5000,0.1490,0.3814,1.0000,0.0000,1.0000,0.0000,3.7433,34.0000
47,1.0000,0.0357,0.0897,4.5000,0.2365,0.2472,1.0000,0.0000,1.5000,0.0000,7.4074,28.0000
48,1.0000,0.0303,0.0121,2.7500,0.1079,0.0633,1.2500,60.5765,1.0000,0.0000,5.4924,33.0000
49,0.0000,0.0000,0.0000,0.0000,0.0000,0.0000,0.0000,0.0000,0.0000,0.0000,6.5079,36.0000
50,1.0000,0.0333,0.0025,2.0000,0.0690,0.0000,1.0000,0.0000,1.0000,0.0000,2.2989,30.0000
51,1.0000,0.0357,0.0185,3.0000,0.1323,0.5007,1.0000,0.0000,1.5000,0.0000,2.9101,28.0000
52,0.0000,0.0000,0.0000,0.0000,0.0000,0.0000,0.0000,0.0000,0.0000,0.0000,6.3333,25.0000
53,1.0000,0.0345,0.0026,2.0000,0.0714,0.0000,1.0000,0.0000,1.0000,0.0000,6.1576,29.0000
54,1.0000,0.0385,0.0267,4.0000,0.1800,0.3777,1.0000,0.0000,1.0000,0.0000,6.1538,26.0000
55,1.0000,0.0333,0.0037,2.5000,0.0862,0.3058,1.0000,0.0000,1.0000,0.0000,2.7586,30.0000
56,1.0000,0.0323,0.0023,2.0000,0.0667,0.0000,1.0000,0.0000,1.0000,0.0000,3.4409,31.0000
57,1.0000,0.0294,0.0110,4.0000,0.1364,0.4347,1.0000,0.0000,1.0000,0.0000,2.3173,34.0000
58,1.0000,0.0312,0.0330,2.6667,0.1361,0.1189,1.0000,0.0000,1.0000,0.0000,4.4355,32.0000
59,1.0000,0.0333,0.0025,2.0000,0.0690,0.7071,1.0000,0.0000,1.0000,0.0000,1.8391,30.0000
60,1.0000,0.0345,0.0093,2.5000,0.1048,0.0000,1.0000,0.0000,1.0000,0.0000,4.9261,29.0000
61,1.0000,0.0357,0.0291,2.2000,0.1150,0.1228,1.0000,0.0000,1.0000,0.0000,3.9683,28.0000
62,1.0000,0.0323,0.0301,4.7500,0.1704,0.2506,1.5000,108.3468,1.0000,0.0000,6.4516,31.0000
63,1.0000,0.0357,0.0456,5.0000,0.2155,0.4527,1.0000,0.0000,1.0000,0.0000,6.0847,28.0000
64,1.0000,0.0294,0.0019,2.0000,0.0606,0.0000,1.0000,0.0000,1.0000,0.0000,6.4171,34.0000
65,1.0000,0.0370,0.0115,4.0000,0.1571,0.2619,1.0000,0.0000,1.0000,0.0000,4.5584,27.0000
66,1.0000,0.0333,0.0363,2.7500,0.1292,0.0785,1.0000,0.0000,1.0000,0.0000,5.0575,30.0000
67,1.0000,0.0333,0.0049,2.0000,0.0776,0.0000,1.0000,0.0000,1.0000,0.0000,6.6667,30.0000
68,1.0000,0.0303,0.0356,4.3333,0.1712,0.1390,1.0000,0.0000,1.0000,0.0000,7.1970,33.0000
69,1.0000,0.0323,0.0194,3.0000,0.1529,0.0575,1.0000,0.0000,1.0000,0.0000,6.6667,31.0000
70,1.0000,0.0333,0.0025,2.0000,0.0690,0.0000,1.0000,0.0000,1.0000,0.0000,2.5287,30.0000
71,1.0000,0.0370,0.0154,5.0000,0.1978,0.4333,1.0000,0.0000,1.0000,0.0000,4.2735,27.0000
72,1.0000,0.0476,0.0088,2.0000,0.1083,0.4010,1.3333,44.1900,1.0000,0.0000,3.3333,21.0000
73,1.0000,0.0526,0.0065,2.0000,0.1111,0.7071,1.0000,0.0000,1.0000,0.0000,2.3392,19.0000
74,1.0000,0.0476,0.0053,2.0000,0.1000,0.5000,1.0000,0.0000,1.0000,0.0000,3.3333,21.0000
75,0.0000,0.0000,0.0000,0.0000,0.0000,0.0000,0.0000,0.0000,0.0000,0.0000,3.8961,22.0000
76,1.0000,0.0345,0.0026,2.0000,0.0714,0.0000,1.0000,0.0000,1.0000,0.0000,4.6798,29.0000
77,0.0000,0.0000,0.0000,0.0000,0.0000,0.0000,0.0000,0.0000,0.0000,0.0000,6.8966,30.0000
78,1.0000,0.0286,0.0071,3.5000,0.1162,0.1289,1.0000,0.0000,1.0000,0.0000,5.0420,35.0000
79,0.0000,0.0000,0.0000,0.0000,0.0000,0.0000,0.0000,0.0000,0.0000,0.0000,1.9943,27.0000
80,0.0000,0.0000,0.0000,0.0000,0.0000,0.0000,0.0000,0.0000,0.0000,0.0000,8.3077,26.0000
81,1.0000,0.0323,0.0023,2.0000,0.0667,0.0000,1.0000,0.0000,1.0000,0.0000,6.6667,31.0000
82,0.0000,0.0000,0.0000,0.0000,0.0000,0.0000,0.0000,0.0000,0.0000,0.0000,5.2308,26.0000
83,0.0000,0.0000,0.0000,0.0000,0.0000,0.0000,0.0000,0.0000,0.0000,0.0000,6.8783,28.0000
84,1.0000,0.0333,0.0468,4.5000,0.2005,0.2412,1.0000,0.0000,1.0000,0.0000,6.2069,30.0000
85,1.0000,0.0333,0.0246,5.0000,0.2086,0.2644,1.0000,0.0000,1.0000,0.0000,7.1264,30.0000
86,1.0000,0.0345,0.0053,3.0000,0.1071,0.6116,1.0000,0.0000,1.0000,0.0000,2.2167,29.0000
87,0.0000,0.0000,0.0000,0.0000,0.0000,0.0000,0.0000,0.0000,0.0000,0.0000,6.8783,28.0000
88,1.0000,0.0303,0.0101,3.0000,0.1213,0.0798,1.0000,0.0000,1.0000,0.0000,5.8712,33.0000
89,1.0000,0.0286,0.0036,3.0000,0.0882,0.0000,1.0000,0.0000,1.0000,0.0000,7.0588,35.0000
90,1.0000,0.0294,0.0145,3.3333,0.1103,0.2629,1.0000,0.0000,1.0000,0.0000,3.2086,34.0000
91,0.0000,0.0000,0.0000,0.0000,0.0000,0.0000,0.0000,0.0000,0.0000,0.0000,5.8201,28.0000
92,1.0000,0.0357,0.0306,3.2500,0.1599,0.3522,1.0000,0.0000,1.0000,0.0000,3.9683,28.0000
93,0.0000,0.0000,0.0000,0.0000,0.0000,0.0000,0.0000,0.0000,0.0000,0.0000,3.3846,26.0000
94,0.0000,0.0000,0.0000,0.0000,0.0000,0.0000,0.0000,0.0000,0.0000,0.0000,3.0000,25.0000
95,0.0000,0.0000,0.0000,0.0000,0.0000,0.0000,0.0000,0.0000,0.0000,0.0000,4.0000,25.0000
96,1.0000,0.0370,0.0222,7.0000,0.2735,0.3495,1.0000,0.0000,1.0000,0.0000,7.4074,27.0000
97,1.0000,0.0370,0.0169,4.5000,0.1801,0.1502,1.0000,0.0000,1.0000,0.0000,9.4017,27.0000
98,1.0000,0.0357,0.0171,3.0000,0.1650,0.1699,1.0000,0.0000,1.0000,0.0000,5.8201,28.0000
99,1.0000,0.0400,0.0072,3.0000,0.1250,0.4325,1.0000,0.0000,1.0000,0.0000,3.0000,25.0000
100,1.0000,0.0370,0.0113,2.3333,0.1070,0.2293,1.0000,0.0000,1.0000,0.0000,2.8490,27.0000
101,0.0000,0.0000,0.0000,0.0000,0.0000,0.0000,0.0000,0.0000,0.0000,0.0000,3.3846,26.0000
102,1.0000,0.0345,0.0661,3.6000,0.1787,0.2912,1.0000,0.0000,1.0000,0.0000,5.1724,29.0000
103,0.0000,0.0000,0.0000,0.0000,0.0000,0.0000,0.0000,0.0000,0.0000,0.0000,1.4245,27.0000
104,1.0000,0.0357,0.0085,3.0000,0.1185,0.0000,1.0000,0.0000,1.0000,0.0000,4.2328,28.0000
105,1.0000,0.0357,0.0299,3.5000,0.1704,0.0851,1.0000,0.0000,1.0000,0.0000,10.0529,28.0000
106,1.0000,0.0345,0.0026,2.0000,0.0714,0.7071,1.0000,0.0000,1.0000,0.0000,1.2315,29.0000
107,0.0000,0.0000,0.0000,0.0000,0.0000,0.0000,0.0000,0.0000,0.0000,0.0000,2.6667,25.0000
108,1.0000,0.0370,0.0031,2.0000,0.0769,0.0000,1.0000,0.0000,1.0000,0.0000,11.1111,27.0000
109,0.0000,0.0000,0.0000,0.0000,0.0000,0.0000,0.0000,0.0000,0.0000,0.0000,6.0847,28.0000
110,1.0000,0.0345,0.0088,3.0000,0.1184,0.1069,1.0000,0.0000,1.0000,0.0000,5.4187,29.0000
111,1.0000,0.0400,0.0181,3.0000,0.1667,0.2691,1.0000,0.0000,1.0000,0.0000,4.0000,25.0000
112,1.0000,0.0370,0.0615,4.0000,0.2769,0.0925,1.0000,0.0000,1.0000,0.0000,10.2564,27.0000
113,1.0000,0.0357,0.0028,2.0000,0.0741,0.0000,1.0000,0.0000,1.0000,0.0000,2.6455,28.0000
114,1.0000,0.0357,0.0057,3.0000,0.1111,0.6116,1.0000,0.0000,1.0000,0.0000,2.1164,28.0000
115,1.0000,0.0385,0.0271,4.0000,0.2042,0.2685,1.0000,0.0000,1.0000,0.0000,4.9231,26.0000
116,1.0000,0.0294,0.0398,4.0000,0.1487,0.2088,1.0000,0.0000,1.0000,0.0000,4.8128,34.0000
117,1.0000,0.0323,0.0433,4.0000,0.1944,0.1824,1.5000,146.4979,1.0000,0.0000,6.6667,31.0000
118,0.0000,0.0000,0.0000,0.0000,0.0000,0.0000,0.0000,0.0000,0.0000,0.0000,4.3678,30.0000
119,1.0000,0.0312,0.0222,4.0000,0.1427,0.1507,1.0000,0.0000,1.0000,0.0000,5.8468,32.0000
120,1.0000,0.0294,0.0227,4.0000,0.1485,0.3943,1.0000,0.0000,1.0000,0.0000,3.0303,34.0000
121,1.0000,0.0323,0.0057,3.0000,0.1033,0.2374,1.0000,0.0000,1.0000,0.0000,3.4409,31.0000
122,0.0000,0.0000,0.0000,0.0000,0.0000,0.0000,0.0000,0.0000,0.0000,0.0000,8.1720,31.0000
123,1.0000,0.0345,0.0937,10.0000,0.3673,0.4011,1.0000,0.0000,1.0000,0.0000,10.3448,29.0000
124,1.0000,0.0323,0.0184,4.0000,0.1633,0.1468,1.0000,0.0000,1.0000,0.0000,6.6667,31.0000
125,1.0000,0.0370,0.0197,4.0000,0.1603,0.1589,1.0000,0.0000,1.0000,0.0000,7.4074,27.0000
126,0.0000,0.0000,0.0000,0.0000,0.0000,0.0000,0.0000,0.0000,0.0000,0.0000,3.4483,30.0000
127,1.0000,0.0345,0.0238,3.5000,0.1379,0.3999,1.0000,0.0000,1.0000,0.0000,3.9409,29.0000
128,0.0000,0.0000,0.0000,0.0000,0.0000,0.0000,0.0000,0.0000,0.0000,0.0000,4.7431,23.0000
129,1.0000,0.0385,0.0100,4.0000,0.1600,0.5236,1.0000,0.0000,1.0000,0.0000,2.7692,26.0000
130,0.0000,0.0000,0.0000,0.0000,0.0000,0.0000,0.0000,0.0000,0.0000,0.0000,5.6980,27.0000
131,0.0000,0.0000,0.0000,0.0000,0.0000,0.0000,0.0000,0.0000,0.0000,0.0000,4.9261,29.0000
132,1.0000,0.0303,0.0141,4.0000,0.1667,0.2317,1.0000,0.0000,1.0000,0.0000,4.9242,33.0000
133,1.0000,0.0323,0.0166,2.8000,0.1157,0.1146,1.0000,0.0000,1.0000,0.0000,5.3763,31.0000
134,1.0000,0.0345,0.0159,5.0000,0.1944,0.3377,1.0000,0.0000,1.0000,0.0000,6.1576,29.0000
135,0.0000,0.0000,0.0000,0.0000,0.0000,0.0000,0.0000,0.0000,0.0000,0.0000,4.3678,30.0000
136,0.0000,0.0000,0.0000,0.0000,0.0000,0.0000,0.0000,0.0000,0.0000,0.0000,1.8391,30.0000
137,0.0000,0.0000,0.0000,0.0000,0.0000,0.0000,0.0000,0.0000,0.0000,0.0000,4.7101,24.0000
138,1.0000,0.0435,0.0346,4.0000,0.1970,0.3880,1.0000,0.0000,1.0000,0.0000,5.1383,23.0000
139,0.0000,0.0000,0.0000,0.0000,0.0000,0.0000,0.0000,0.0000,0.0000,0.0000,8.0460,30.0000
140,0.0000,0.0000,0.0000,0.0000,0.0000,0.0000,0.0000,0.0000,0.0000,0.0000,8.7121,33.0000
141,1.0000,0.0303,0.0071,2.5000,0.0917,0.0000,1.0000,0.0000,1.0000,0.0000,2.8409,33.0000
142,0.0000,0.0000,0.0000,0.0000,0.0000,0.0000,0.0000,0.0000,0.0000,0.0000,2.6210,32.0000
143,1.0000,0.0323,0.0069,3.0000,0.1067,0.0000,1.0000,0.0000,1.0000,0.0000,4.5161,31.0000
144,1.0000,0.0323,0.0138,6.0000,0.2042,0.3679,1.0000,0.0000,1.0000,0.0000,5.3763,31.0000
145,1.0000,0.0333,0.0066,3.6667,0.1264,0.1394,1.0000,0.0000,1.0000,0.0000,5.5172,30.0000
146,1.0000,0.0345,0.0088,3.0000,0.1159,0.0001,1.0000,0.0000,1.0000,0.0000,4.1872,29.0000
147,1.0000,0.0417,0.0356,5.0000,0.2236,0.5424,2.0000,1122.4002,1.0000,0.0000,5.4348,24.0000
148,0.0000,0.0000,0.0000,0.0000,0.0000,0.0000,0.0000,0.0000,0.0000,0.0000,3.6923,26.0000
149,1.0000,0.0323,0.0129,2.6000,0.0961,0.2055,1.0000,0.0000,1.0000,0.0000,4.3011,31.0000
150,1.0000,0.0345,0.0132,2.5000,0.1134,0.3440,1.5000,51.2867,1.0000,0.0000,3.6946,29.0000
151,1.0000,0.0385,0.0089,2.3333,0.1127,0.0567,1.0000,0.0000,1.0000,0.0000,6.7692,26.0000
152,1.0000,0.0333,0.0246,3.0000,0.1814,0.1495,1.0000,0.0000,1.0000,0.0000,6.2069,30.0000
153,1.0000,0.0323,0.0023,2.0000,0.0667,0.0000,1.0000,0.0000,1.0000,0.0000,3.0108,31.0000
154,1.0000,0.0345,0.0060,2.2500,0.0881,0.2365,1.0000,0.0000,1.0000,0.0000,3.2020,29.0000
155,0.0000,0.0000,0.0000,0.0000,0.0000,0.0000,0.0000,0.0000,0.0000,0.0000,6.0000,25.0000
156,1.0000,0.0400,0.0290,4.0000,0.1875,0.3777,1.0000,0.0000,1.0000,0.0000,6.0000,25.0000
157,0.0000,0.0000,0.0000,0.0000,0.0000,0.0000,0.0000,0.0000,0.0000,0.0000,4.5584,27.0000
158,1.0000,0.0333,0.0468,3.0000,0.1649,0.1920,1.0000,0.0000,1.0000,0.0000,4.1379,30.0000
159,1.0000,0.0370,0.0123,3.0000,0.1264,0.1358,1.0000,0.0000,1.0000,0.0000,5.9829,27.0000
160,1.0000,0.0312,0.0179,5.0000,0.1877,0.3224,1.0000,0.0000,1.0000,0.0000,4.2339,32.0000
161,1.0000,0.0357,0.0349,3.5000,0.1650,0.4412,1.0000,0.0000,1.0000,0.0000,3.1746,28.0000
162,0.0000,0.0000,0.0000,0.0000,0.0000,0.0000,0.0000,0.0000,0.0000,0.0000,5.2381,21.0000
163,1.0000,0.0370,0.0031,2.0000,0.0769,0.0000,1.0000,0.0000,1.0000,0.0000,2.8490,27.0000
164,0.0000,0.0000,0.0000,0.0000,0.0000,0.0000,0.0000,0.0000,0.0000,0.0000,7.9570,31.0000
165,1.0000,0.0333,0.0160,2.5000,0.1207,0.2210,1.5000,150.8525,1.0000,0.0000,3.2184,30.0000
166,1.0000,0.0323,0.0023,2.0000,0.0667,0.0000,1.0000,0.0000,1.0000,0.0000,2.7957,31.0000
167,1.0000,0.0357,0.0085,4.0000,0.1481,0.5236,1.0000,0.0000,1.0000,0.0000,2.6455,28.0000
168,1.0000,0.0345,0.0093,3.0000,0.1250,0.1346,1.0000,0.0000,1.0000,0.0000,4.1872,29.0000
169,1.0000,0.0370,0.0062,3.0000,0.1154,0.6116,1.0000,0.0000,1.0000,0.0000,2.8490,27.0000
170,0.0000,0.0000,0.0000,0.0000,0.0000,0.0000,0.0000,0.0000,0.0000,0.0000,3.7037,28.0000
171,0.0000,0.0000,0.0000,0.0000,0.0000,0.0000,0.0000,0.0000,0.0000,0.0000,6.5217,24.0000
172,1.0000,0.0357,0.0095,2.6667,0.1208,0.0599,1.0000,0.0000,1.0000,0.0000,8.2011,28.0000
173,1.0000,0.0333,0.0025,2.0000,0.0690,0.0000,1.0000,0.0000,1.0000,0.0000,2.0690,30.0000
174,1.0000,0.0357,0.0228,3.0000,0.1556,0.2384,1.0000,0.0000,1.0000,0.0000,4.2328,28.0000
175,1.0000,0.0385,0.0244,3.0000,0.1450,0.4613,1.3333,75.4262,1.0000,0.0000,4.6154,26.0000
176,1.0000,0.0333,0.0025,2.0000,0.0690,0.7071,2.0000,313.1375,1.0000,0.0000,1.1494,30.0000
177,1.0000,0.0345,0.0062,2.6667,0.1012,0.1054,1.6667,263.0905,1.0000,0.0000,4.9261,29.0000
178,1.0000,0.0333,0.0238,4.0000,0.1856,0.1028,1.0000,0.0000,1.0000,0.0000,11.2644,30.0000
179,1.0000,0.0333,0.0037,2.5000,0.0862,0.3058,1.5000,175.4739,1.0000,0.0000,3.2184,30.0000
180,1.0000,0.0323,0.0138,3.0000,0.1485,0.1792,1.0000,0.0000,1.0000,0.0000,4.5161,31.0000
181,0.0000,0.0000,0.0000,0.0000,0.0000,0.0000,0.0000,0.0000,0.0000,0.0000,5.6650,29.0000
182,1.0000,0.0333,0.0484,2.6667,0.1186,0.2030,1.0000,0.0000,1.0000,0.0000,4.3678,30.0000
183,1.0000,0.0357,0.0028,2.0000,0.0741,0.7071,1.0000,0.0000,1.0000,0.0000,1.3228,28.0000
184,1.0000,0.0435,0.0043,2.0000,0.0909,0.7071,1.0000,0.0000,1.0000,0.0000,2.7668,23.0000
185,1.0000,0.0357,0.0028,2.0000,0.0741,0.0000,1.0000,0.0000,1.0000,0.0000,6.6138,28.0000
186,0.0000,0.0000,0.0000,0.0000,0.0000,0.0000,0.0000,0.0000,0.0000,0.0000,7.1264,30.0000
187,1.0000,0.0400,0.0072,2.3333,0.1042,0.2039,1.0000,0.0000,1.0000,0.0000,2.6667,25.0000
188,1.0000,0.0370,0.0185,6.0000,0.2356,0.3488,1.0000,0.0000,1.0000,0.0000,7.1225,27.0000
189,1.0000,0.0400,0.0217,6.0000,0.2552,0.3488,1.0000,0.0000,1.0000,0.0000,7.3333,25.0000
190,1.0000,0.0400,0.0245,2.5000,0.1296,0.3915,1.0000,0.0000,1.0000,0.0000,3.3333,25.0000
191,1.0000,0.0400,0.0036,2.0000,0.0833,0.0000,2.0000,742.6805,1.0000,0.0000,4.6667,25.0000
192,1.0000,0.0357,0.0133,3.0000,0.1252,0.3334,1.0000,0.0000,1.0000,0.0000,4.2328,28.0000
193,1.0000,0.0370,0.0062,3.0000,0.1154,0.6116,1.0000,0.0000,1.0000,0.0000,2.5641,27.0000
194,1.0000,0.0357,0.0128,2.6667,0.1188,0.2066,1.0000,0.0000,1.0000,0.0000,3.9683,28.0000
195,0.0000,0.0000,0.0000,0.0000,0.0000,0.0000,0.0000,0.0000,0.0000,0.0000,2.6667,25.0000
196,0.0000,0.0000,0.0000,0.0000,0.0000,0.0000,0.0000,0.0000,0.0000,0.0000,8.6154,26.0000
197,0.0000,0.0000,0.0000,0.0000,0.0000,0.0000,0.0000,0.0000,0.0000,0.0000,2.7094,29.0000
198,1.0000,0.0357,0.0684,6.0000,0.2359,0.3751,1.0000,0.0000,1.0000,0.0000,6.6138,28.0000
199,0.0000,0.0000,0.0000,0.0000,0.0000,0.0000,0.0000,0.0000,0.0000,0.0000,6.1576,29.0000
200,0.0000,0.0000,0.0000,0.0000,0.0000,0.0000,0.0000,0.0000,0.0000,0.0000,2.7586,30.0000
201,1.0000,0.0312,0.0452,4.0000,0.1808,0.1612,1.0000,0.0000,1.0000,0.0000,5.8468,32.0000
202,1.0000,0.0357,0.0422,4.5000,0.2468,0.1881,1.0000,0.0000,1.0000,0.0000,9.2593,28.0000
203,1.0000,0.0323,0.0023,2.0000,0.0667,0.0000,1.0000,0.0000,1.0000,0.0000,1.9355,31.0000
204,1.0000,0.0357,0.0242,4.0000,0.1581,0.3922,1.0000,0.0000,1.5000,0.0000,4.4974,28.0000
205,1.0000,0.0357,0.0142,5.0000,0.1905,0.4546,1.0000,0.0000,1.0000,0.0000,3.7037,28.0000
206,1.0000,0.0333,0.0123,2.5000,0.1095,0.3440,1.0000,0.0000,1.0000,0.0000,2.5287,30.0000
207,1.0000,0.0385,0.0089,3.0000,0.1253,0.3768,1.0000,0.0000,1.0000,0.0000,3.3846,26.0000
208,0.0000,0.0000,0.0000,0.0000,0.0000,0.0000,0.0000,0.0000,0.0000,0.0000,1.4245,27.0000
209,1.0000,0.0435,0.0043,2.0000,0.0909,0.0000,1.0000,0.0000,1.0000,0.0000,2.3715,23.0000
210,1.0000,0.0455,0.0095,2.0000,0.1071,0.0000,1.0000,0.0000,1.0000,0.0000,3.0303,22.0000
211,1.0000,0.0385,0.0133,5.0000,0.2000,0.4623,1.0000,0.0000,1.0000,0.0000,6.1538,26.0000
212,1.0000,0.0323,0.0391,5.0000,0.2025,0.2568,1.0000,0.0000,1.0000,0.0000,5.5914,31.0000
213,1.0000,0.0312,0.0638,5.5000,0.2023,0.3969,1.0000,0.0000,1.0000,0.0000,5.0403,32.0000
214,1.0000,0.0357,0.0085,4.0000,0.1481,0.1283,1.3333,86.3685,1.0000,0.0000,7.6720,28.0000
215,1.0000,0.0370,0.0031,2.0000,0.0769,0.0000,1.0000,0.0000,1.0000,0.0000,3.4188,27.0000
216,1.0000,0.0345,0.0522,3.5000,0.1691,0.1324,1.0000,0.0000,1.0000,0.0000,6.1576,29.0000
217,1.0000,0.0333,0.0508,4.0000,0.2427,0.1024,1.0000,0.0000,1.0000,0.0000,10.5747,30.0000
218,1.0000,0.0278,0.0190,3.0000,0.1219,0.1747,1.0000,0.0000,1.0000,0.0000,4.1270,36.0000
219,1.0000,0.0303,0.0020,2.0000,0.0625,0.5000,1.0000,0.0000,1.0000,0.0000,1.1364,33.0000
220,0.0000,0.0000,0.0000,0.0000,0.0000,0.0000,0.0000,0.0000,0.0000,0.0000,9.0909,23.0000
221,1.0000,0.0476,0.0632,4.0000,0.2450,0.3943,1.0000,0.0000,1.0000,0.0000,7.1429,21.0000
222,1.0000,0.0385,0.0033,2.0000,0.0800,0.7071,1.0000,0.0000,1.0000,0.0000,1.2308,26.0000
223,0.0000,0.0000,0.0000,0.0000,0.0000,0.0000,0.0000,0.0000,0.0000,0.0000,2.1538,26.0000
224,0.0000,0.0000,0.0000,0.0000,0.0000,0.0000,0.0000,0.0000,0.0000,0.0000,5.4187,29.0000
225,1.0000,0.0370,0.0723,5.5000,0.2935,0.1501,1.0000,0.0000,1.0000,0.0000,13.6752,27.0000
226,0.0000,0.0000,0.0000,0.0000,0.0000,0.0000,0.0000,0.0000,0.0000,0.0000,2.9101,28.0000
227,1.0000,0.0357,0.0028,2.0000,0.0741,0.0000,1.0000,0.0000,1.0000,0.0000,2.9101,28.0000
228,1.0000,0.0357,0.0142,2.5000,0.1176,0.3440,1.0000,0.0000,1.0000,0.0000,3.1746,28.0000
229,1.0000,0.0370,0.0696,5.0000,0.2505,0.2675,1.0000,0.0000,1.0000,0.0000,6.8376,27.0000
230,0.0000,0.0000,0.0000,0.0000,0.0000,0.0000,0.0000,0.0000,0.0000,0.0000,11.6923,26.0000
231,1.0000,0.0370,0.0791,3.2500,0.1843,0.1667,1.0000,0.0000,1.0000,0.0000,5.4131,27.0000
232,1.0000,0.0455,0.0333,5.0000,0.2771,0.3291,1.0000,0.0000,1.0000,0.0000,8.6580,22.0000
233,1.0000,0.0400,0.0145,3.0000,0.1488,0.3310,1.0000,0.0000,1.0000,0.0000,4.3333,25.0000
234,1.0000,0.0345,0.0172,3.5000,0.1561,0.2922,1.0000,0.0000,1.0000,0.0000,3.9409,29.0000
235,1.0000,0.0333,0.0049,3.0000,0.1034,0.6116,1.0000,0.0000,1.0000,0.0000,3.6782,30.0000
236,1.0000,0.0333,0.0049,2.0000,0.0776,0.0000,1.0000,0.0000,1.0000,0.0000,3.2184,30.0000
237,0.0000,0.0000,0.0000,0.0000,0.0000,0.0000,0.0000,0.0000,0.0000,0.0000,6.4039,29.0000
238,1.0000,0.0385,0.0583,4.2500,0.2144,0.3410,1.0000,0.0000,1.0000,0.0000,5.8462,26.0000
239,1.0000,0.0345,0.0026,2.0000,0.0714,0.0000,1.0000,0.0000,1.0000,0.0000,4.6798,29.0000
240,1.0000,0.0476,0.0053,2.0000,0.1000,0.7071,1.0000,0.0000,1.0000,0.0000,2.3810,21.0000
241,1.0000,0.0476,0.0211,5.0000,0.2500,0.4623,1.0000,0.0000,1.0000,0.0000,5.7143,21.0000
242,0.0000,0.0000,0.0000,0.0000,0.0000,0.0000,0.0000,0.0000,0.0000,0.0000,1.8116,24.0000
243,0.0000,0.0000,0.0000,0.0000,0.0000,0.0000,0.0000,0.0000,0.0000,0.0000,0.4762,21.0000
244,0.0000,0.0000,0.0000,0.0000,0.0000,0.0000,0.0000,0.0000,0.0000,0.0000,1.9048,21.0000
245,0.0000,0.0000,0.0000,0.0000,0.0000,0.0000,0.0000,0.0000,0.0000,0.0000,8.5714,21.0000
246,0.0000,0.0000,0.0000,0.0000,0.0000,0.0000,0.0000,0.0000,0.0000,0.0000,4.3478,24.0000
247,1.0000,0.0455,0.0524,2.5000,0.2082,0.1007,1.0000,0.0000,1.0000,0.0000,9.9567,22.0000
248,0.0000,0.0000,0.0000,0.0000,0.0000,0.0000,0.0000,0.0000,0.0000,0.0000,4.9261,29.0000
249,1.0000,0.0357,0.0328,2.7500,0.1269,0.3265,1.2500,56.9413,1.0000,0.0000,3.7037,28.0000
250,1.0000,0.0385,0.0089,2.3333,0.1049,0.3154,1.0000,0.0000,1.0000,0.0000,2.4615,26.0000
251,1.0000,0.0370,0.0231,2.6667,0.1329,0.3142,1.3333,87.8679,1.0000,0.0000,2.5641,27.0000
252,0.0000,0.0000,0.0000,0.0000,0.0000,0.0000,0.0000,0.0000,0.0000,0.0000,1.8462,26.0000
253,0.0000,0.0000,0.0000,0.0000,0.0000,0.0000,0.0000,0.0000,0.0000,0.0000,3.4188,27.0000
254,1.0000,0.0333,0.0517,5.0000,0.2028,0.2161,1.0000,0.0000,1.0000,0.0000,6.2069,30.0000
255,1.0000,0.0303,0.0586,5.3333,0.2427,0.1310,1.0000,0.0000,1.0000,0.0000,10.4167,33.0000
256,1.0000,0.0345,0.0053,2.0000,0.0804,0.0000,1.5000,336.6319,1.0000,0.0000,3.6946,29.0000
257,0.0000,0.0000,0.0000,0.0000,0.0000,0.0000,0.0000,0.0000,0.0000,0.0000,1.4493,24.0000
258,0.0000,0.0000,0.0000,0.0000,0.0000,0.0000,0.0000,0.0000,0.0000,0.0000,6.0000,25.0000
259,1.0000,0.0357,0.0228,3.0000,0.1765,0.0860,1.0000,0.0000,1.0000,0.0000,7.9365,28.0000
260,1.0000,0.0323,0.0084,2.3333,0.0928,0.2293,1.0000,0.0000,1.0000,0.0000,3.0108,31.0000
261,1.0000,0.0370,0.0062,3.0000,0.1154,0.0000,1.0000,0.0000,1.0000,0.0000,3.7037,27.0000
262,0.0000,0.0000,0.0000,0.0000,0.0000,0.0000,0.0000,0.0000,0.0000,0.0000,4.0000,26.0000
263,1.0000,0.0345,0.0159,5.0000,0.1786,0.5526,1.0000,0.0000,1.0000,0.0000,3.9409,29.0000
264,1.0000,0.0303,0.0326,4.6667,0.1828,0.1184,1.0000,0.0000,1.0000,0.0000,8.1439,33.0000
265,1.0000,0.0357,0.0190,2.6667,0.1370,0.0969,1.0000,0.0000,1.0000,0.0000,7.1429,28.0000
266,1.0000,0.0323,0.0061,2.3333,0.0874,0.0000,1.0000,0.0000,1.0000,0.0000,4.7312,31.0000
267,1.0000,0.0333,0.0164,3.6667,0.1446,0.2808,1.0000,0.0000,1.0000,0.0000,4.5977,30.0000
268,1.0000,0.0333,0.0074,4.0000,0.1379,0.5236,1.0000,0.0000,1.0000,0.0000,3.6782,30.0000
269,1.0000,0.0312,0.0032,2.5000,0.0806,0.0000,1.0000,0.0000,1.0000,0.0000,4.0323,32.0000
270,0.0000,0.0000,0.0000,0.0000,0.0000,0.0000,0.0000,0.0000,0.0000,0.0000,3.8710,31.0000
271,1.0000,0.0345,0.0079,2.6667,0.1056,0.3156,1.0000,0.0000,1.0000,0.0000,2.9557,29.0000
272,1.0000,0.0385,0.0067,3.0000,0.1200,0.0000,1.0000,0.0000,1.0000,0.0000,6.1538,26.0000
273,1.0000,0.0400,0.0592,3.3333,0.1974,0.2390,1.0000,0.0000,1.0000,0.0000,6.3333,25.0000
274,0.0000,0.0000,0.0000,0.0000,0.0000,0.0000,0.0000,0.0000,0.0000,0.0000,2.4615,26.0000
275,0.0000,0.0000,0.0000,0.0000,0.0000,0.0000,0.0000,0.0000,0.0000,0.0000,7.0769,26.0000
276,1.0000,0.0370,0.0112,2.7500,0.1182,0.2075,1.0000,0.0000,1.2500,0.0000,3.9886,27.0000
277,1.0000,0.0385,0.0033,2.0000,0.0800,0.0000,1.0000,0.0000,1.0000,0.0000,6.4615,26.0000
278,1.0000,0.0417,0.0138,2.5000,0.1254,0.1236,1.0000,0.0000,1.0000,0.0000,6.1594,24.0000
279,1.0000,0.0400,0.0048,2.3333,0.0972,0.2039,1.0000,0.0000,1.0000,0.0000,3.3333,25.0000
280,1.0000,0.0385,0.0033,2.0000,0.0800,0.0000,2.0000,281.4613,1.0000,0.0000,4.0000,26.0000
281,1.0000,0.0417,0.0040,2.0000,0.0870,0.0000,1.0000,0.0000,1.0000,0.0000,4.7101,24.0000
282,1.0000,0.0455,0.0714,6.0000,0.3048,0.4155,1.0000,0.0000,1.0000,0.0000,8.6580,22.0000
283,1.0000,0.0400,0.0036,2.0000,0.0833,0.7071,1.0000,0.0000,1.0000,0.0000,2.3333,25.0000
284,1.0000,0.0370,0.0092,4.0000,0.1538,0.5236,1.0000,0.0000,1.0000,0.0000,3.4188,27.0000
285,1.0000,0.0333,0.0181,2.3333,0.1086,0.2626,1.0000,0.0000,1.0000,0.0000,2.5287,30.0000
286,1.0000,0.0294,0.0114,3.0000,0.1142,0.2471,1.0000,0.0000,1.0000,0.0000,4.0998,34.0000
287,1.0000,0.0323,0.0054,2.6667,0.0944,0.1745,1.0000,0.0000,1.0000,0.0000,2.3656,31.0000
288,1.0000,0.0357,0.0242,3.5000,0.1574,0.3803,1.5000,415.4428,1.0000,0.0000,4.4974,28.0000
289,1.0000,0.0357,0.0152,2.3333,0.1127,0.5053,1.0000,0.0000,1.3333,0.0000,2.9101,28.0000
290,0.0000,0.0000,0.0000,0.0000,0.0000,0.0000,0.0000,0.0000,0.0000,0.0000,4.7101,24.0000
291,1.0000,0.0417,0.0316,2.5000,0.1679,0.1905,1.0000,0.0000,1.0000,0.0000,5.4348,24.0000
292,1.0000,0.0345,0.0331,3.5000,0.1794,0.1599,1.5000,93.2683,1.0000,0.0000,7.1429,29.0000
293,1.0000,0.0323,0.0046,3.0000,0.1000,0.0000,1.0000,0.0000,1.0000,0.0000,11.8280,31.0000
294,1.0000,0.0323,0.0038,2.0000,0.0722,0.0000,1.0000,0.0000,1.0000,0.0000,3.8710,31.0000
295,1.0000,0.0345,0.0247,3.0000,0.1434,0.2056,1.0000,0.0000,1.0000,0.0000,3.9409,29.0000
296,0.0000,0.0000,0.0000,0.0000,0.0000,0.0000,0.0000,0.0000,0.0000,0.0000,3.9409,29.0000
297,0.0000,0.0000,0.0000,0.0000,0.0000,0.0000,0.0000,0.0000,0.0000,0.0000,8.7302,28.0000
298,1.0000,0.0323,0.0230,5.0000,0.2123,0.2370,1.0000,0.0000,1.0000,0.0000,7.0968,31.0000
299,0.0000,0.0000,0.0000,0.0000,0.0000,0.0000,0.0000,0.0000,0.0000,0.0000,3.7037,28.0000
300,1.0000,0.0333,0.0312,3.6667,0.1551,0.4079,1.0000,0.0000,1.0000,0.0000,4.1379,30.0000
301,0.0000,0.0000,0.0000,0.0000,0.0000,0.0000,0.0000,0.0000,0.0000,0.0000,7.0769,26.0000
302,1.0000,0.0345,0.0060,2.5000,0.0952,0.1036,1.0000,0.0000,1.0000,0.0000,4.1872,29.0000
303,1.0000,0.0323,0.0471,4.0000,0.1818,0.0742,1.0000,0.0000,1.0000,0.0000,12.4731,31.0000
304,1.0000,0.0294,0.0066,2.5000,0.0889,0.0000,1.0000,0.0000,1.0000,0.0000,6.5954,34.0000
305,0.0000,0.0000,0.0000,0.0000,0.0000,0.0000,0.0000,0.0000,0.0000,0.0000,4.4444,36.0000
306,1.0000,0.0323,0.0077,2.0000,0.0804,0.5258,1.0000,0.0000,1.0000,0.0000,1.7204,31.0000
307,0.0000,0.0000,0.0000,0.0000,0.0000,0.0000,0.0000,0.0000,0.0000,0.0000,6.1538,26.0000
308,1.0000,0.0357,0.0342,6.0000,0.2269,0.4857,1.0000,0.0000,1.0000,0.0000,4.7619,28.0000
309,0.0000,0.0000,0.0000,0.0000,0.0000,0.0000,0.0000,0.0000,0.0000,0.0000,3.4188,27.0000
310,1.0000,0.0357,0.0456,3.0000,0.1789,0.1145,1.0000,0.0000,1.0000,0.0000,6.0847,28.0000
311,0.0000,0.0000,0.0000,0.0000,0.0000,0.0000,0.0000,0.0000,0.0000,0.0000,3.6667,25.0000
312,0.0000,0.0000,0.0000,0.0000,0.0000,0.0000,0.0000,0.0000,0.0000,0.0000,4.9261,29.0000
313,0.0000,0.0000,0.0000,0.0000,0.0000,0.0000,0.0000,0.0000,0.0000,0.0000,5.1948,22.0000
314,0.0000,0.0000,0.0000,0.0000,0.0000,0.0000,0.0000,0.0000,0.0000,0.0000,2.8571,21.0000
315,1.0000,0.0455,0.0381,4.0000,0.2143,0.3001,1.0000,0.0000,1.0000,0.0000,8.2251,22.0000
316,1.0000,0.0345,0.0123,2.3333,0.1071,0.1473,1.0000,0.0000,1.0000,0.0000,3.4483,29.0000
317,1.0000,0.0323,0.0115,3.0000,0.1215,0.3566,1.0000,0.0000,1.0000,0.0000,2.7957,31.0000
318,1.0000,0.0435,0.0152,3.0000,0.1402,0.2667,1.0000,0.0000,1.0000,0.0000,4.7431,23.0000
319,0.0000,0.0000,0.0000,0.0000,0.0000,0.0000,0.0000,0.0000,0.0000,0.0000,7.6087,24.0000
320,1.0000,0.0370,0.0338,2.5000,0.1207,0.3023,1.0000,0.0000,1.0000,0.0000,3.7037,27.0000
321,1.0000,0.0385,0.0233,4.0000,0.2133,0.2063,1.0000,0.0000,1.0000,0.0000,7.3846,26.0000
322,0.0000,0.0000,0.0000,0.0000,0.0000,0.0000,0.0000,0.0000,0.0000,0.0000,4.7431,23.0000
323,1.0000,0.0455,0.0405,3.5000,0.2024,0.3803,1.0000,0.0000,1.0000,0.0000,4.7619,22.0000
324,1.0000,0.0455,0.0095,3.0000,0.1429,0.6116,1.0000,0.0000,1.0000,0.0000,3.4632,22.0000
325,1.0000,0.0417,0.0138,2.5000,0.1275,0.4731,1.0000,0.0000,1.0000,0.0000,2.1739,24.0000
326,0.0000,0.0000,0.0000,0.0000,0.0000,0.0000,0.0000,0.0000,0.0000,0.0000,6.3241,23.0000
327,0.0000,0.0000,0.0000,0.0000,0.0000,0.0000,0.0000,0.0000,0.0000,0.0000,3.4632,22.0000
328,0.0000,0.0000,0.0000,0.0000,0.0000,0.0000,0.0000,0.0000,0.0000,0.0000,4.7431,23.0000
329,1.0000,0.0370,0.0287,3.0000,0.1365,0.0001,1.0000,0.0000,1.0000,0.0000,5.1282,27.0000
330,1.0000,0.0333,0.0805,7.0000,0.2840,0.2388,1.0000,0.0000,1.0000,0.0000,11.0345,30.0000
331,1.0000,0.0323,0.0322,3.0000,0.1316,0.1004,1.2500,7.6266,1.0000,0.0000,4.5161,31.0000
332,1.0000,0.0333,0.0049,3.0000,0.1034,0.6116,1.0000,0.0000,1.0000,0.0000,3.4483,30.0000
333,1.0000,0.0345,0.0661,4.0000,0.2101,0.2655,1.0000,0.0000,1.0000,0.0000,7.3892,29.0000
334,1.0000,0.0345,0.0026,2.0000,0.0714,0.0000,1.0000,0.0000,1.0000,0.0000,8.1281,29.0000
335,1.0000,0.0323,0.0046,2.0000,0.0750,0.0000,1.5000,281.0147,1.0000,0.0000,6.8817,31.0000
336,1.0000,0.0323,0.0023,2.0000,0.0667,0.0000,1.0000,0.0000,1.0000,0.0000,7.5269,31.0000
337,1.0000,0.0333,0.0049,3.0000,0.1034,0.6116,1.0000,0.0000,1.0000,0.0000,1.8391,30.0000
338,1.0000,0.0345,0.0040,2.5000,0.0893,0.0000,1.0000,0.0000,1.0000,0.0000,6.8966,29.0000
339,1.0000,0.0312,0.0231,3.0000,0.1202,0.2648,1.0000,0.0000,1.0000,0.0000,3.2258,32.0000
340,1.0000,0.0345,0.0040,2.5000,0.0893,0.0000,1.0000,0.0000,1.0000,0.0000,3.4483,29.0000
341,1.0000,0.0333,0.0049,3.0000,0.1034,0.2618,1.0000,0.0000,1.0000,0.0000,2.9885,30.0000
342,1.0000,0.0417,0.1065,3.0000,0.1889,0.1044,1.1667,180.6124,1.0000,0.0000,7.9710,24.0000
343,1.0000,0.0385,0.0200,2.6667,0.1280,0.2619,1.3333,119.8558,1.0000,0.0000,3.6923,26.0000
344,0.0000,0.0000,0.0000,0.0000,0.0000,0.0000,0.0000,0.0000,0.0000,0.0000,7.3684,20.0000
345,0.0000,0.0000,0.0000,0.0000,0.0000,0.0000,0.0000,0.0000,0.0000,0.0000,5.7895,20.0000
346,1.0000,0.0500,0.0097,2.0000,0.1140,0.4010,1.0000,0.0000,1.0000,0.0000,4.2105,20.0000
347,0.0000,0.0000,0.0000,0.0000,0.0000,0.0000,0.0000,0.0000,0.0000,0.0000,9.5238,21.0000
348,1.0000,0.0400,0.0229,3.6667,0.1963,0.1342,1.0000,0.0000,1.0000,0.0000,11.0000,25.0000
349,0.0000,0.0000,0.0000,0.0000,0.0000,0.0000,0.0000,0.0000,0.0000,0.0000,1.6092,30.0000
350,0.0000,0.0000,0.0000,0.0000,0.0000,0.0000,0.0000,0.0000,0.0000,0.0000,0.3333,25.0000
351,0.0000,0.0000,0.0000,0.0000,0.0000,0.0000,0.0000,0.0000,0.0000,0.0000,3.9526,23.0000
352,1.0000,0.0385,0.0100,3.0000,0.1280,0.0000,1.0000,0.0000,1.0000,0.0000,4.3077,26.0000
353,0.0000,0.0000,0.0000,0.0000,0.0000,0.0000,0.0000,0.0000,0.0000,0.0000,1.3333,25.0000
354,1.0000,0.0357,0.0095,3.0000,0.1218,0.1745,1.0000,0.0000,1.0000,0.0000,3.9683,28.0000
355,1.0000,0.0357,0.0399,2.5000,0.1840,0.0579,1.0000,0.0000,1.0000,0.0000,8.2011,28.0000
356,1.0000,0.0357,0.0100,2.5000,0.1195,0.0000,1.0000,0.0000,1.0000,0.0000,11.6402,28.0000
357,1.0000,0.0312,0.0898,4.0000,0.1932,0.1518,1.3333,171.5951,1.3333,0.0000,6.0484,32.0000
358,1.0000,0.0333,0.0049,3.0000,0.1034,0.6116,1.0000,0.0000,1.0000,0.0000,2.9885,30.0000
359,0.0000,0.0000,0.0000,0.0000,0.0000,0.0000,0.0000,0.0000,0.0000,0.0000,4.1872,29.0000
360,1.0000,0.0233,0.0128,3.2500,0.1078,0.0777,1.0000,0.0000,1.0000,0.0000,5.2049,43.0000
361,1.0000,0.0179,0.0024,2.5714,0.0562,0.0085,1.0000,0.0000,1.0000,0.0000,4.2857,56.0000
362,1.0000,0.0152,0.0160,3.6667,0.1169,0.0304,1.0000,0.0000,1.0000,0.0000,5.9674,66.0000
363,1.0000,0.0135,0.0008,2.6667,0.0373,0.0000,1.3333,174.7340,1.0000,0.0000,4.0726,74.0000
364,1.0000,0.0141,0.0260,3.1429,0.0872,0.0276,1.0000,0.0000,1.0000,0.0000,2.9779,71.0000
365,1.0000,0.0167,0.0053,2.6667,0.0805,0.0065,1.0000,0.0000,1.0000,0.0000,9.1525,60.0000
366,1.0000,0.0137,0.0016,2.0000,0.0336,0.0000,1.0000,0.0000,1.0000,0.0000,4.8326,73.0000
367,1.0000,0.0130,0.0060,3.0000,0.0627,0.0210,1.0000,0.0000,1.1250,0.0000,3.9986,77.0000
368,1.0000,0.0139,0.0188,3.7778,0.0712,0.0591,1.1111,114.6117,1.0000,0.0000,3.2081,72.0000
369,1.0000,0.0147,0.0399,4.0000,0.1219,0.0407,1.1818,39.5950,1.0909,0.0000,5.7507,68.0000
370,1.0000,0.0135,0.0048,3.7778,0.0683,0.0039,1.0000,0.0000,1.0000,0.0000,4.4428,74.0000
371,1.0000,0.0139,0.0105,3.2857,0.0812,0.0442,1.1429,109.2306,1.0000,0.0000,4.4210,72.0000
372,1.0000,0.0141,0.0096,3.8333,0.0909,0.0482,1.1667,40.0071,1.0000,0.0000,4.4668,71.0000
373,1.0000,0.0156,0.0205,2.7500,0.0770,0.0000,1.5000,111.6053,1.0000,0.0000,6.3492,64.0000
374,1.0000,0.0143,0.0671,4.1667,0.1159,0.0059,1.3333,122.9287,1.0000,0.0000,6.0870,70.0000
375,1.0000,0.0156,0.0251,4.7500,0.1012,0.0986,1.0000,0.0000,1.0000,0.0000,4.6627,64.0000
376,1.0000,0.0141,0.0074,3.8333,0.0878,0.0726,1.1667,137.7463,1.0000,0.0000,3.0584,71.0000
377,1.0000,0.0143,0.0164,4.0000,0.0881,0.0215,1.0000,0.0000,1.2500,0.0000,5.6729,70.0000
378,1.0000,0.0132,0.0154,3.7500,0.0853,0.0233,1.0000,0.0000,1.0000,0.0000,4.7018,76.0000
379,1.0000,0.0130,0.0041,4.5714,0.0762,0.0345,1.0000,0.0000,1.0000,0.0000,6.9036,77.0000
380,1.0000,0.0123,0.0412,4.5000,0.1365,0.0213,1.0000,0.0000,1.0000,0.0000,7.9938,81.0000
381,1.0000,0.0122,0.0143,3.5000,0.0767,0.0346,1.0000,0.0000,1.0000,0.0000,4.1554,82.0000
382,1.0000,0.0125,0.0156,3.4286,0.0937,0.0192,1.2857,165.4931,1.0000,0.0000,4.2089,80.0000
383,1.0000,0.0123,0.0207,3.7273,0.0895,0.0296,1.1818,31.9955,1.0000,0.0000,5.1852,81.0000
384,1.0000,0.0118,0.0004,2.5000,0.0298,0.0000,1.5000,174.0494,1.0000,0.0000,5.3782,85.0000
385,1.0000,0.0135,0.0093,2.8000,0.0612,0.0055,1.0000,0.0000,1.1000,0.0000,3.7023,74.0000
386,1.0000,0.0135,0.0040,2.2500,0.0581,0.0004,1.0000,0.0000,1.0000,0.0000,9.0337,74.0000
387,1.0000,0.0119,0.0219,4.2857,0.1175,0.0290,1.2857,90.4457,1.0000,0.0000,5.5938,84.0000
388,1.0000,0.0127,0.0124,2.9000,0.0608,0.0020,1.3000,88.2742,1.0000,0.0000,6.2642,79.0000
389,1.0000,0.0145,0.0022,2.5000,0.0467,0.0000,1.0000,0.0000,1.0000,0.0000,7.2890,69.0000
390,1.0000,0.0152,0.0043,4.0000,0.0648,0.0676,1.0000,0.0000,1.0000,0.0000,2.8904,66.0000
391,1.0000,0.0143,0.0211,2.4286,0.1085,0.0083,1.0000,0.0000,1.0000,0.0000,5.8799,70.0000
392,1.0000,0.0141,0.0008,3.0000,0.0429,0.0000,1.0000,0.0000,1.0000,0.0000,4.2254,71.0000
393,1.0000,0.0132,0.0449,5.0000,0.1096,0.0465,1.0000,0.0000,1.0000,0.0000,5.2632,76.0000
394,1.0000,0.0132,0.0055,2.8333,0.0652,0.0140,1.1667,51.2984,1.0000,0.0000,7.7544,76.0000
395,1.0000,0.0120,0.0049,3.8889,0.0665,0.0095,1.0000,0.0000,1.0000,0.0000,4.2022,83.0000
396,1.0000,0.0123,0.0107,3.0000,0.0765,0.0063,1.0000,0.0000,1.2222,0.0000,6.5432,81.0000
397,1.0000,0.0122,0.0121,3.0000,0.1340,0.0226,1.0000,0.0000,1.0000,0.0000,5.6007,82.0000
398,1.0000,0.0130,0.0089,2.3000,0.0569,0.0025,1.0000,0.0000,1.0000,0.0000,4.2379,77.0000
399,1.0000,0.0137,0.0266,4.5714,0.1250,0.0557,1.1429,43.0724,1.0000,0.0000,4.5662,73.0000
400,1.0000,0.0152,0.0087,3.0000,0.0634,0.0131,1.3333,335.4438,1.1667,0.0000,4.4755,66.0000
401,1.0000,0.0152,0.0010,2.2500,0.0373,0.0000,1.0000,0.0000,1.0000,0.0000,4.8951,66.0000
402,1.0000,0.0152,0.0049,3.4444,0.0750,0.0282,1.0000,0.0000,1.0000,0.0000,6.2005,66.0000
403,1.0000,0.0141,0.0190,5.0000,0.1080,0.0565,1.0000,0.0000,1.0000,0.0000,6.4386,71.0000
404,1.0000,0.0135,0.0220,4.0000,0.1081,0.0321,1.0000,0.0000,1.0000,0.0000,3.3321,74.0000
405,1.0000,0.0145,0.0313,4.0000,0.0911,0.0345,1.0000,0.0000,1.0000,0.0000,4.4331,69.0000
406,1.0000,0.0135,0.0405,2.7273,0.0925,0.0035,1.0909,45.2043,1.0000,0.0000,6.0348,74.0000
407,1.0000,0.0130,0.0026,3.1429,0.0532,0.0005,1.1429,59.7601,1.0000,0.0000,6.5619,77.0000
408,1.0000,0.0120,0.0102,3.1667,0.0556,0.0198,1.0833,45.4849,1.0000,0.0000,4.3491,83.0000
409,1.0000,0.0123,0.0209,4.3750,0.0894,0.0212,1.1250,65.7920,1.0000,0.0000,7.0988,81.0000
410,1.0000,0.0122,0.0007,2.4000,0.0323,0.0000,1.6000,247.6693,1.0000,0.0000,6.9256,82.0000
411,1.0000,0.0123,0.0103,4.0000,0.0941,0.0256,1.0000,0.0000,1.0000,0.0000,5.0309,81.0000
412,1.0000,0.0133,0.0062,2.7500,0.0668,0.0008,1.0000,0.0000,1.0000,0.0000,4.1081,75.0000
413,1.0000,0.0128,0.0205,4.7143,0.1162,0.0679,1.0000,0.0000,1.0000,0.0000,4.8951,78.0000
414,1.0000,0.0130,0.0093,2.5000,0.0648,0.0200,1.0000,0.0000,1.0000,0.0000,4.4087,77.0000
415,1.0000,0.0141,0.0163,3.0000,0.0767,0.0019,1.0000,0.0000,1.1429,0.0000,8.4909,71.0000
416,1.0000,0.0133,0.0252,4.6250,0.0917,0.0510,1.2500,137.1329,1.0000,0.0000,4.9009,75.0000
417,1.0000,0.0122,0.0114,3.1667,0.0715,0.0081,1.0000,0.0000,1.0000,0.0000,4.2156,82.0000
418,1.0000,0.0120,0.0099,3.6667,0.0769,0.0321,1.3333,157.9118,1.1667,0.0000,4.7311,83.0000
419,1.0000,0.0120,0.0011,2.6667,0.0361,0.0000,1.0000,0.0000,1.0000,0.0000,4.5254,83.0000
420,1.0000,0.0125,0.0011,2.6667,0.0374,0.0000,1.0000,0.0000,1.3333,0.0000,6.3924,80.0000
421,1.0000,0.0130,0.0006,2.6667,0.0351,0.0000,1.3333,223.5337,1.0000,0.0000,7.2454,77.0000
422,1.0000,0.0152,0.0238,3.2857,0.0999,0.0186,1.0000,0.0000,1.0000,0.0000,5.5012,66.0000
423,1.0000,0.0139,0.0074,3.3333,0.0660,0.0154,1.1111,109.0954,1.0000,0.0000,5.3991,72.0000
424,1.0000,0.0127,0.0168,8.6667,0.1291,0.1439,1.0000,0.0000,1.0000,0.0000,4.9335,79.0000
425,1.0000,0.0141,0.0035,2.7500,0.0652,0.0048,1.2500,127.5684,1.0000,0.0000,6.2374,71.0000
426,1.0000,0.0125,0.0113,3.8571,0.0740,0.0255,1.0000,0.0000,1.1429,0.0000,4.7785,80.0000
427,1.0000,0.0125,0.0177,4.0714,0.0804,0.0332,1.1429,48.1279,1.0000,0.0000,3.4494,80.0000
428,1.0000,0.0154,0.0033,3.0000,0.0591,0.0078,1.0000,0.0000,1.0000,0.0000,3.9423,65.0000
429,1.0000,0.0137,0.0142,3.2500,0.0709,0.0164,1.0000,0.0000,1.0000,0.0000,6.3927,73.0000
430,1.0000,0.0137,0.0016,4.0000,0.0579,0.0000,1.0000,0.0000,1.0000,0.0000,5.0989,73.0000
431,1.0000,0.0139,0.0077,2.8333,0.0669,0.0060,1.3333,233.3181,1.0000,0.0000,5.1643,72.0000
432,1.0000,0.0130,0.0005,2.5000,0.0329,0.0000,1.5000,76.4202,1.0000,0.0000,4.6480,77.0000
433,1.0000,0.0139,0.0079,3.2500,0.0839,0.0132,1.0000,0.0000,1.2500,0.0000,5.4382,72.0000
434,1.0000,0.0143,0.0169,3.6250,0.0844,0.0232,1.0000,0.0000,1.0000,0.0000,5.3830,70.0000
435,1.0000,0.0143,0.0032,2.7500,0.0588,0.0130,1.0000,0.0000,1.2500,0.0000,5.3830,70.0000
436,1.0000,0.0133,0.0028,2.2857,0.0379,0.0000,1.1429,102.5594,1.0000,0.0000,3.7477,75.0000
437,1.0000,0.0127,0.0043,2.5556,0.0459,0.0000,1.0000,0.0000,1.1111,0.0000,2.7264,79.0000
438,1.0000,0.0143,0.0071,3.2222,0.0727,0.0234,1.2222,186.1096,1.0000,0.0000,5.3830,70.0000
439,1.0000,0.0133,0.0035,3.5000,0.0628,0.0000,1.1667,83.6024,1.0000,0.0000,4.3964,75.0000
440,1.0000,0.0133,0.0528,6.1667,0.1231,0.0320,1.0000,0.0000,1.0000,0.0000,7.7477,75.0000
441,1.0000,0.0120,0.0005,2.3333,0.0295,0.0000,1.1667,159.8173,1.0000,0.0000,6.6118,83.0000
442,1.0000,0.0127,0.0017,3.2857,0.0492,0.0168,1.0000,0.0000,1.0000,0.0000,4.9010,79.0000
443,1.0000,0.0132,0.0040,3.6000,0.0631,0.0882,1.2000,69.5825,1.0000,0.0000,2.3509,76.0000
444,1.0000,0.0152,0.0005,2.0000,0.0308,0.0000,1.0000,0.0000,1.0000,0.0000,3.7296,66.0000
445,1.0000,0.0135,0.0025,2.5000,0.0461,0.0002,1.1667,114.3418,1.0000,0.0000,5.1092,74.0000
446,1.0000,0.0133,0.0004,2.0000,0.0270,0.0000,1.0000,0.0000,1.0000,0.0000,8.4685,75.0000
447,1.0000,0.0122,0.0169,4.7500,0.0965,0.0000,1.0000,0.0000,1.0000,0.0000,11.6832,82.0000
448,1.0000,0.0114,0.0220,4.2000,0.1014,0.0000,1.0000,0.0000,1.0000,0.0000,14.1066,88.0000
449,1.0000,0.0103,0.0658,3.5000,0.0969,0.0001,1.0000,0.0000,1.0000,0.0000,13.4021,97.0000
450,1.0000,0.0089,0.0366,3.8000,0.1147,0.0000,1.0000,0.0000,1.4000,0.0000,10.8912,112.0000
451,1.0000,0.0090,0.0057,5.2857,0.0717,0.0128,1.0000,0.0000,1.0000,0.0000,7.5839,111.0000
452,1.0000,0.0106,0.0092,3.5000,0.0640,0.0254,1.0625,28.7440,1.0000,0.0000,3.4775,94.0000
453,1.0000,0.0125,0.0084,2.5455,0.0523,0.0058,1.0909,26.2058,1.0000,0.0000,5.0949,80.0000
454,1.0000,0.0132,0.0235,3.4000,0.0768,0.0127,1.0000,0.0000,1.0000,0.0000,4.3509,76.0000
455,1.0000,0.0135,0.0108,3.0000,0.0815,0.0155,1.0000,0.0000,1.0000,0.0000,5.9237,74.0000
456,1.0000,0.0128,0.0041,3.0000,0.0624,0.0109,1.0000,0.0000,1.0000,0.0000,5.7942,78.0000
457,1.0000,0.0139,0.0097,3.4000,0.0718,0.0478,1.0000,0.0000,1.0000,0.0000,2.8169,72.0000
458,1.0000,0.0159,0.0095,2.6667,0.0553,0.0429,1.0000,0.0000,1.0000,0.0000,3.0210,63.0000
459,1.0000,0.0169,0.0375,5.0000,0.1553,0.0399,1.0000,0.0000,1.0000,0.0000,8.1239,59.0000
460,1.0000,0.0145,0.0256,3.4286,0.1101,0.0534,1.0000,0.0000,1.0000,0.0000,3.4953,69.0000
461,1.0000,0.0141,0.0006,2.0000,0.0304,0.0000,1.0000,0.0000,1.0000,0.0000,5.3521,71.0000
462,1.0000,0.0145,0.0115,4.0000,0.1142,0.0359,1.1667,103.7991,1.0000,0.0000,6.2234,69.0000
463,1.0000,0.0137,0.0140,5.3333,0.1576,0.0535,1.3333,204.2622,1.0000,0.0000,6.0502,73.0000
464,1.0000,0.0143,0.0063,4.0000,0.0859,0.0445,1.0000,0.0000,1.0000,0.0000,5.2588,70.0000
465,1.0000,0.0125,0.0005,2.5000,0.0316,0.0000,1.0000,0.0000,1.0000,0.0000,5.8544,80.0000
466,1.0000,0.0123,0.0215,4.6667,0.1226,0.0172,1.0000,0.0000,1.0000,0.0000,7.6235,81.0000
467,1.0000,0.0132,0.0206,3.7500,0.0758,0.0222,1.0000,0.0000,1.0000,0.0000,4.7719,76.0000
468,1.0000,0.0132,0.0082,3.7500,0.0685,0.0548,1.1667,57.4382,1.0000,0.0000,3.4386,76.0000
469,1.0000,0.0133,0.0079,3.7143,0.0751,0.0231,1.0000,0.0000,1.0000,0.0000,4.1441,75.0000
470,1.0000,0.0137,0.0193,2.5714,0.0631,0.0019,1.0000,0.0000,1.1429,0.0000,4.5662,73.0000
471,1.0000,0.0145,0.0065,2.5000,0.0614,0.0067,1.1000,52.7152,1.0000,0.0000,4.9872,69.0000
472,1.0000,0.0149,0.0227,3.6667,0.1156,0.0347,1.1667,50.1795,1.0000,0.0000,6.8747,67.0000
473,1.0000,0.0145,0.0069,3.2500,0.0712,0.0181,1.0000,0.0000,1.0000,0.0000,4.6462,69.0000
474,1.0000,0.0149,0.0005,2.0000,0.0303,0.0000,1.0000,0.0000,1.0000,0.0000,3.7087,67.0000
475,1.0000,0.0137,0.0090,4.1250,0.0773,0.0377,1.0000,0.0000,1.0000,0.0000,4.1096,73.0000
476,1.0000,0.0133,0.0036,4.0000,0.0700,0.0544,1.1818,83.6153,1.0000,0.0000,3.9640,75.0000
477,1.0000,0.0139,0.0132,5.5000,0.1094,0.0665,1.0000,0.0000,1.0000,0.0000,4.8905,72.0000
478,1.0000,0.0143,0.0257,3.6250,0.0871,0.0050,1.0000,0.0000,1.0000,0.0000,5.5901,70.0000
479,1.0000,0.0123,0.0233,3.2000,0.1059,0.0014,1.2000,85.3900,1.2000,0.0000,7.6235,81.0000
480,1.0000,0.0133,0.0086,3.0000,0.0733,0.0089,1.1000,42.1156,1.1000,0.0000,5.6577,75.0000
481,1.0000,0.0133,0.0025,3.0000,0.0537,0.0013,1.4286,262.3790,1.1429,0.0000,3.8198,75.0000
482,1.0000,0.0135,0.0181,3.1250,0.1046,0.0130,1.3750,241.4559,1.1250,0.0000,6.9974,74.0000
483,1.0000,0.0130,0.0012,2.6667,0.0389,0.0000,1.0000,0.0000,1.3333,0.0000,4.6138,77.0000
484,1.0000,0.0132,0.0172,3.4444,0.0916,0.0375,1.0000,0.0000,1.0000,0.0000,4.1754,76.0000
485,1.0000,0.0132,0.0024,2.5000,0.0492,0.0058,1.0000,0.0000,1.0000,0.0000,4.8772,76.0000
486,1.0000,0.0145,0.0034,2.8333,0.0621,0.0147,1.0000,0.0000,1.0000,0.0000,3.7937,69.0000
487,1.0000,0.0159,0.0053,2.5000,0.0782,0.0230,1.0000,0.0000,1.0000,0.0000,5.3763,63.0000
488,1.0000,0.0133,0.0111,3.0000,0.0827,0.0043,1.2500,179.4431,1.0000,0.0000,4.2523,75.0000
489,1.0000,0.0159,0.0005,2.0000,0.0323,0.0000,1.0000,0.0000,1.0000,0.0000,4.6083,63.0000
490,1.0000,0.0172,0.0127,4.2000,0.1318,0.0789,1.0000,0.0000,1.0000,0.0000,5.0817,58.0000
491,1.0000,0.0161,0.0116,2.8750,0.0670,0.0402,1.0000,0.0000,1.0000,0.0000,2.5912,62.0000
492,1.0000,0.0161,0.0005,2.0000,0.0328,0.0000,1.0000,0.0000,1.0000,0.0000,6.9276,62.0000
493,1.0000,0.0137,0.0229,4.0000,0.1171,0.0471,1.0000,0.0000,1.0000,0.0000,4.1096,73.0000
494,1.0000,0.0128,0.0107,4.2000,0.0795,0.0076,1.2000,96.3162,1.0000,0.0000,5.5278,78.0000
495,1.0000,0.0132,0.0040,3.4000,0.0657,0.0050,1.0000,0.0000,1.2000,0.0000,5.7193,76.0000
496,1.0000,0.0132,0.0139,3.8000,0.1213,0.0206,1.0000,0.0000,1.0000,0.0000,7.0877,76.0000
497,1.0000,0.0135,0.0085,3.0000,0.0711,0.0084,1.0000,0.0000,1.0000,0.0000,4.6649,74.0000
498,1.0000,0.0141,0.0325,3.0000,0.1003,0.0076,1.3333,134.1816,1.1667,0.0000,5.1509,71.0000
499,1.0000,0.0149,0.0067,2.8750,0.0565,0.0018,1.0000,0.0000,1.0000,0.0000,7.5984,67.0000
500,1.0000,0.0149,0.0101,3.0000,0.0607,0.0535,1.1250,139.2284,1.0000,0.0000,2.8042,67.0000
501,1.0000,0.0159,0.0024,3.5000,0.0644,0.0624,1.0000,0.0000,1.0000,0.0000,3.4818,63.0000
502,1.0000,0.0152,0.0089,3.7500,0.1014,0.0418,1.0000,0.0000,1.0000,0.0000,5.3147,66.0000
503,1.0000,0.0139,0.0004,2.0000,0.0282,0.0000,1.0000,0.0000,1.0000,0.0000,7.8247,72.0000
504,1.0000,0.0128,0.0122,2.3333,0.0986,0.0119,1.0000,0.0000,1.0000,0.0000,6.0939,78.0000
505,1.0000,0.0137,0.0388,4.7273,0.0997,0.0838,1.1818,171.8566,1.0909,0.0000,3.5388,73.0000
506,1.0000,0.0139,0.0611,3.4167,0.0913,0.0491,1.1667,52.1287,1.1667,0.0000,4.1080,72.0000
507,1.0000,0.0143,0.0112,3.5714,0.0944,0.0078,1.0000,0.0000,1.0000,0.0000,6.6253,70.0000
508,1.0000,0.0119,0.0204,2.8571,0.0579,0.0000,1.0000,0.0000,1.0000,0.0000,7.7740,84.0000
509,1.0000,0.0111,0.0008,4.0000,0.0449,0.0000,1.0000,0.0000,1.0000,0.0000,11.7603,90.0000
510,0.0000,0.0000,0.0000,0.0000,0.0000,0.0000,0.0000,0.0000,0.0000,0.0000,11.9406,101.0000
511,1.0000,0.0088,0.0011,3.2000,0.0334,0.0000,1.0000,0.0000,1.0000,0.0000,11.9153,113.0000
512,1.0000,0.0082,0.0309,4.8000,0.0681,0.0000,1.0000,0.0000,1.0000,0.0000,12.4102,122.0000
513,1.0000,0.0082,0.0128,3.0000,0.0947,0.0000,1.0000,0.0000,1.0000,0.0000,12.8302,122.0000
514,1.0000,0.0075,0.0620,4.8889,0.1108,0.0009,1.0000,0.0000,1.0000,0.0000,6.3068,134.0000
515,1.0000,0.0083,0.0090,3.8333,0.0569,0.0000,1.0000,0.0000,1.0000,0.0000,4.4628,121.0000
516,1.0000,0.0109,0.0123,2.7143,0.0548,0.0009,1.0000,0.0000,1.0000,0.0000,6.6173,92.0000
517,1.0000,0.0115,0.0047,3.1667,0.0570,0.0019,1.0000,0.0000,1.1667,0.0000,7.4579,87.0000
518,1.0000,0.0135,0.0081,3.3333,0.0586,0.0405,1.0000,0.0000,1.0000,0.0000,3.6283,74.0000
519,1.0000,0.0143,0.0074,5.3333,0.1000,0.1000,1.0000,0.0000,1.0000,0.0000,4.0166,70.0000
520,1.0000,0.0137,0.0055,3.0000,0.0730,0.0112,1.5000,386.9314,1.0000,0.0000,4.5662,73.0000
521,1.0000,0.0141,0.0056,3.1667,0.0584,0.0542,1.0000,0.0000,1.0000,0.0000,4.4266,71.0000
522,1.0000,0.0143,0.0118,4.3333,0.1183,0.0477,1.0000,0.0000,1.0000,0.0000,7.4948,70.0000
523,1.0000,0.0141,0.0144,2.9091,0.0709,0.0128,1.0909,19.4677,1.0000,0.0000,5.3119,71.0000
524,1.0000,0.0149,0.0578,4.7500,0.1298,0.0772,1.2500,144.2829,1.1250,0.0000,5.0656,67.0000
525,1.0000,0.0145,0.0140,3.8571,0.0935,0.0363,1.2857,59.1394,1.0000,0.0000,5.1151,69.0000
526,1.0000,0.0130,0.0125,2.8333,0.0813,0.0027,1.0000,0.0000,1.0000,0.0000,5.3657,77.0000
527,1.0000,0.0122,0.0055,3.8333,0.0638,0.0253,1.3333,241.2461,1.0000,0.0000,4.5167,82.0000
528,1.0000,0.0130,0.0057,4.4000,0.0789,0.0345,1.0000,0.0000,1.0000,0.0000,5.6733,77.0000
529,1.0000,0.0128,0.0905,4.5556,0.1226,0.0306,1.1111,48.8661,1.1111,0.0000,5.9940,78.0000
530,1.0000,0.0133,0.0091,3.7000,0.0785,0.0241,1.0000,0.0000,1.0000,0.0000,6.0901,75.0000
531,1.0000,0.0123,0.0028,3.6667,0.0632,0.0269,1.1111,65.3064,1.0000,0.0000,5.4012,81.0000
532,1.0000,0.0132,0.0186,3.1667,0.0646,0.0059,1.3333,173.9957,1.0000,0.0000,4.3860,76.0000
533,1.0000,0.0127,0.0031,3.3333,0.0452,0.0000,1.3333,374.5446,1.0000,0.0000,6.5888,79.0000
534,1.0000,0.0123,0.0006,2.1429,0.0289,0.0000,1.0000,0.0000,1.0000,0.0000,5.0000,81.0000
535,1.0000,0.0122,0.0041,4.1667,0.0617,0.0063,1.0000,0.0000,1.0000,0.0000,4.4565,82.0000
536,1.0000,0.0143,0.0078,3.0000,0.0865,0.0197,1.2000,103.0272,1.0000,0.0000,5.0104,70.0000
537,1.0000,0.0147,0.0147,3.2500,0.0916,0.0262,1.0000,0.0000,1.0000,0.0000,5.9701,68.0000
538,1.0000,0.0143,0.0050,2.7500,0.0540,0.0084,1.2500,111.7264,1.0000,0.0000,4.8861,70.0000
539,1.0000,0.0133,0.0161,4.5000,0.1039,0.0250,1.0000,0.0000,1.0000,0.0000,3.9640,75.0000
540,1.0000,0.0139,0.0342,6.0000,0.1311,0.0223,1.0000,0.0000,1.0000,0.0000,5.0861,72.0000
541,1.0000,0.0123,0.0028,3.5556,0.0718,0.0234,1.1111,74.2681,1.0000,0.0000,4.3827,81.0000
542,1.0000,0.0135,0.0818,3.5000,0.1091,0.0002,1.1667,87.2210,1.0000,0.0000,8.4043,74.0000
543,1.0000,0.0122,0.0094,3.2857,0.0602,0.0008,1.1429,157.5730,1.0000,0.0000,5.8115,82.0000
544,1.0000,0.0125,0.0178,3.1250,0.0805,0.0045,1.5000,299.6277,1.2500,0.0000,5.5380,80.0000
545,1.0000,0.0125,0.0088,4.6667,0.0637,0.0737,1.6667,331.7333,1.3333,0.0000,4.7152,80.0000
546,1.0000,0.0137,0.0008,3.0000,0.0417,0.0000,1.0000,0.0000,1.0000,0.0000,5.7839,73.0000
547,1.0000,0.0147,0.0044,3.3333,0.0699,0.0026,1.0000,0.0000,1.0000,0.0000,6.1457,68.0000
548,1.0000,0.0139,0.0127,4.5000,0.1192,0.0428,1.0000,0.0000,1.0000,0.0000,6.2207,72.0000
549,1.0000,0.0147,0.0217,3.4444,0.0913,0.0479,1.0000,0.0000,1.0000,0.0000,4.5654,68.0000
550,1.0000,0.0147,0.0025,2.5000,0.0481,0.0147,1.0000,0.0000,1.0000,0.0000,3.5996,68.0000
551,1.0000,0.0147,0.0084,3.3333,0.0742,0.0058,1.0000,0.0000,1.0000,0.0000,5.3117,68.0000
552,1.0000,0.0154,0.0005,2.0000,0.0312,0.0000,2.0000,571.3260,1.0000,0.0000,5.0000,65.0000
553,1.0000,0.0152,0.0005,2.0000,0.0308,0.0000,1.0000,0.0000,1.0000,0.0000,6.9464,66.0000
554,1.0000,0.0133,0.0138,2.2500,0.0544,0.0020,1.0000,0.0000,1.1250,0.0000,4.0721,75.0000
555,1.0000,0.0141,0.0023,3.0000,0.0527,0.0231,1.0000,0.0000,1.0000,0.0000,4.2254,71.0000
556,1.0000,0.0152,0.0005,2.0000,0.0308,0.0000,2.0000,1031.5910,1.0000,0.0000,3.0769,66.0000
557,1.0000,0.0145,0.0146,2.8000,0.0999,0.0065,1.0000,0.0000,1.2000,0.0000,9.4629,69.0000
558,1.0000,0.0128,0.0030,3.0000,0.0478,0.0013,1.0000,0.0000,1.0000,0.0000,4.6953,78.0000
559,1.0000,0.0122,0.0026,2.8000,0.0443,0.0070,1.0000,0.0000,1.0000,0.0000,2.5595,82.0000
560,1.0000,0.0127,0.0026,3.0000,0.0554,0.0091,1.1667,81.9582,1.0000,0.0000,8.5362,79.0000
561,1.0000,0.0128,0.0076,2.7273,0.0551,0.0127,1.0909,62.0124,1.0000,0.0000,4.2291,78.0000
562,1.0000,0.0127,0.0124,4.2500,0.0956,0.0455,1.0000,0.0000,1.0000,0.0000,5.6800,79.0000
563,1.0000,0.0135,0.0384,4.8571,0.1375,0.0427,1.2857,127.0237,1.0000,0.0000,6.3310,74.0000
564,1.0000,0.0141,0.0048,4.2500,0.0798,0.0131,1.0000,0.0000,1.0000,0.0000,6.1972,71.0000
565,1.0000,0.0127,0.0027,3.2000,0.0526,0.0000,1.0000,0.0000,1.0000,0.0000,7.3677,79.0000
566,1.0000,0.0125,0.0288,6.0000,0.1218,0.0560,1.2500,117.9441,1.0000,0.0000,5.6646,80.0000
567,1.0000,0.0127,0.0098,3.4000,0.0909,0.0347,1.0000,0.0000,1.0000,0.0000,4.3168,79.0000
568,1.0000,0.0141,0.0076,3.0000,0.0920,0.0028,1.3333,196.8309,1.0000,0.0000,5.5936,71.0000
569,1.0000,0.0143,0.0169,3.7778,0.0972,0.0366,1.0000,0.0000,1.0000,0.0000,5.7557,70.0000
570,1.0000,0.0135,0.0140,4.5000,0.1116,0.0225,1.2500,186.9134,1.0000,0.0000,8.2192,74.0000
571,1.0000,0.0130,0.0053,3.2000,0.0586,0.0113,1.0000,0.0000,1.2000,0.0000,5.3999,77.0000
572,1.0000,0.0133,0.0046,2.8750,0.0672,0.0148,1.0000,0.0000,1.0000,0.0000,7.2072,75.0000
573,1.0000,0.0139,0.0270,3.3000,0.0924,0.0227,1.3000,135.3739,1.0000,0.0000,5.2034,72.0000
574,1.0000,0.0149,0.0121,4.2500,0.1059,0.0341,1.0000,0.0000,1.0000,0.0000,5.9249,67.0000
575,1.0000,0.0127,0.0124,2.5714,0.0815,0.0110,1.0000,0.0000,1.0000,0.0000,6.0370,79.0000
576,1.0000,0.0137,0.0011,2.6667,0.0399,0.0000,1.0000,0.0000,1.0000,0.0000,5.6317,73.0000
577,1.0000,0.0125,0.0269,5.3333,0.1039,0.0960,1.1667,116.7737,1.0000,0.0000,5.2215,80.0000
578,1.0000,0.0120,0.0045,2.7500,0.0572,0.0010,1.0000,0.0000,1.0000,0.0000,8.0223,83.0000
579,1.0000,0.0116,0.0132,4.0000,0.1950,0.0128,1.0000,0.0000,1.0000,0.0000,9.7674,86.0000
580,1.0000,0.0119,0.0108,3.5000,0.0717,0.0114,1.1000,68.7692,1.1000,0.0000,8.1469,84.0000
581,1.0000,0.0120,0.0077,4.0000,0.0697,0.0168,1.0000,0.0000,1.0000,0.0000,6.2886,83.0000
582,1.0000,0.0127,0.0363,4.2500,0.1080,0.0023,1.0000,0.0000,1.0000,0.0000,6.2967,79.0000
583,1.0000,0.0115,0.0089,4.6667,0.1193,0.0218,1.0000,0.0000,1.0000,0.0000,6.8698,87.0000
584,1.0000,0.0123,0.0751,5.6667,0.1477,0.0200,1.0000,0.0000,1.0000,0.0000,8.5185,81.0000
585,1.0000,0.0120,0.0072,3.4286,0.0611,0.0110,1.0000,0.0000,1.0000,0.0000,5.4070,83.0000
586,1.0000,0.0130,0.0023,3.5000,0.0479,0.0064,1.0000,0.0000,1.0000,0.0000,3.6227,77.0000
587,1.0000,0.0156,0.0138,4.5000,0.1501,0.0261,1.0000,0.0000,1.0000,0.0000,8.3829,64.0000
588,1.0000,0.0137,0.0012,2.5000,0.0417,0.0000,1.0000,0.0000,1.0000,0.0000,5.9361,73.0000
589,1.0000,0.0123,0.0259,3.7273,0.0848,0.0359,1.0000,0.0000,1.0000,0.0000,2.7469,81.0000
590,1.0000,0.0132,0.0017,2.3333,0.0365,0.0000,1.0000,0.0000,1.0000,0.0000,4.8421,76.0000
591,1.0000,0.0147,0.0046,3.5000,0.0737,0.0776,1.1667,99.9006,1.0000,0.0000,2.9851,68.0000
592,1.0000,0.0143,0.0127,4.1667,0.0932,0.0517,1.1667,134.1269,1.0000,0.0000,4.5135,70.0000
593,1.0000,0.0135,0.0091,3.0000,0.0672,0.0125,1.3125,193.1480,1.0625,0.0000,5.8127,74.0000
594,1.0000,0.0130,0.0423,5.0000,0.1775,0.0407,1.0000,0.0000,1.0000,0.0000,7.7580,77.0000
595,1.0000,0.0127,0.0070,3.6250,0.0644,0.0196,1.1250,85.0396,1.0000,0.0000,3.3106,79.0000
596,1.0000,0.0145,0.0018,3.7143,0.0592,0.0271,1.0000,0.0000,1.0000,0.0000,5.1151,69.0000
597,1.0000,0.0135,0.0182,6.0000,0.1526,0.0853,1.2500,65.8148,1.0000,0.0000,5.1462,74.0000
598,1.0000,0.0149,0.0005,2.0000,0.0303,0.0000,1.0000,0.0000,1.0000,0.0000,7.0104,67.0000
599,1.0000,0.0167,0.0138,4.4000,0.1065,0.0817,1.0000,0.0000,1.0000,0.0000,3.7288,60.0000
600,1.0000,0.0192,0.0176,3.4000,0.1035,0.0414,1.0000,0.0000,1.0000,0.0000,5.6561,52.0000
601,1.0000,0.0233,0.0732,5.5000,0.1872,0.2632,1.0000,0.0000,1.0000,0.0000,5.7586,43.0000
602,0.0000,0.0000,0.0000,0.0000,0.0000,0.0000,0.0000,0.0000,0.0000,0.0000,3.1359,42.0000
603,1.0000,0.0238,0.0082,3.6667,0.1069,0.0929,1.0000,0.0000,1.0000,0.0000,5.8072,42.0000
604,1.0000,0.0263,0.0384,4.4000,0.2049,0.0919,1.0000,0.0000,1.0000,0.0000,8.9616,38.0000
605,1.0000,0.0278,0.0294,2.5000,0.1175,0.0755,1.2500,33.6818,1.0000,0.0000,4.9206,36.0000
606,0.0000,0.0000,0.0000,0.0000,0.0000,0.0000,0.0000,0.0000,0.0000,0.0000,1.3514,37.0000
607,1.0000,0.0303,0.0030,2.5000,0.0781,0.0000,1.0000,0.0000,1.0000,0.0000,6.8182,33.0000
608,1.0000,0.0278,0.0039,2.3333,0.0733,0.1582,1.0000,0.0000,1.0000,0.0000,2.8571,36.0000
609,0.0000,0.0000,0.0000,0.0000,0.0000,0.0000,0.0000,0.0000,0.0000,0.0000,11.1828,31.0000
610,1.0000,0.0263,0.0030,2.5000,0.0703,0.0000,1.0000,0.0000,1.0000,0.0000,5.8321,38.0000
611,1.0000,0.0303,0.0151,2.5000,0.1039,0.1198,1.0000,0.0000,1.0000,0.0000,3.4091,33.0000
612,1.0000,0.0303,0.0575,3.0000,0.1806,0.0218,1.0000,0.0000,1.0000,0.0000,9.0909,33.0000
613,1.0000,0.0270,0.0063,3.5000,0.1086,0.1336,1.0000,0.0000,1.0000,0.0000,4.8048,37.0000
614,1.0000,0.0312,0.0043,2.6667,0.0860,0.2051,1.0000,0.0000,1.0000,0.0000,2.4194,32.0000
615,1.0000,0.0303,0.0020,2.0000,0.0625,0.0000,1.0000,0.0000,1.0000,0.0000,3.7879,33.0000
616,1.0000,0.0357,0.0085,2.5000,0.1037,0.1404,1.0000,0.0000,1.0000,0.0000,4.2328,28.0000
617,1.0000,0.0333,0.0172,3.7500,0.1597,0.1100,1.0000,0.0000,1.0000,0.0000,7.3563,30.0000
618,1.0000,0.0263,0.0240,3.6667,0.1396,0.2187,1.3333,110.9499,1.3333,0.0000,3.9829,38.0000
619,1.0000,0.0263,0.0015,2.0000,0.0541,0.0000,1.0000,0.0000,1.0000,0.0000,2.4182,38.0000
620,1.0000,0.0286,0.0036,2.0000,0.0662,0.0000,1.0000,0.0000,1.0000,0.0000,2.6891,35.0000
621,1.0000,0.0303,0.0353,3.0000,0.1268,0.0000,1.0000,0.0000,1.1667,0.0000,4.1667,33.0000
622,1.0000,0.0286,0.0404,4.0000,0.1549,0.1402,1.6667,224.0239,1.0000,0.0000,5.2101,35.0000
623,1.0000,0.0263,0.0025,2.0000,0.0586,0.0000,1.0000,0.0000,1.0000,0.0000,3.1294,38.0000
624,0.0000,0.0000,0.0000,0.0000,0.0000,0.0000,0.0000,0.0000,0.0000,0.0000,3.0303,33.0000
625,1.0000,0.0294,0.0658,4.5000,0.1988,0.2059,1.0000,0.0000,1.0000,0.0000,4.6346,34.0000
626,1.0000,0.0323,0.0356,4.5000,0.1859,0.3191,1.0000,0.0000,1.0000,0.0000,5.3763,31.0000
627,1.0000,0.0345,0.0026,2.0000,0.0714,0.0000,1.0000,0.0000,1.0000,0.0000,6.4039,29.0000
628,1.0000,0.0303,0.0645,5.0000,0.1749,0.2498,1.0000,0.0000,1.0000,0.0000,5.1136,33.0000
629,0.0000,0.0000,0.0000,0.0000,0.0000,0.0000,0.0000,0.0000,0.0000,0.0000,3.0303,33.0000
630,0.0000,0.0000,0.0000,0.0000,0.0000,0.0000,0.0000,0.0000,0.0000,0.0000,2.5806,31.0000
631,1.0000,0.0303,0.0034,2.0000,0.0677,0.0000,1.0000,0.0000,1.0000,0.0000,1.7045,33.0000
632,1.0000,0.0294,0.0152,5.0000,0.1558,0.4963,1.0000,0.0000,1.0000,0.0000,4.0998,34.0000
633,1.0000,0.0303,0.0433,3.2500,0.1371,0.2662,1.2500,92.7215,1.0000,0.0000,4.5455,33.0000
634,1.0000,0.0303,0.0282,5.0000,0.1833,0.3338,1.0000,0.0000,1.0000,0.0000,4.5455,33.0000
635,1.0000,0.0263,0.0068,4.0000,0.1192,0.1221,1.0000,0.0000,1.0000,0.0000,5.1209,38.0000
636,1.0000,0.0270,0.0389,4.0000,0.1719,0.1729,1.0000,0.0000,1.5000,0.0000,4.8048,37.0000
637,1.0000,0.0250,0.0058,3.0000,0.0920,0.0917,1.0000,0.0000,1.0000,0.0000,4.3590,40.0000
638,1.0000,0.0278,0.0017,2.0000,0.0571,0.0000,1.0000,0.0000,1.0000,0.0000,7.9365,36.0000
639,1.0000,0.0244,0.0041,2.4000,0.0692,0.0000,1.0000,0.0000,1.0000,0.0000,5.0000,41.0000
640,1.0000,0.0244,0.0381,4.6667,0.1503,0.1284,1.3333,119.0658,1.0000,0.0000,4.7561,41.0000
641,1.0000,0.0263,0.0093,2.5000,0.0855,0.0000,1.0000,0.0000,1.1667,0.0000,3.2717,38.0000
642,1.0000,0.0278,0.0109,3.0000,0.0986,0.2309,1.5000,296.6242,1.0000,0.0000,2.6984,36.0000
643,0.0000,0.0000,0.0000,0.0000,0.0000,0.0000,0.0000,0.0000,0.0000,0.0000,8.5561,34.0000
644,0.0000,0.0000,0.0000,0.0000,0.0000,0.0000,0.0000,0.0000,0.0000,0.0000,3.4535,37.0000
645,1.0000,0.0270,0.0032,3.0000,0.0833,0.0000,1.0000,0.0000,1.0000,0.0000,3.7538,37.0000
646,1.0000,0.0222,0.0386,3.5000,0.1587,0.0387,1.0000,0.0000,1.0000,0.0000,5.5556,45.0000
647,1.0000,0.0244,0.0812,5.4000,0.1980,0.0808,1.0000,0.0000,1.0000,0.0000,7.5610,41.0000
648,1.0000,0.0244,0.0199,4.0000,0.1282,0.3133,1.0000,0.0000,1.0000,0.0000,2.8049,41.0000
649,1.0000,0.0294,0.0152,3.2500,0.1128,0.2846,1.0000,0.0000,1.0000,0.0000,3.2086,34.0000
650,1.0000,0.0278,0.0017,2.0000,0.0571,0.0000,1.0000,0.0000,1.0000,0.0000,6.5079,36.0000
651,1.0000,0.0263,0.0070,2.3333,0.0868,0.0226,1.0000,0.0000,1.0000,0.0000,6.9701,38.0000
652,1.0000,0.0278,0.0556,6.3333,0.2162,0.2469,1.6667,296.7520,1.0000,0.0000,7.3016,36.0000
653,0.0000,0.0000,0.0000,0.0000,0.0000,0.0000,0.0000,0.0000,0.0000,0.0000,6.5385,40.0000
654,1.0000,0.0256,0.0095,3.0000,0.0862,0.0000,1.0000,0.0000,1.0000,0.0000,4.5884,39.0000
655,1.0000,0.0233,0.0039,2.0000,0.0574,0.0000,1.0000,0.0000,1.0000,0.0000,9.4131,43.0000
656,0.0000,0.0000,0.0000,0.0000,0.0000,0.0000,0.0000,0.0000,0.0000,0.0000,7.0513,40.0000
657,1.0000,0.0294,0.0114,7.0000,0.2121,0.3850,1.0000,0.0000,1.0000,0.0000,4.2781,34.0000
658,1.0000,0.0370,0.0051,2.0000,0.0833,0.0000,1.0000,0.0000,1.0000,0.0000,2.2792,27.0000
659,1.0000,0.0385,0.0317,3.5000,0.1700,0.5038,1.0000,0.0000,1.5000,0.0000,4.3077,26.0000
660,1.0000,0.0357,0.0057,2.3333,0.0926,0.2039,1.0000,0.0000,1.0000,0.0000,2.6455,28.0000
661,1.0000,0.0286,0.0190,3.0000,0.1194,0.2723,1.0000,0.0000,1.3333,0.0000,4.0336,35.0000
662,1.0000,0.0270,0.0352,4.5000,0.1867,0.1383,1.0000,0.0000,1.0000,0.0000,6.0060,37.0000
663,1.0000,0.0270,0.0243,4.0000,0.1572,0.2635,1.5000,73.3803,1.0000,0.0000,3.6036,37.0000
664,1.0000,0.0312,0.0022,2.0000,0.0645,0.0000,1.0000,0.0000,1.0000,0.0000,4.4355,32.0000
665,1.0000,0.0294,0.0057,2.6667,0.0909,0.1272,1.0000,0.0000,1.0000,0.0000,3.0303,34.0000
666,1.0000,0.0294,0.0488,3.3333,0.1979,0.0616,1.6667,518.0848,1.0000,0.0000,9.0909,34.0000
667,1.0000,0.0263,0.0368,3.0000,0.1811,0.0417,1.0000,0.0000,1.0000,0.0000,10.8108,38.0000
668,1.0000,0.0278,0.0797,5.0000,0.2323,0.1183,1.0000,0.0000,1.0000,0.0000,8.2540,36.0000
669,1.0000,0.0270,0.0286,5.0000,0.1731,0.2746,1.0000,0.0000,1.0000,0.0000,4.8048,37.0000
670,1.0000,0.0250,0.0115,3.6000,0.1078,0.0633,1.0000,0.0000,1.0000,0.0000,4.1026,40.0000
671,1.0000,0.0244,0.0179,3.0000,0.1223,0.0545,1.0000,0.0000,1.0000,0.0000,6.8293,41.0000
672,1.0000,0.0222,0.0283,2.7500,0.1338,0.0423,1.0000,0.0000,1.0000,0.0000,6.4646,45.0000
673,1.0000,0.0256,0.0196,3.4000,0.1470,0.0868,1.0000,0.0000,1.0000,0.0000,6.8826,39.0000
674,1.0000,0.0278,0.0134,2.5000,0.1103,0.1454,1.0000,0.0000,1.0000,0.0000,3.3333,36.0000
675,1.0000,0.0294,0.0019,2.0000,0.0606,0.0000,1.0000,0.0000,1.0000,0.0000,1.9608,34.0000
676,1.0000,0.0303,0.0134,3.3333,0.1319,0.1457,1.3333,418.5462,1.0000,0.0000,4.9242,33.0000
677,1.0000,0.0278,0.0508,7.0000,0.2305,0.4414,1.0000,0.0000,1.0000,0.0000,5.0794,36.0000
678,1.0000,0.0294,0.0682,5.0000,0.2328,0.1005,1.0000,0.0000,1.0000,0.0000,7.8431,34.0000
679,1.0000,0.0294,0.0177,3.3333,0.1258,0.0954,1.0000,0.0000,1.0000,0.0000,4.6346,34.0000
680,1.0000,0.0286,0.0071,4.0000,0.1176,0.6154,1.0000,0.0000,1.0000,0.0000,1.6807,35.0000
681,1.0000,0.0345,0.0717,4.2000,0.1945,0.1816,1.0000,0.0000,1.0000,0.0000,6.4039,29.0000
682,1.0000,0.0278,0.0109,3.0000,0.0986,0.2309,1.0000,0.0000,1.0000,0.0000,3.0159,36.0000
683,1.0000,0.0303,0.0071,2.5000,0.0917,0.0000,1.0000,0.0000,1.0000,0.0000,4.7348,33.0000
684,0.0000,0.0000,0.0000,0.0000,0.0000,0.0000,0.0000,0.0000,0.0000,0.0000,10.8871,32.0000
685,1.0000,0.0270,0.0098,2.2000,0.0760,0.2574,1.0000,0.0000,1.0000,0.0000,1.8018,37.0000
686,1.0000,0.0270,0.0074,3.5000,0.1028,0.1564,1.0000,0.0000,1.0000,0.0000,4.0541,37.0000
687,1.0000,0.0286,0.0143,3.0000,0.1145,0.0687,1.0000,0.0000,1.5000,0.0000,6.0504,35.0000
688,1.0000,0.0278,0.0185,4.0000,0.1159,0.2736,1.0000,0.0000,1.0000,0.0000,3.4921,36.0000
689,1.0000,0.0303,0.0020,2.0000,0.0625,0.0000,1.0000,0.0000,1.0000,0.0000,4.9242,33.0000
690,1.0000,0.0303,0.0415,4.5000,0.1812,0.2694,1.0000,0.0000,1.0000,0.0000,4.3561,33.0000
691,1.0000,0.0294,0.0090,3.5000,0.1128,0.2270,1.0000,0.0000,1.0000,0.0000,3.7433,34.0000
692,1.0000,0.0278,0.0112,5.0000,0.1575,0.3851,1.0000,0.0000,1.0000,0.0000,3.4921,36.0000
693,1.0000,0.0250,0.0162,4.0000,0.1334,0.2139,1.0000,0.0000,1.0000,0.0000,3.9744,40.0000
694,1.0000,0.0286,0.0321,4.0000,0.1520,0.1324,1.0000,0.0000,1.2500,0.0000,5.2101,35.0000
695,1.0000,0.0263,0.0221,2.5000,0.1066,0.0367,1.5000,128.4277,1.0000,0.0000,5.5477,38.0000
696,1.0000,0.0244,0.0068,2.6667,0.0783,0.1314,1.6667,530.4128,1.0000,0.0000,3.5366,41.0000
697,1.0000,0.0244,0.0013,2.0000,0.0500,0.0000,1.0000,0.0000,1.0000,0.0000,5.3659,41.0000
698,0.0000,0.0000,0.0000,0.0000,0.0000,0.0000,0.0000,0.0000,0.0000,0.0000,7.4390,41.0000
699,1.0000,0.0263,0.0090,2.7500,0.0892,0.1026,1.0000,0.0000,1.0000,0.0000,3.8407,38.0000
700,1.0000,0.0294,0.0032,2.0000,0.0657,0.0000,1.0000,0.0000,1.0000,0.0000,8.9127,34.0000
701,1.0000,0.0263,0.0053,2.5000,0.0793,0.0000,1.0000,0.0000,1.0000,0.0000,2.9872,38.0000
702,1.0000,0.0294,0.0303,3.6667,0.1322,0.2011,1.3333,206.7516,1.0000,0.0000,4.0998,34.0000
703,1.0000,0.0303,0.0020,2.0000,0.0625,0.0000,1.0000,0.0000,1.0000,0.0000,2.0833,33.0000
704,1.0000,0.0294,0.0183,4.5000,0.1744,0.1523,1.0000,0.0000,1.0000,0.0000,7.3084,34.0000
705,1.0000,0.0270,0.0156,2.8333,0.1019,0.0627,1.1667,42.0513,1.0000,0.0000,4.6547,37.0000
706,1.0000,0.0270,0.0211,3.8000,0.1389,0.1706,1.2000,56.8995,1.0000,0.0000,4.2042,37.0000
707,1.0000,0.0270,0.0185,4.0000,0.1548,0.0968,1.3333,192.3174,1.0000,0.0000,7.9580,37.0000
708,0.0000,0.0000,0.0000,0.0000,0.0000,0.0000,0.0000,0.0000,0.0000,0.0000,5.6680,39.0000
709,1.0000,0.0270,0.0095,2.0000,0.0696,0.0001,1.0000,0.0000,1.0000,0.0000,2.1021,37.0000
710,0.0000,0.0000,0.0000,0.0000,0.0000,0.0000,0.0000,0.0000,0.0000,0.0000,1.9608,34.0000
711,1.0000,0.0303,0.0235,3.0000,0.1336,0.1047,1.0000,0.0000,1.0000,0.0000,6.6288,33.0000
712,1.0000,0.0244,0.0013,2.0000,0.0500,0.0000,1.0000,0.0000,1.0000,0.0000,7.5610,41.0000
713,1.0000,0.0244,0.0280,2.5714,0.0920,0.0872,1.0000,0.0000,1.0000,0.0000,3.6585,41.0000
714,1.0000,0.0238,0.0033,3.0000,0.0778,0.0000,1.0000,0.0000,1.0000,0.0000,2.7875,42.0000
715,0.0000,0.0000,0.0000,0.0000,0.0000,0.0000,0.0000,0.0000,0.0000,0.0000,9.3093,37.0000
716,1.0000,0.0250,0.0130,3.0000,0.1193,0.0642,1.0000,0.0000,1.0000,0.0000,6.1538,40.0000
717,0.0000,0.0000,0.0000,0.0000,0.0000,0.0000,0.0000,0.0000,0.0000,0.0000,7.6814,38.0000
718,1.0000,0.0294,0.0388,5.0000,0.1636,0.2264,1.0000,0.0000,1.0000,0.0000,5.1693,34.0000
719,1.0000,0.0294,0.0556,3.6667,0.1478,0.2013,1.3333,426.1882,1.0000,0.0000,4.8128,34.0000
720,1.0000,0.0286,0.0309,4.6667,0.1493,0.3404,1.0000,0.0000,1.0000,0.0000,4.2017,35.0000
721,1.0000,0.0278,0.0496,5.0000,0.2037,0.2375,1.0000,0.0000,1.0000,0.0000,4.9206,36.0000
722,0.0000,0.0000,0.0000,0.0000,0.0000,0.0000,0.0000,0.0000,0.0000,0.0000,7.8078,37.0000
723,1.0000,0.0263,0.0071,3.0000,0.0960,0.1355,1.0000,0.0000,1.0000,0.0000,3.1294,38.0000
724,1.0000,0.0323,0.0184,4.5000,0.1519,0.2170,1.0000,0.0000,1.0000,0.0000,6.0215,31.0000
725,1.0000,0.0286,0.0018,2.0000,0.0588,0.0000,1.0000,0.0000,1.0000,0.0000,3.8655,35.0000
726,1.0000,0.0263,0.0300,6.0000,0.2048,0.2010,1.0000,0.0000,1.0000,0.0000,5.9744,38.0000
727,1.0000,0.0270,0.0333,5.0000,0.1654,0.0902,1.0000,0.0000,1.0000,0.0000,8.1081,37.0000
728,1.0000,0.0256,0.0050,2.5000,0.0772,0.0000,1.0000,0.0000,1.0000,0.0000,5.5331,39.0000
729,1.0000,0.0250,0.0013,2.0000,0.0513,0.0000,1.0000,0.0000,1.0000,0.0000,2.8205,40.0000
730,1.0000,0.0370,0.0308,4.5000,0.2380,0.2310,1.0000,0.0000,1.0000,0.0000,9.9715,27.0000
731,0.0000,0.0000,0.0000,0.0000,0.0000,0.0000,0.0000,0.0000,0.0000,0.0000,7.4603,36.0000
732,1.0000,0.0256,0.0043,3.5000,0.0940,0.2166,1.0000,0.0000,1.0000,0.0000,4.5884,39.0000
733,0.0000,0.0000,0.0000,0.0000,0.0000,0.0000,0.0000,0.0000,0.0000,0.0000,2.5605,38.0000
734,1.0000,0.0286,0.0071,2.5000,0.0882,0.0674,1.0000,0.0000,1.0000,0.0000,4.3697,35.0000
735,1.0000,0.0278,0.0109,3.5000,0.1063,0.2493,1.0000,0.0000,1.0000,0.0000,3.0159,36.0000
736,1.0000,0.0333,0.0271,3.5000,0.1549,0.2791,1.0000,0.0000,1.0000,0.0000,4.3678,30.0000
737,1.0000,0.0333,0.0025,2.0000,0.0690,0.0000,1.0000,0.0000,1.0000,0.0000,8.7356,30.0000
738,1.0000,0.0263,0.0203,6.0000,0.2064,0.2152,1.0000,0.0000,1.0000,0.0000,7.2546,38.0000
739,1.0000,0.0263,0.0053,4.0000,0.1081,0.0000,1.0000,0.0000,1.0000,0.0000,3.8407,38.0000
740,1.0000,0.0312,0.0381,4.0000,0.1704,0.1870,1.2000,159.1899,1.0000,0.0000,6.2500,32.0000
741,1.0000,0.0263,0.0041,2.2500,0.0700,0.0000,1.0000,0.0000,1.0000,0.0000,3.1294,38.0000
742,1.0000,0.0270,0.0373,2.6667,0.1124,0.0958,1.5000,202.9268,1.0000,0.0000,4.8048,37.0000
743,1.0000,0.0256,0.0292,4.3333,0.1449,0.2648,1.6667,111.3214,1.0000,0.0000,2.9690,39.0000
744,1.0000,0.0286,0.0166,2.6667,0.1013,0.1291,1.0000,0.0000,1.0000,0.0000,3.6975,35.0000
745,1.0000,0.0263,0.0319,4.2500,0.1816,0.1317,1.0000,0.0000,1.2500,0.0000,6.4011,38.0000
746,1.0000,0.0278,0.0190,3.3333,0.1188,0.0000,1.3333,44.4658,1.0000,0.0000,4.4444,36.0000
747,1.0000,0.0294,0.0019,2.0000,0.0606,0.0000,1.0000,0.0000,1.0000,0.0000,2.6738,34.0000
748,1.0000,0.0278,0.0160,4.0000,0.1366,0.1120,1.0000,0.0000,1.0000,0.0000,6.6667,36.0000
749,1.0000,0.0286,0.0460,2.8000,0.1316,0.0729,1.0000,0.0000,1.0000,0.0000,4.2017,35.0000
750,1.0000,0.0270,0.0048,2.5000,0.0833,0.1346,1.0000,0.0000,1.0000,0.0000,2.7027,37.0000
751,0.0000,0.0000,0.0000,0.0000,0.0000,0.0000,0.0000,0.0000,0.0000,0.0000,2.5397,36.0000
752,1.0000,0.0323,0.0034,2.5000,0.0833,0.0000,1.0000,0.0000,1.0000,0.0000,5.1613,31.0000
753,0.0000,0.0000,0.0000,0.0000,0.0000,0.0000,0.0000,0.0000,0.0000,0.0000,3.2086,34.0000
754,1.0000,0.0270,0.0137,2.8000,0.0938,0.0662,1.0000,0.0000,1.0000,0.0000,3.6036,37.0000
755,1.0000,0.0286,0.0040,2.2500,0.0725,0.2366,1.0000,0.0000,1.0000,0.0000,2.3529,35.0000
756,1.0000,0.0294,0.0057,2.5000,0.0848,0.1404,1.0000,0.0000,1.0000,0.0000,3.9216,34.0000
757,0.0000,0.0000,0.0000,0.0000,0.0000,0.0000,0.0000,0.0000,0.0000,0.0000,6.0504,35.0000
758,1.0000,0.0270,0.0048,4.0000,0.1111,0.0000,2.0000,1087.1465,1.0000,0.0000,3.9039,37.0000
759,1.0000,0.0278,0.0706,4.7500,0.1861,0.0996,1.0000,0.0000,1.0000,0.0000,7.1429,36.0000
760,1.0000,0.0263,0.0120,2.3333,0.0853,0.0569,1.0000,0.0000,1.0000,0.0000,3.4139,38.0000
761,0.0000,0.0000,0.0000,0.0000,0.0000,0.0000,0.0000,0.0000,0.0000,0.0000,6.4634,41.0000
762,0.0000,0.0000,0.0000,0.0000,0.0000,0.0000,0.0000,0.0000,0.0000,0.0000,7.5630,35.0000
763,1.0000,0.0250,0.0040,3.0000,0.0821,0.0000,1.0000,0.0000,1.0000,0.0000,3.4615,40.0000
764,0.0000,0.0000,0.0000,0.0000,0.0000,0.0000,0.0000,0.0000,0.0000,0.0000,3.7879,33.0000
765,1.0000,0.0278,0.0151,4.5000,0.1511,0.0001,1.0000,0.0000,1.0000,0.0000,4.2857,36.0000
766,1.0000,0.0294,0.0071,3.2500,0.1076,0.2529,1.0000,0.0000,1.0000,0.0000,3.5651,34.0000
767,1.0000,0.0303,0.0161,2.5000,0.1206,0.1616,1.0000,0.0000,1.0000,0.0000,3.0303,33.0000
768,1.0000,0.0345,0.0194,3.0000,0.1294,0.4613,1.0000,0.0000,1.0000,0.0000,2.4631,29.0000
769,1.0000,0.0303,0.0343,2.5000,0.1540,0.0977,1.0000,0.0000,1.0000,0.0000,5.8712,33.0000
770,0.0000,0.0000,0.0000,0.0000,0.0000,0.0000,0.0000,0.0000,0.0000,0.0000,8.4034,35.0000
771,1.0000,0.0294,0.0170,2.8000,0.1226,0.0568,1.0000,0.0000,1.0000,0.0000,6.2389,34.0000
772,1.0000,0.0294,0.0038,3.0000,0.0909,0.0000,1.0000,0.0000,1.0000,0.0000,3.3868,34.0000
773,1.0000,0.0256,0.0237,3.6667,0.1682,0.0954,1.3333,239.6841,1.0000,0.0000,8.2321,39.0000
774,1.0000,0.0263,0.0056,3.0000,0.0940,0.0000,1.0000,0.0000,1.0000,0.0000,7.6814,38.0000
775,1.0000,0.0227,0.0075,2.7500,0.0819,0.1123,1.5000,147.0082,1.0000,0.0000,3.0655,44.0000
776,1.0000,0.0286,0.0169,4.5000,0.1718,0.2254,1.0000,0.0000,1.0000,0.0000,4.7059,35.0000
777,0.0000,0.0000,0.0000,0.0000,0.0000,0.0000,0.0000,0.0000,0.0000,0.0000,5.3763,31.0000
778,1.0000,0.0312,0.0043,3.0000,0.0968,0.6116,1.0000,0.0000,1.0000,0.0000,2.0161,32.0000
779,1.0000,0.0312,0.0844,5.0000,0.2375,0.3287,1.0000,0.0000,1.0000,0.0000,5.8468,32.0000
780,0.0000,0.0000,0.0000,0.0000,0.0000,0.0000,0.0000,0.0000,0.0000,0.0000,9.0909,33.0000
781,1.0000,0.0286,0.0285,5.0000,0.1961,0.1581,1.0000,0.0000,1.0000,0.0000,7.2269,35.0000
782,1.0000,0.0278,0.0034,2.0000,0.0643,0.0000,1.5000,170.3499,1.0000,0.0000,4.9206,36.0000
783,1.0000,0.0286,0.0046,2.6000,0.0794,0.1091,1.2000,91.2218,1.2000,0.0000,3.0252,35.0000
784,1.0000,0.0286,0.0098,4.0000,0.1341,0.1140,1.0000,0.0000,1.0000,0.0000,7.5630,35.0000
785,1.0000,0.0286,0.0123,4.6667,0.1451,0.2730,1.0000,0.0000,1.0000,0.0000,4.7059,35.0000
786,1.0000,0.0312,0.0366,5.0000,0.2375,0.1614,1.0000,0.0000,1.0000,0.0000,10.4839,32.0000
787,1.0000,0.0286,0.0202,3.3333,0.1349,0.1744,1.0000,0.0000,1.0000,0.0000,3.5294,35.0000
788,1.0000,0.0250,0.0423,4.3333,0.1538,0.0774,1.0000,0.0000,1.0000,0.0000,4.8718,40.0000
789,1.0000,0.0263,0.0222,2.2000,0.1058,0.0219,1.4000,123.6091,1.0000,0.0000,5.8321,38.0000
790,1.0000,0.0270,0.0238,4.0000,0.1587,0.1340,1.5000,133.5625,1.0000,0.0000,4.9550,37.0000
791,1.0000,0.0278,0.0025,2.5000,0.0714,0.0000,1.0000,0.0000,1.0000,0.0000,3.4921,36.0000
792,1.0000,0.0323,0.0130,2.3333,0.1080,0.1077,1.0000,0.0000,1.0000,0.0000,4.5161,31.0000
793,1.0000,0.0323,0.0123,2.3333,0.0972,0.3844,1.3333,83.7694,1.0000,0.0000,2.5806,31.0000
794,1.0000,0.0345,0.0079,2.5000,0.1071,0.1346,1.0000,0.0000,1.0000,0.0000,4.4335,29.0000
795,1.0000,0.0357,0.0085,3.0000,0.1204,0.1724,1.0000,0.0000,1.0000,0.0000,4.2328,28.0000
796,1.0000,0.0345,0.0165,3.0000,0.1180,0.2941,1.0000,0.0000,1.0000,0.0000,4.1872,29.0000
797,1.0000,0.0357,0.0028,2.0000,0.0741,0.0000,1.0000,0.0000,1.0000,0.0000,2.9101,28.0000
798,1.0000,0.0333,0.0172,4.2500,0.1680,0.2285,1.0000,0.0000,1.0000,0.0000,5.9770,30.0000
799,1.0000,0.0263,0.0015,2.0000,0.0541,0.0000,1.0000,0.0000,1.0000,0.0000,5.4054,38.0000
800,1.0000,0.0278,0.0109,2.5000,0.1000,0.0000,1.0000,0.0000,1.0000,0.0000,3.8095,36.0000
801,1.0000,0.0286,0.0065,3.3333,0.0980,0.2690,1.0000,0.0000,1.0000,0.0000,2.8571,35.0000
802,1.0000,0.0286,0.0030,2.0000,0.0637,0.0000,1.0000,0.0000,1.0000,0.0000,1.5126,35.0000
803,1.0000,0.0270,0.0159,4.0000,0.1769,0.1487,1.0000,0.0000,1.0000,0.0000,5.5556,37.0000
804,1.0000,0.0250,0.0290,3.2500,0.1466,0.0255,1.0000,0.0000,1.0000,0.0000,8.0769,40.0000
805,1.0000,0.0263,0.0020,2.3333,0.0631,0.0000,1.0000,0.0000,1.0000,0.0000,3.6984,38.0000
806,1.0000,0.0286,0.0288,2.3333,0.0977,0.2523,1.3333,136.2157,1.1667,0.0000,2.3529,35.0000
807,1.0000,0.0286,0.0450,4.5000,0.1784,0.3092,1.0000,0.0000,1.0000,0.0000,4.5378,35.0000
808,0.0000,0.0000,0.0000,0.0000,0.0000,0.0000,0.0000,0.0000,0.0000,0.0000,5.1051,37.0000
809,1.0000,0.0294,0.0152,2.5000,0.1083,0.1839,1.0000,0.0000,1.0000,0.0000,3.0303,34.0000
810,1.0000,0.0286,0.0340,4.4000,0.2092,0.1921,1.0000,0.0000,1.0000,0.0000,7.0588,35.0000
811,1.0000,0.0270,0.0016,2.0000,0.0556,0.0000,1.0000,0.0000,1.0000,0.0000,6.1562,37.0000
812,1.0000,0.0278,0.0139,2.5000,0.1085,0.0629,1.0000,0.0000,1.0000,0.0000,5.7143,36.0000
813,1.0000,0.0286,0.0189,2.6000,0.1101,0.0507,1.0000,0.0000,1.0000,0.0000,5.2101,35.0000
814,1.0000,0.0270,0.0129,3.7500,0.1244,0.1394,1.0000,0.0000,1.0000,0.0000,3.9039,37.0000
815,1.0000,0.0270,0.0016,2.0000,0.0556,0.0000,1.0000,0.0000,1.0000,0.0000,2.1021,37.0000
816,1.0000,0.0256,0.0121,2.6000,0.0922,0.0469,1.0000,0.0000,1.0000,0.0000,4.4534,39.0000
817,1.0000,0.0278,0.0076,4.0000,0.1190,0.4986,1.0000,0.0000,1.0000,0.0000,3.6508,36.0000
818,0.0000,0.0000,0.0000,0.0000,0.0000,0.0000,0.0000,0.0000,0.0000,0.0000,3.0108,31.0000
819,1.0000,0.0270,0.0048,2.6667,0.0821,0.0000,1.0000,0.0000,1.0000,0.0000,3.1532,37.0000
820,1.0000,0.0333,0.0846,3.0000,0.1801,0.1556,1.3333,67.0984,1.0000,0.0000,5.7471,30.0000
821,0.0000,0.0000,0.0000,0.0000,0.0000,0.0000,0.0000,0.0000,0.0000,0.0000,6.6532,32.0000
822,1.0000,0.0278,0.0412,4.5000,0.1733,0.3197,1.0000,0.0000,1.0000,0.0000,4.7619,36.0000
823,1.0000,0.0286,0.0089,2.2500,0.0899,0.0884,1.0000,0.0000,1.0000,0.0000,3.1933,35.0000
824,1.0000,0.0294,0.0525,3.6000,0.1984,0.0848,1.2000,48.6234,1.0000,0.0000,7.1301,34.0000
825,1.0000,0.0312,0.0022,2.0000,0.0645,0.0000,1.0000,0.0000,1.0000,0.0000,5.6452,32.0000
826,1.0000,0.0357,0.0028,2.0000,0.0741,0.0000,1.0000,0.0000,1.0000,0.0000,5.2910,28.0000
827,1.0000,0.0303,0.0101,3.0000,0.1250,0.2521,1.0000,0.0000,1.0000,0.0000,3.4091,33.0000
828,1.0000,0.0250,0.0099,2.6667,0.0886,0.2615,1.0000,0.0000,1.0000,0.0000,2.5641,40.0000
829,1.0000,0.0256,0.0498,5.0000,0.1994,0.1170,1.0000,0.0000,2.0000,0.0000,5.5331,39.0000
830,1.0000,0.0256,0.0135,2.5000,0.1045,0.1736,1.0000,0.0000,1.0000,0.0000,2.4291,39.0000
831,1.0000,0.0278,0.0280,5.0000,0.1502,0.2360,1.0000,0.0000,1.0000,0.0000,4.4444,36.0000
832,1.0000,0.0303,0.0136,2.5000,0.0972,0.3915,1.0000,0.0000,1.0000,0.0000,2.0833,33.0000
833,1.0000,0.0303,0.0382,4.5000,0.1938,0.2173,1.5000,242.0530,1.0000,0.0000,5.3030,33.0000
834,1.0000,0.0278,0.0101,5.0000,0.1429,0.0000,1.0000,0.0000,1.0000,0.0000,4.1270,36.0000
835,1.0000,0.0278,0.0057,2.8000,0.0864,0.1787,1.0000,0.0000,1.0000,0.0000,3.3333,36.0000
836,1.0000,0.0270,0.0215,3.3333,0.1344,0.1759,1.3333,82.9143,1.0000,0.0000,3.6036,37.0000
837,0.0000,0.0000,0.0000,0.0000,0.0000,0.0000,0.0000,0.0000,0.0000,0.0000,6.6667,36.0000
838,0.0000,0.0000,0.0000,0.0000,0.0000,0.0000,0.0000,0.0000,0.0000,0.0000,6.8254,36.0000
839,1.0000,0.0250,0.0067,3.0000,0.0935,0.0000,1.0000,0.0000,1.0000,0.0000,4.1026,40.0000
840,1.0000,0.0278,0.0172,2.5000,0.1065,0.1134,1.2500,126.8691,1.0000,0.0000,3.4921,36.0000
841,1.0000,0.0270,0.0218,3.2500,0.1279,0.1692,1.2500,66.1544,1.0000,0.0000,5.2553,37.0000
842,1.0000,0.0286,0.0036,2.0000,0.0662,0.0000,1.0000,0.0000,1.0000,0.0000,5.5462,35.0000
843,1.0000,0.0250,0.0290,5.0000,0.1340,0.1681,1.0000,0.0000,1.0000,0.0000,5.7692,40.0000
844,1.0000,0.0238,0.0149,4.4000,0.1419,0.2277,1.0000,0.0000,1.0000,0.0000,4.5296,42.0000
845,1.0000,0.0256,0.0218,4.6667,0.1472,0.3456,1.3333,44.5269,1.0000,0.0000,2.6991,39.0000
846,1.0000,0.0278,0.0101,5.0000,0.1556,0.3619,1.0000,0.0000,1.0000,0.0000,4.1270,36.0000
847,1.0000,0.0263,0.0163,5.0000,0.1572,0.3299,1.0000,0.0000,1.0000,0.0000,3.5562,38.0000
848,1.0000,0.0294,0.0019,2.0000,0.0606,0.0000,1.0000,0.0000,1.0000,0.0000,4.6346,34.0000
849,1.0000,0.0323,0.0031,2.3333,0.0778,0.2039,1.0000,0.0000,1.0000,0.0000,3.0108,31.0000
850,1.0000,0.0278,0.0252,3.2500,0.1148,0.2412,1.2500,80.4243,1.0000,0.0000,3.3333,36.0000
851,0.0000,0.0000,0.0000,0.0000,0.0000,0.0000,0.0000,0.0000,0.0000,0.0000,2.5287,30.0000
852,1.0000,0.0357,0.0456,4.0000,0.1949,0.1053,1.0000,0.0000,1.0000,0.0000,7.4074,28.0000
853,1.0000,0.0286,0.0042,3.3333,0.0980,0.1541,1.3333,137.8745,1.0000,0.0000,3.6975,35.0000
854,1.0000,0.0303,0.0044,2.6667,0.0851,0.1662,1.0000,0.0000,1.0000,0.0000,3.0303,33.0000
855,1.0000,0.0312,0.0333,3.0000,0.1425,0.2454,1.5000,161.1438,1.0000,0.0000,3.6290,32.0000
856,1.0000,0.0312,0.0086,2.6667,0.1015,0.0000,1.0000,0.0000,1.3333,0.0000,4.0323,32.0000
857,1.0000,0.0303,0.0363,3.3333,0.1916,0.1019,1.3333,91.6701,1.0000,0.0000,7.7652,33.0000
858,1.0000,0.0357,0.0205,2.2000,0.1129,0.0686,1.2000,33.4233,1.0000,0.0000,4.7619,28.0000
859,1.0000,0.0345,0.0073,2.0000,0.0825,0.0001,1.2500,148.6471,1.0000,0.0000,2.4631,29.0000
860,0.0000,0.0000,0.0000,0.0000,0.0000,0.0000,0.0000,0.0000,0.0000,0.0000,1.6092,30.0000
861,1.0000,0.0303,0.0266,4.5000,0.2025,0.2036,1.0000,0.0000,1.0000,0.0000,6.4394,33.0000
862,1.0000,0.0400,0.0127,2.5000,0.1222,0.4731,1.0000,0.0000,1.0000,0.0000,3.0000,25.0000
863,1.0000,0.0312,0.0522,3.0000,0.1378,0.2122,1.0000,0.0000,1.2500,0.0000,3.6290,32.0000
864,0.0000,0.0000,0.0000,0.0000,0.0000,0.0000,0.0000,0.0000,0.0000,0.0000,7.3084,34.0000
865,1.0000,0.0270,0.0024,2.5000,0.0694,0.0000,1.0000,0.0000,1.0000,0.0000,5.2553,37.0000
866,1.0000,0.0250,0.0027,2.5000,0.0667,0.2374,1.0000,0.0000,1.0000,0.0000,2.4359,40.0000
867,1.0000,0.0270,0.0231,4.0000,0.1652,0.1920,1.5000,103.3114,1.0000,0.0000,4.8048,37.0000
868,1.0000,0.0238,0.0370,4.0000,0.1513,0.0315,1.0000,0.0000,1.0000,0.0000,8.0139,42.0000
869,1.0000,0.0250,0.0013,2.0000,0.0513,0.0000,2.0000,460.7136,1.0000,0.0000,4.3590,40.0000
870,1.0000,0.0303,0.0383,7.0000,0.2224,0.3977,1.0000,0.0000,2.0000,0.0000,6.6288,33.0000
871,1.0000,0.0250,0.0448,3.1667,0.1252,0.2064,1.0000,0.0000,1.1667,0.0000,3.3333,40.0000
872,1.0000,0.0256,0.0014,2.0000,0.0526,0.0000,2.0000,542.0121,1.0000,0.0000,6.3428,39.0000
873,1.0000,0.0263,0.0060,3.5000,0.1041,0.1724,1.0000,0.0000,1.0000,0.0000,3.4139,38.0000
874,1.0000,0.0333,0.0296,4.0000,0.1839,0.1800,1.0000,0.0000,1.0000,0.0000,6.6667,30.0000
875,1.0000,0.0303,0.0171,3.5000,0.1328,0.0000,1.0000,0.0000,1.0000,0.0000,3.7879,33.0000
876,0.0000,0.0000,0.0000,0.0000,0.0000,0.0000,0.0000,0.0000,0.0000,0.0000,10.3333,25.0000
877,0.0000,0.0000,0.0000,0.0000,0.0000,0.0000,0.0000,0.0000,0.0000,0.0000,5.7971,24.0000
878,1.0000,0.0357,0.1257,3.8750,0.2370,0.1481,1.0000,0.0000,1.1250,0.0000,8.9947,28.0000
879,1.0000,0.0286,0.0018,2.0000,0.0588,0.0000,2.0000,321.1270,1.0000,0.0000,6.0504,35.0000
880,1.0000,0.0303,0.0020,2.0000,0.0625,0.5000,1.5000,195.1041,1.0000,0.0000,1.3258,33.0000
881,1.0000,0.0345,0.0282,3.3333,0.1409,0.2490,1.0000,0.0000,1.3333,0.0000,4.6798,29.0000
882,1.0000,0.0333,0.0234,4.5000,0.2014,0.2254,1.0000,0.0000,1.0000,0.0000,5.7471,30.0000
883,1.0000,0.0312,0.0789,6.0000,0.2581,0.3766,1.0000,0.0000,1.0000,0.0000,5.8468,32.0000
884,1.0000,0.0270,0.0063,3.5000,0.1086,0.1730,1.0000,0.0000,1.0000,0.0000,4.2042,37.0000
885,1.0000,0.0286,0.0321,5.0000,0.1863,0.1846,1.0000,0.0000,1.0000,0.0000,10.5882,35.0000
886,1.0000,0.0233,0.0253,3.2500,0.1055,0.1764,1.0000,0.0000,1.2500,0.0000,3.8760,43.0000
887,1.0000,0.0256,0.0114,3.5000,0.0965,0.2035,1.0000,0.0000,1.0000,0.0000,3.3738,39.0000
888,1.0000,0.0303,0.0302,3.5000,0.1519,0.0885,1.0000,0.0000,1.0000,0.0000,5.1136,33.0000
889,0.0000,0.0000,0.0000,0.0000,0.0000,0.0000,0.0000,0.0000,0.0000,0.0000,5.8468,32.0000
890,1.0000,0.0312,0.0462,3.0000,0.1508,0.0835,1.0000,0.0000,1.0000,0.0000,5.6452,32.0000
891,1.0000,0.0294,0.0051,2.6667,0.0875,0.1540,1.3333,237.1140,1.0000,0.0000,2.6738,34.0000
892,1.0000,0.0303,0.0282,2.8000,0.1131,0.2866,1.0000,0.0000,1.0000,0.0000,3.2197,33.0000
893,1.0000,0.0286,0.0089,5.0000,0.1513,0.0000,1.0000,0.0000,1.0000,0.0000,6.8908,35.0000
894,0.0000,0.0000,0.0000,0.0000,0.0000,0.0000,0.0000,0.0000,0.0000,0.0000,9.7561,42.0000
895,1.0000,0.0222,0.0018,2.0000,0.0492,0.0000,1.0000,0.0000,1.0000,0.0000,3.2323,45.0000
896,1.0000,0.0250,0.0081,4.5000,0.1199,0.3554,1.0000,0.0000,1.0000,0.0000,3.7179,40.0000
897,1.0000,0.0278,0.0109,5.0000,0.1429,0.1973,1.5000,275.4302,1.0000,0.0000,4.6032,36.0000
898,1.0000,0.0263,0.0459,2.8889,0.1104,0.1210,1.1111,72.4831,1.0000,0.0000,4.4097,38.0000
899,1.0000,0.0270,0.0162,3.6667,0.1274,0.2047,1.0000,0.0000,1.0000,0.0000,4.0541,37.0000
900,1.0000,0.0263,0.0342,5.0000,0.1760,0.2483,1.0000,0.0000,1.0000,0.0000,3.5562,38.0000
901,1.0000,0.0294,0.0170,4.5000,0.1733,0.2843,1.0000,0.0000,1.0000,0.0000,5.7041,34.0000
902,1.0000,0.0278,0.0025,2.5000,0.0714,0.3058,1.0000,0.0000,1.0000,0.0000,2.5397,36.0000
903,0.0000,0.0000,0.0000,0.0000,0.0000,0.0000,0.0000,0.0000,0.0000,0.0000,4.4563,34.0000
904,1.0000,0.0270,0.0016,2.0000,0.0556,0.0000,1.0000,0.0000,1.0000,0.0000,10.3604,37.0000
905,1.0000,0.0263,0.0201,3.1250,0.1045,0.1559,1.0000,0.0000,1.0000,0.0000,3.9829,38.0000
906,1.0000,0.0286,0.0053,3.3333,0.1013,0.3372,1.3333,55.7706,1.0000,0.0000,3.0252,35.0000
907,1.0000,0.0256,0.0210,2.7500,0.1072,0.0252,1.2500,24.8278,1.0000,0.0000,6.0729,39.0000
908,1.0000,0.0233,0.0105,6.0000,0.1701,0.2266,1.0000,0.0000,1.0000,0.0000,6.0908,43.0000
909,1.0000,0.0244,0.0529,2.7500,0.1125,0.0347,1.0000,0.0000,1.0000,0.0000,4.3902,41.0000
910,1.0000,0.0244,0.0083,3.0000,0.0972,0.2683,1.0000,0.0000,1.0000,0.0000,2.6829,41.0000
911,1.0000,0.0250,0.0733,4.3333,0.1656,0.1318,1.0000,0.0000,1.3333,0.0000,6.2821,40.0000
912,1.0000,0.0250,0.0186,4.0000,0.1432,0.1127,1.0000,0.0000,1.0000,0.0000,6.2821,40.0000
913,1.0000,0.0286,0.0143,2.6667,0.0938,0.0873,1.0000,0.0000,1.0000,0.0000,3.6975,35.0000
914,0.0000,0.0000,0.0000,0.0000,0.0000,0.0000,0.0000,0.0000,0.0000,0.0000,10.1075,31.0000
915,1.0000,0.0294,0.0142,3.0000,0.1140,0.1542,1.2500,27.8359,1.0000,0.0000,3.3868,34.0000
916,1.0000,0.0323,0.0143,2.2000,0.0912,0.2574,1.0000,0.0000,1.0000,0.0000,2.1505,31.0000
917,1.0000,0.0312,0.0167,4.0000,0.1443,0.1884,1.0000,0.0000,1.0000,0.0000,5.6452,32.0000
918,1.0000,0.0256,0.0166,2.6667,0.1229,0.0380,1.3333,68.1289,1.0000,0.0000,5.8030,39.0000
919,1.0000,0.0278,0.0017,2.0000,0.0571,0.0000,1.0000,0.0000,1.0000,0.0000,4.6032,36.0000
920,1.0000,0.0294,0.0174,3.3333,0.1275,0.3741,1.0000,0.0000,1.0000,0.0000,2.8520,34.0000
921,1.0000,0.0357,0.0313,3.0000,0.1821,0.1209,1.0000,0.0000,1.0000,0.0000,7.1429,28.0000
922,0.0000,0.0000,0.0000,0.0000,0.0000,0.0000,0.0000,0.0000,0.0000,0.0000,7.3574,37.0000
923,1.0000,0.0250,0.0155,6.5000,0.1667,0.1873,1.0000,0.0000,1.0000,0.0000,5.7692,40.0000
924,1.0000,0.0294,0.0038,3.0000,0.0909,0.6116,2.0000,220.1919,1.0000,0.0000,2.1390,34.0000
925,1.0000,0.0312,0.0394,4.0000,0.1679,0.1299,1.0000,0.0000,1.3333,0.0000,6.8548,32.0000
926,1.0000,0.0278,0.0050,4.0000,0.1143,0.5236,1.0000,0.0000,1.0000,0.0000,1.7460,36.0000
927,1.0000,0.0303,0.0228,3.3333,0.1173,0.1796,1.0000,0.0000,1.0000,0.0000,4.7348,33.0000
928,1.0000,0.0312,0.0188,2.7500,0.1194,0.1310,1.0000,0.0000,1.0000,0.0000,5.4435,32.0000
929,1.0000,0.0294,0.0347,3.6667,0.1475,0.2203,1.0000,0.0000,1.0000,0.0000,5.5258,34.0000
930,1.0000,0.0294,0.0305,4.0000,0.1592,0.1387,1.0000,0.0000,1.0000,0.0000,7.1301,34.0000
931,1.0000,0.0250,0.0235,3.5000,0.1374,0.1534,1.0000,0.0000,1.0000,0.0000,3.8462,40.0000
932,1.0000,0.0244,0.0141,4.3333,0.1417,0.1046,1.0000,0.0000,1.0000,0.0000,6.7073,41.0000
933,1.0000,0.0227,0.0096,3.3333,0.1015,0.2545,1.0000,0.0000,1.0000,0.0000,3.5941,44.0000
934,0.0000,0.0000,0.0000,0.0000,0.0000,0.0000,0.0000,0.0000,0.0000,0.0000,3.6984,38.0000
935,1.0000,0.0278,0.0078,2.6667,0.0902,0.0000,1.0000,0.0000,1.0000,0.0000,3.6508,36.0000
936,1.0000,0.0303,0.0262,3.2000,0.1302,0.1323,1.0000,0.0000,1.0000,0.0000,4.5455,33.0000
937,1.0000,0.0286,0.0125,3.5000,0.1216,0.2539,1.0000,0.0000,1.0000,0.0000,5.2101,35.0000
938,1.0000,0.0250,0.0364,3.0000,0.1433,0.0224,1.0000,0.0000,1.0000,0.0000,7.4359,40.0000
939,1.0000,0.0227,0.0048,4.3333,0.1066,0.0998,1.3333,188.9848,1.0000,0.0000,4.7569,44.0000
940,1.0000,0.0294,0.0088,2.2500,0.0847,0.0671,1.0000,0.0000,1.0000,0.0000,3.9216,34.0000
941,1.0000,0.0303,0.0081,3.0000,0.1116,0.0000,2.0000,243.0227,1.0000,0.0000,4.3561,33.0000
942,1.0000,0.0278,0.0415,3.3333,0.1528,0.0624,1.0000,0.0000,1.3333,0.0000,9.3651,36.0000
943,0.0000,0.0000,0.0000,0.0000,0.0000,0.0000,0.0000,0.0000,0.0000,0.0000,6.7568,37.0000
944,1.0000,0.0250,0.0027,3.0000,0.0769,0.0000,1.0000,0.0000,1.0000,0.0000,6.5385,40.0000
945,1.0000,0.0238,0.0373,4.0000,0.1569,0.1039,1.0000,0.0000,1.0000,0.0000,6.3879,42.0000
946,1.0000,0.0244,0.0120,2.8333,0.0946,0.0956,1.1667,39.2325,1.0000,0.0000,3.7805,41.0000
947,0.0000,0.0000,0.0000,0.0000,0.0000,0.0000,0.0000,0.0000,0.0000,0.0000,2.3529,35.0000
948,1.0000,0.0286,0.0535,7.0000,0.2373,0.4135,1.0000,0.0000,1.0000,0.0000,5.8824,35.0000
949,1.0000,0.0286,0.0036,3.0000,0.0882,0.2618,1.0000,0.0000,1.0000,0.0000,2.3529,35.0000
950,1.0000,0.0286,0.0305,8.0000,0.2551,0.2734,1.0000,0.0000,1.0000,0.0000,7.7311,35.0000
951,1.0000,0.0278,0.0286,3.6667,0.1375,0.1631,1.0000,0.0000,1.0000,0.0000,4.4444,36.0000
952,1.0000,0.0312,0.0151,4.0000,0.1475,0.4101,1.0000,0.0000,1.0000,0.0000,3.6290,32.0000
953,1.0000,0.0286,0.0227,5.0000,0.1770,0.4184,1.0000,0.0000,1.0000,0.0000,2.8571,35.0000
954,1.0000,0.0294,0.0303,3.0000,0.1652,0.0582,1.0000,0.0000,1.0000,0.0000,8.1996,34.0000
955,1.0000,0.0286,0.0761,7.0000,0.2367,0.4347,1.0000,0.0000,1.0000,0.0000,5.5462,35.0000
956,1.0000,0.0294,0.0145,3.3333,0.1340,0.1148,1.0000,0.0000,1.0000,0.0000,5.1693,34.0000
957,0.0000,0.0000,0.0000,0.0000,0.0000,0.0000,0.0000,0.0000,0.0000,0.0000,5.6818,33.0000
958,1.0000,0.0286,0.0304,4.0000,0.1754,0.2038,1.0000,0.0000,1.0000,0.0000,5.0420,35.0000
959,1.0000,0.0270,0.0241,3.4000,0.1208,0.1437,1.0000,0.0000,1.0000,0.0000,4.0541,37.0000
960,1.0000,0.0185,0.0015,2.7500,0.0519,0.0000,1.0000,0.0000,1.0000,0.0000,3.7037,54.0000
961,1.0000,0.0152,0.0157,5.8333,0.1283,0.0800,1.0000,0.0000,1.0000,0.0000,5.8741,66.0000
962,1.0000,0.0139,0.0031,3.0000,0.0507,0.0000,1.5000,292.8493,1.0000,0.0000,6.2207,72.0000
963,1.0000,0.0130,0.0015,2.7500,0.0406,0.0000,1.5000,152.5759,1.2500,0.0000,3.9986,77.0000
964,1.0000,0.0141,0.0313,3.6923,0.0964,0.0381,1.0769,87.9418,1.0000,0.0000,3.7022,71.0000
965,1.0000,0.0156,0.0005,2.0000,0.0317,0.0000,1.0000,0.0000,1.0000,0.0000,5.9028,64.0000
966,1.0000,0.0132,0.0083,2.6667,0.0765,0.0130,1.0000,0.0000,1.3333,0.0000,6.9825,76.0000
967,1.0000,0.0128,0.0220,3.0000,0.0836,0.0131,1.0000,0.0000,1.0000,0.0000,4.3290,78.0000
968,1.0000,0.0143,0.0095,3.6000,0.0689,0.0119,1.0000,0.0000,1.2000,0.0000,3.5197,70.0000
969,1.0000,0.0145,0.0124,4.0000,0.0796,0.0453,1.0000,0.0000,1.1667,0.0000,3.5379,69.0000
970,1.0000,0.0137,0.0098,4.4000,0.0828,0.0369,1.1000,58.2421,1.0000,0.0000,4.1857,73.0000
971,1.0000,0.0139,0.0204,4.2857,0.0931,0.0691,1.2857,193.3994,1.2857,0.0000,3.8732,72.0000
972,1.0000,0.0147,0.0265,6.0000,0.1690,0.0972,1.0000,0.0000,1.0000,0.0000,5.7946,68.0000
973,1.0000,0.0152,0.0061,3.6667,0.0692,0.0000,1.0000,0.0000,1.0000,0.0000,6.5268,66.0000
974,1.0000,0.0137,0.0300,3.0000,0.0875,0.0005,1.0000,0.0000,1.0000,0.0000,5.6697,73.0000
975,1.0000,0.0143,0.0133,3.0000,0.0782,0.0249,1.0000,0.0000,1.0000,0.0000,4.8447,70.0000
976,1.0000,0.0143,0.0052,2.8750,0.0674,0.0266,1.2500,158.7735,1.0000,0.0000,4.0166,70.0000
977,1.0000,0.0141,0.0055,2.5714,0.0504,0.0219,1.1429,67.3945,1.0000,0.0000,4.3461,71.0000
978,1.0000,0.0133,0.0092,4.4286,0.0834,0.0406,1.2857,109.8445,1.1429,0.0000,5.3694,75.0000
979,1.0000,0.0128,0.0011,2.8000,0.0402,0.0000,1.2000,229.9167,1.0000,0.0000,6.3270,78.0000
980,1.0000,0.0128,0.0220,5.0000,0.0936,0.0055,1.3333,431.6370,1.0000,0.0000,8.6913,78.0000
981,1.0000,0.0118,0.0164,4.1667,0.0858,0.0247,1.1667,129.1322,1.0000,0.0000,4.4258,85.0000
982,1.0000,0.0130,0.0041,2.7692,0.0519,0.0152,1.1538,20.0759,1.0769,0.0000,4.2037,77.0000
983,1.0000,0.0122,0.0157,5.2222,0.0925,0.0534,1.2222,161.5806,1.0000,0.0000,5.5706,82.0000
984,1.0000,0.0116,0.0007,2.4286,0.0315,0.0000,1.0000,0.0000,1.0000,0.0000,4.9521,86.0000
985,1.0000,0.0127,0.0228,3.8333,0.0924,0.0193,1.3333,229.5249,1.0000,0.0000,4.0247,79.0000
986,1.0000,0.0133,0.0125,2.6667,0.0945,0.0043,1.0000,0.0000,1.0000,0.0000,8.3604,75.0000
987,1.0000,0.0122,0.0008,3.0000,0.0394,0.0000,1.6667,375.6874,1.0000,0.0000,6.6847,82.0000
988,1.0000,0.0125,0.0265,4.9167,0.1110,0.0443,1.0000,0.0000,1.0000,0.0000,5.2848,80.0000
989,1.0000,0.0139,0.0018,3.0000,0.0500,0.0000,1.0000,0.0000,1.0000,0.0000,6.2207,72.0000
990,1.0000,0.0152,0.0053,2.1667,0.0451,0.0000,1.0000,0.0000,1.0000,0.0000,2.9837,66.0000
991,1.0000,0.0145,0.0111,3.3333,0.0796,0.0139,1.0000,0.0000,1.0000,0.0000,6.3512,69.0000
992,1.0000,0.0139,0.0007,2.2500,0.0335,0.0000,1.0000,0.0000,1.0000,0.0000,4.5775,72.0000
993,1.0000,0.0139,0.0059,2.1667,0.0614,0.0023,1.0000,0.0000,1.0000,0.0000,7.0031,72.0000
994,1.0000,0.0141,0.0181,4.2000,0.1165,0.0292,1.0000,0.0000,1.0000,0.0000,5.6338,71.0000
995,1.0000,0.0127,0.0047,3.1111,0.0633,0.0112,1.1111,105.5918,1.0000,0.0000,4.5764,79.0000
996,1.0000,0.0119,0.0107,4.2857,0.1047,0.0222,1.0000,0.0000,1.0000,0.0000,5.9954,84.0000
997,1.0000,0.0119,0.0121,4.8571,0.0974,0.0425,1.0000,0.0000,1.0000,0.0000,5.9380,84.0000
998,1.0000,0.0139,0.0010,3.5000,0.0493,0.0000,1.0000,0.0000,1.0000,0.0000,3.6385,72.0000
999,1.0000,0.0143,0.0364,4.0000,0.1333,0.0188,1.0000,0.0000,1.0000,0.0000,4.5963,70.0000
1000,1.0000,0.0152,0.0099,3.0000,0.0729,0.0076,1.0000,0.0000,1.0000,0.0000,5.3613,66.0000
1001,1.0000,0.0145,0.0088,3.2000,0.0895,0.0359,1.2000,99.3265,1.0000,0.0000,4.9872,69.0000
1002,1.0000,0.0149,0.0220,3.1429,0.0658,0.0138,1.0000,0.0000,1.0000,0.0000,4.1158,67.0000
1003,1.0000,0.0143,0.0103,3.2857,0.0749,0.0105,1.2857,141.9622,1.0000,0.0000,5.9213,70.0000
1004,1.0000,0.0141,0.0065,3.7143,0.0651,0.0475,1.1429,81.6972,1.0000,0.0000,4.2254,71.0000
1005,1.0000,0.0145,0.0152,3.1429,0.0939,0.0242,1.0000,0.0000,1.2857,0.0000,5.2430,69.0000
1006,1.0000,0.0135,0.0015,2.6667,0.0411,0.0000,1.0000,0.0000,1.0000,0.0000,7.4047,74.0000
1007,1.0000,0.0130,0.0084,3.4286,0.0581,0.0279,1.0000,0.0000,1.0000,0.0000,5.0581,77.0000
1008,1.0000,0.0119,0.0022,2.6667,0.0409,0.0000,1.1667,89.9410,1.0000,0.0000,5.2783,84.0000
1009,1.0000,0.0123,0.0152,3.9000,0.0836,0.0082,1.2000,105.8327,1.0000,0.0000,5.8025,81.0000
1010,1.0000,0.0127,0.0268,5.1667,0.1006,0.0191,1.1667,66.7611,1.0000,0.0000,8.4064,79.0000
1011,1.0000,0.0125,0.0093,3.8000,0.0919,0.0398,1.2000,102.0668,1.0000,0.0000,5.1266,80.0000
1012,1.0000,0.0137,0.0252,4.5000,0.1274,0.0337,1.5000,284.5461,1.0000,0.0000,4.8326,73.0000
1013,1.0000,0.0132,0.0230,5.3750,0.1200,0.0723,1.0000,0.0000,1.0000,0.0000,4.7368,76.0000
1014,1.0000,0.0132,0.0010,2.4286,0.0346,0.0000,1.2857,100.5657,1.0000,0.0000,4.6667,76.0000
1015,1.0000,0.0133,0.0036,4.1667,0.0725,0.0501,1.1667,131.0163,1.0000,0.0000,4.7207,75.0000
1016,1.0000,0.0132,0.0171,4.0000,0.1050,0.0218,1.0000,0.0000,1.0000,0.0000,7.1930,76.0000
1017,1.0000,0.0120,0.0074,3.8333,0.0814,0.0092,1.1667,126.2927,1.0000,0.0000,5.4658,83.0000
1018,1.0000,0.0119,0.0145,3.7500,0.1296,0.0150,1.0000,0.0000,1.2500,0.0000,6.7699,84.0000
1019,1.0000,0.0115,0.0048,2.5455,0.0444,0.0002,1.0000,0.0000,1.0909,0.0000,5.0789,87.0000
1020,1.0000,0.0119,0.0064,3.1667,0.0864,0.0020,1.0000,0.0000,1.0000,0.0000,12.0482,84.0000
1021,1.0000,0.0120,0.0015,3.0000,0.0442,0.0000,1.0000,0.0000,1.0000,0.0000,5.2895,83.0000
1022,1.0000,0.0135,0.0082,3.3333,0.0713,0.0083,1.3333,236.4719,1.0000,0.0000,4.1466,74.0000
1023,1.0000,0.0139,0.0265,3.4286,0.0988,0.0244,1.1429,44.2265,1.2857,0.0000,4.6948,72.0000
1024,1.0000,0.0130,0.0101,3.8000,0.0906,0.0272,1.2000,274.2489,1.0000,0.0000,5.3657,77.0000
1025,1.0000,0.0137,0.0525,5.7500,0.1375,0.0521,1.0000,0.0000,1.0000,0.0000,6.2405,73.0000
1026,1.0000,0.0122,0.0159,3.8750,0.0851,0.0411,1.1250,27.7406,1.1250,0.0000,3.5531,82.0000
1027,1.0000,0.0125,0.0028,3.8000,0.0575,0.0000,1.2000,110.9844,1.0000,0.0000,4.0190,80.0000
1028,1.0000,0.0139,0.0038,3.2000,0.0688,0.0574,1.4000,141.6065,1.0000,0.0000,3.5211,72.0000
1029,1.0000,0.0139,0.0181,4.0000,0.0809,0.0279,1.1111,119.7926,1.0000,0.0000,4.9296,72.0000
1030,1.0000,0.0133,0.0038,3.4000,0.0602,0.0225,1.4000,230.0280,1.1000,0.0000,5.3694,75.0000
1031,1.0000,0.0132,0.0083,4.3000,0.0827,0.0251,1.0000,0.0000,1.0000,0.0000,7.2281,76.0000
1032,1.0000,0.0125,0.0138,4.1000,0.0735,0.0342,1.3000,163.6338,1.1000,0.0000,3.9241,80.0000
1033,1.0000,0.0139,0.0080,2.8333,0.0700,0.0109,1.0000,0.0000,1.1667,0.0000,4.5775,72.0000
1034,1.0000,0.0139,0.0082,2.3333,0.0601,0.0024,1.0000,0.0000,1.0000,0.0000,5.6729,72.0000
1035,1.0000,0.0143,0.0097,3.2857,0.0757,0.0309,1.1429,140.2952,1.0000,0.0000,3.8509,70.0000
1036,1.0000,0.0141,0.0308,2.9000,0.0910,0.0193,1.1000,58.1650,1.2000,0.0000,3.9839,71.0000
1037,1.0000,0.0135,0.0096,3.1429,0.0669,0.0477,1.1429,35.5887,1.0000,0.0000,3.1840,74.0000
1038,1.0000,0.0156,0.0098,4.1429,0.0937,0.0885,1.0000,0.0000,1.0000,0.0000,3.5218,64.0000
1039,1.0000,0.0139,0.0134,4.4286,0.0897,0.0587,1.0000,0.0000,1.0000,0.0000,3.5603,72.0000
1040,1.0000,0.0135,0.0405,3.8333,0.1373,0.0255,1.0000,0.0000,1.0000,0.0000,7.8860,74.0000
1041,1.0000,0.0119,0.0212,3.3333,0.0951,0.0080,1.0000,0.0000,1.0000,0.0000,5.2209,84.0000
1042,1.0000,0.0122,0.0260,2.8000,0.0540,0.0055,1.0667,27.7697,1.0000,0.0000,3.5833,82.0000
1043,1.0000,0.0139,0.0044,3.1250,0.0596,0.0098,1.3750,308.3794,1.0000,0.0000,3.4429,72.0000
1044,1.0000,0.0152,0.0009,2.4000,0.0385,0.0000,1.2000,114.0196,1.0000,0.0000,2.7506,66.0000
1045,1.0000,0.0143,0.0284,3.2857,0.0814,0.0300,1.0000,0.0000,1.1429,0.0000,4.1822,70.0000
1046,1.0000,0.0147,0.0691,5.0000,0.1245,0.0504,1.1111,30.6745,1.0000,0.0000,5.0483,68.0000
1047,1.0000,0.0137,0.0061,4.0000,0.0886,0.0005,1.0000,0.0000,1.0000,0.0000,6.7352,73.0000
1048,1.0000,0.0132,0.0088,7.7500,0.1473,0.0562,1.0000,0.0000,1.0000,0.0000,9.3684,76.0000
1049,1.0000,0.0127,0.0037,3.2727,0.0600,0.0131,1.0909,52.5417,1.0000,0.0000,4.4466,79.0000
1050,1.0000,0.0128,0.0127,2.5000,0.0936,0.0204,1.0000,0.0000,1.0000,0.0000,4.8285,78.0000
1051,1.0000,0.0135,0.0311,4.2000,0.0955,0.0265,1.1000,17.2541,1.1000,0.0000,4.9241,74.0000
1052,1.0000,0.0143,0.0252,3.8000,0.0837,0.0210,1.0000,0.0000,1.0000,0.0000,4.7205,70.0000
1053,1.0000,0.0147,0.0415,4.1250,0.1360,0.0415,1.1250,59.7481,1.0000,0.0000,5.4873,68.0000
1054,1.0000,0.0139,0.0263,3.3636,0.1001,0.0186,1.0909,57.9151,1.0000,0.0000,4.3427,72.0000
1055,1.0000,0.0139,0.0093,4.1667,0.0825,0.0266,1.1667,76.4447,1.0000,0.0000,7.4335,72.0000
1056,1.0000,0.0132,0.0081,4.0000,0.0651,0.0336,1.2857,235.5907,1.1429,0.0000,4.7368,76.0000
1057,1.0000,0.0143,0.0048,3.1250,0.0592,0.0882,1.0000,0.0000,1.1250,0.0000,2.2774,70.0000
1058,1.0000,0.0161,0.0014,2.5000,0.0438,0.0000,1.0000,0.0000,1.0000,0.0000,3.2258,62.0000
1059,1.0000,0.0172,0.0426,4.0000,0.1522,0.0443,1.0000,0.0000,1.0000,0.0000,5.3237,58.0000
1060,1.0000,0.0147,0.0178,4.1667,0.1184,0.0320,1.1667,38.4719,1.0000,0.0000,6.1896,68.0000
1061,1.0000,0.0128,0.0071,2.6667,0.0850,0.0187,1.0000,0.0000,1.0000,0.0000,5.2614,78.0000
1062,1.0000,0.0139,0.0220,4.0000,0.1090,0.0308,1.1250,61.2880,1.0000,0.0000,5.6729,72.0000
1063,1.0000,0.0143,0.0045,3.4000,0.0760,0.0211,1.0000,0.0000,1.0000,0.0000,5.0932,70.0000
1064,1.0000,0.0137,0.0119,4.0000,0.0893,0.0224,1.0000,0.0000,1.0000,0.0000,4.2618,73.0000
1065,1.0000,0.0130,0.0222,4.0000,0.0867,0.0243,1.0000,0.0000,1.2000,0.0000,4.8872,77.0000
1066,1.0000,0.0133,0.0191,3.2500,0.1442,0.0020,1.0000,0.0000,1.0000,0.0000,9.9459,75.0000
1067,1.0000,0.0133,0.0308,4.0000,0.0883,0.0371,1.0000,0.0000,1.0000,0.0000,4.5045,75.0000
1068,1.0000,0.0137,0.0182,3.3846,0.0653,0.0275,1.0000,0.0000,1.0000,0.0000,3.5008,73.0000
1069,1.0000,0.0137,0.0106,3.3571,0.0686,0.0084,1.0714,24.7803,1.0000,0.0000,5.5175,73.0000
1070,1.0000,0.0139,0.0080,3.0000,0.0553,0.0059,1.1667,114.3546,1.0000,0.0000,3.5603,72.0000
1071,1.0000,0.0147,0.0078,2.7143,0.0602,0.0125,1.1429,129.3455,1.0000,0.0000,5.3117,68.0000
1072,1.0000,0.0149,0.0126,3.0000,0.0917,0.0104,1.2000,158.8266,1.0000,0.0000,6.2867,67.0000
1073,1.0000,0.0156,0.0062,3.0000,0.1073,0.0228,1.0000,0.0000,1.0000,0.0000,6.0020,64.0000
1074,1.0000,0.0149,0.0005,2.0000,0.0303,0.0000,1.5000,232.9665,1.0000,0.0000,4.7490,67.0000
1075,1.0000,0.0137,0.0034,3.2000,0.0564,0.0000,1.4000,115.5744,1.0000,0.0000,6.1263,73.0000
1076,1.0000,0.0133,0.0124,3.0000,0.0625,0.0038,1.0000,0.0000,1.0000,0.0000,4.3964,75.0000
1077,1.0000,0.0137,0.0064,4.2857,0.0682,0.0445,1.0000,0.0000,1.0000,0.0000,3.5008,73.0000
1078,1.0000,0.0147,0.0071,2.4286,0.0661,0.0065,1.0000,0.0000,1.0000,0.0000,6.0140,68.0000
1079,1.0000,0.0132,0.0277,6.0000,0.1516,0.0179,1.0000,0.0000,1.0000,0.0000,8.8421,76.0000
1080,1.0000,0.0128,0.0237,4.4545,0.1067,0.0462,1.0909,16.9716,1.0000,0.0000,5.4612,78.0000
1081,1.0000,0.0133,0.0161,3.8000,0.0813,0.0121,1.2000,159.3561,1.0000,0.0000,3.8919,75.0000
1082,1.0000,0.0127,0.0011,2.6000,0.0371,0.0000,1.0000,0.0000,1.0000,0.0000,5.3229,79.0000
1083,1.0000,0.0128,0.0009,2.5000,0.0354,0.0000,1.2500,120.0243,1.0000,0.0000,3.9294,78.0000
1084,1.0000,0.0139,0.0164,3.8333,0.0965,0.0150,1.0000,0.0000,1.0000,0.0000,5.0469,72.0000
1085,1.0000,0.0132,0.0053,2.4000,0.0542,0.0004,1.0000,0.0000,1.0000,0.0000,4.8070,76.0000
1086,1.0000,0.0152,0.0084,3.1250,0.0746,0.0618,1.0000,0.0000,1.0000,0.0000,2.9837,66.0000
1087,1.0000,0.0164,0.0536,3.2857,0.1188,0.0088,1.0000,0.0000,1.0000,0.0000,5.4098,61.0000
1088,1.0000,0.0143,0.0147,3.5000,0.0716,0.0433,1.5000,174.9913,1.0000,0.0000,3.3126,70.0000
1089,1.0000,0.0167,0.0187,4.3333,0.1253,0.0559,1.0000,0.0000,1.0000,0.0000,6.6667,60.0000
1090,1.0000,0.0161,0.0005,2.0000,0.0328,0.0000,1.0000,0.0000,1.0000,0.0000,3.7546,62.0000
1091,1.0000,0.0167,0.0048,3.1250,0.0721,0.0745,1.0000,0.0000,1.0000,0.0000,3.1073,60.0000
1092,0.0000,0.0000,0.0000,0.0000,0.0000,0.0000,0.0000,0.0000,0.0000,0.0000,6.6043,59.0000
1093,1.0000,0.0137,0.0072,4.2000,0.0788,0.0190,1.0000,0.0000,1.0000,0.0000,5.0989,73.0000
1094,1.0000,0.0123,0.0602,6.8333,0.1391,0.0463,1.0000,0.0000,1.0000,0.0000,5.9877,81.0000
1095,1.0000,0.0132,0.0077,3.5000,0.0699,0.0180,1.2000,144.2264,1.2000,0.0000,6.5965,76.0000
1096,1.0000,0.0132,0.0242,3.2727,0.1166,0.0041,1.0909,65.6691,1.0000,0.0000,7.5439,76.0000
1097,1.0000,0.0141,0.0438,3.2000,0.0990,0.0030,1.2000,110.9905,1.0000,0.0000,5.7545,71.0000
1098,1.0000,0.0141,0.0137,3.5556,0.0720,0.0220,1.2222,190.3952,1.1111,0.0000,5.0302,71.0000
1099,1.0000,0.0147,0.0013,2.7143,0.0432,0.0000,1.5714,236.9062,1.0000,0.0000,10.2283,68.0000
1100,1.0000,0.0149,0.0085,4.0000,0.0753,0.1314,1.0000,0.0000,1.0000,0.0000,2.7589,67.0000
1101,1.0000,0.0161,0.0016,2.6667,0.0485,0.0000,1.0000,0.0000,1.0000,0.0000,3.3845,62.0000
1102,1.0000,0.0149,0.0117,3.6000,0.0995,0.0299,1.2000,108.2165,1.0000,0.0000,5.4726,67.0000
1103,1.0000,0.0141,0.0051,5.1667,0.0906,0.0511,1.0000,0.0000,1.0000,0.0000,6.8410,71.0000
1104,1.0000,0.0132,0.0070,4.5000,0.1007,0.0066,1.0000,0.0000,1.0000,0.0000,6.5614,76.0000
1105,1.0000,0.0139,0.0211,3.0000,0.1086,0.0254,1.0000,0.0000,1.2000,0.0000,4.5775,72.0000
1106,1.0000,0.0137,0.0051,5.0000,0.0937,0.0882,1.0000,0.0000,1.0000,0.0000,4.8706,73.0000
1107,1.0000,0.0137,0.0051,3.3333,0.0828,0.0392,1.0000,0.0000,1.0000,0.0000,6.8874,73.0000
1108,1.0000,0.0116,0.0157,4.7143,0.1045,0.0030,1.0000,0.0000,1.0000,0.0000,7.4419,86.0000
1109,1.0000,0.0116,0.0043,3.7500,0.0591,0.0125,1.0000,0.0000,1.1667,0.0000,3.5021,86.0000
1110,1.0000,0.0127,0.0169,3.0000,0.0761,0.0005,1.2000,117.7843,1.0000,0.0000,5.5177,79.0000
1111,1.0000,0.0120,0.0066,2.8333,0.0756,0.0122,1.0000,0.0000,1.0000,0.0000,4.7311,83.0000
1112,1.0000,0.0132,0.0036,2.6667,0.0552,0.0003,1.0000,0.0000,1.0000,0.0000,5.5088,76.0000
1113,1.0000,0.0123,0.0139,3.6000,0.0838,0.0118,1.2000,148.7160,1.0000,0.0000,4.5370,81.0000
1114,1.0000,0.0125,0.0338,4.2500,0.1149,0.0013,1.0000,0.0000,1.0000,0.0000,6.4873,80.0000
1115,1.0000,0.0123,0.0009,4.0000,0.0500,0.0000,1.0000,0.0000,1.0000,0.0000,6.0494,81.0000
1116,1.0000,0.0125,0.0146,3.8333,0.0893,0.0134,1.0000,0.0000,1.0000,0.0000,7.6899,80.0000
1117,1.0000,0.0118,0.0154,3.4286,0.0951,0.0157,1.1429,28.2145,1.0000,0.0000,5.2941,85.0000
1118,1.0000,0.0130,0.0178,3.8182,0.0678,0.0370,1.0000,0.0000,1.0000,0.0000,3.2468,77.0000
1119,1.0000,0.0137,0.0088,5.3333,0.1114,0.0198,1.0000,0.0000,1.3333,0.0000,4.0715,73.0000
1120,1.0000,0.0133,0.0252,5.5000,0.1408,0.0585,1.0000,0.0000,1.0000,0.0000,4.4685,75.0000
1121,1.0000,0.0137,0.0270,5.6667,0.1073,0.0340,1.0000,0.0000,1.0000,0.0000,5.0989,73.0000
1122,1.0000,0.0137,0.0044,5.7500,0.0849,0.0738,1.0000,0.0000,1.0000,0.0000,5.0989,73.0000
1123,1.0000,0.0143,0.0068,3.5000,0.0769,0.0139,1.0000,0.0000,1.1250,0.0000,5.7143,70.0000
1124,1.0000,0.0149,0.0221,3.3333,0.0991,0.0204,1.0000,0.0000,1.0000,0.0000,5.6988,67.0000
1125,1.0000,0.0156,0.0180,3.2500,0.0795,0.0225,1.0000,0.0000,1.0000,0.0000,6.4484,64.0000
1126,1.0000,0.0128,0.0039,3.0000,0.0519,0.0000,1.0000,0.0000,1.0000,0.0000,4.8285,78.0000
1127,1.0000,0.0127,0.0022,2.7500,0.0564,0.0073,1.0000,0.0000,1.0000,0.0000,5.4203,79.0000
1128,1.0000,0.0119,0.0027,3.0000,0.0478,0.0212,1.1429,134.3136,1.1429,0.0000,3.9300,84.0000
1129,1.0000,0.0135,0.0299,4.8571,0.0972,0.0090,1.0000,0.0000,1.1429,0.0000,6.6272,74.0000
1130,1.0000,0.0133,0.0058,3.6667,0.0739,0.0007,1.0000,0.0000,1.0000,0.0000,5.0450,75.0000
1131,1.0000,0.0127,0.0281,4.2222,0.1074,0.0259,1.1111,122.1798,1.0000,0.0000,5.9721,79.0000
1132,1.0000,0.0133,0.0197,4.0000,0.0790,0.0516,1.2500,254.6130,1.0000,0.0000,4.3604,75.0000
1133,1.0000,0.0133,0.0131,2.5455,0.0755,0.0111,1.0909,69.7672,1.0000,0.0000,5.6216,75.0000
1134,1.0000,0.0130,0.0113,3.4000,0.0617,0.0094,1.2000,108.6642,1.0000,0.0000,4.0670,77.0000
1135,1.0000,0.0133,0.0055,5.7500,0.0942,0.0520,1.0000,0.0000,1.2500,0.0000,6.2342,75.0000
1136,1.0000,0.0145,0.0090,3.0000,0.0629,0.0130,1.0000,0.0000,1.2500,0.0000,5.4561,69.0000
1137,1.0000,0.0145,0.0276,3.4000,0.0980,0.0328,1.0000,0.0000,1.0000,0.0000,5.4987,69.0000
1138,1.0000,0.0143,0.0006,2.0000,0.0308,0.0000,1.0000,0.0000,1.0000,0.0000,4.9275,70.0000
1139,1.0000,0.0139,0.0433,4.5714,0.1303,0.0446,1.1429,105.7747,1.0000,0.0000,5.3208,72.0000
1140,1.0000,0.0139,0.0112,5.0000,0.0970,0.0701,1.2857,159.2557,1.0000,0.0000,4.7731,72.0000
1141,1.0000,0.0128,0.0093,3.6667,0.0779,0.0369,1.1667,87.8908,1.0000,0.0000,3.7296,78.0000
1142,1.0000,0.0132,0.0095,3.6667,0.1176,0.0059,1.0000,0.0000,1.0000,0.0000,9.5789,76.0000
1143,1.0000,0.0119,0.0060,3.2500,0.0728,0.0075,1.0000,0.0000,1.0000,0.0000,5.2496,84.0000
1144,1.0000,0.0120,0.0142,3.4000,0.0910,0.0088,1.2000,99.9132,1.1000,0.0000,7.3171,83.0000
1145,1.0000,0.0123,0.0193,4.0833,0.0809,0.0401,1.1667,21.1828,1.0000,0.0000,4.0123,81.0000
1146,1.0000,0.0130,0.0094,3.3333,0.0741,0.0014,1.0000,0.0000,1.0000,0.0000,5.5366,77.0000
1147,1.0000,0.0152,0.0347,4.4000,0.1252,0.0633,1.0000,0.0000,1.0000,0.0000,6.3403,66.0000
1148,1.0000,0.0139,0.0024,3.0000,0.0535,0.0000,1.0000,0.0000,1.0000,0.0000,6.5336,72.0000
1149,1.0000,0.0143,0.0022,3.8571,0.0589,0.0400,1.1429,72.3952,1.0000,0.0000,4.8861,70.0000
1150,1.0000,0.0147,0.0048,2.8571,0.0539,0.0269,1.0000,0.0000,1.0000,0.0000,3.0729,68.0000
1151,1.0000,0.0145,0.0532,5.5000,0.1493,0.0497,1.2500,128.4449,1.0000,0.0000,7.4595,69.0000
1152,1.0000,0.0154,0.0156,4.1667,0.0882,0.0543,1.1667,86.5770,1.0000,0.0000,5.9135,65.0000
1153,1.0000,0.0154,0.0208,2.8000,0.1126,0.0126,1.0000,0.0000,1.2000,0.0000,7.1635,65.0000
1154,1.0000,0.0122,0.0006,2.0000,0.0278,0.0000,1.0000,0.0000,1.0000,0.0000,4.4264,82.0000
1155,1.0000,0.0135,0.0365,8.0000,0.1745,0.0949,1.0000,0.0000,1.0000,0.0000,4.6649,74.0000
1156,1.0000,0.0145,0.0030,3.2500,0.0625,0.0349,1.0000,0.0000,1.0000,0.0000,4.9020,69.0000
1157,1.0000,0.0137,0.0074,3.3333,0.0659,0.0047,1.0000,0.0000,1.0000,0.0000,5.8600,73.0000
1158,1.0000,0.0133,0.0017,2.6667,0.0427,0.0000,1.0000,0.0000,1.0000,0.0000,4.7207,75.0000
1159,1.0000,0.0122,0.0045,3.2222,0.0573,0.0424,1.0000,0.0000,1.0000,0.0000,3.0413,82.0000
1160,1.0000,0.0125,0.0046,4.2222,0.0707,0.0253,1.0000,0.0000,1.0000,0.0000,6.4557,80.0000
1161,1.0000,0.0128,0.0010,3.1429,0.0430,0.0000,1.2857,173.7628,1.0000,0.0000,4.0959,78.0000
1162,1.0000,0.0130,0.0089,5.0000,0.0995,0.0421,1.0000,0.0000,1.0000,0.0000,5.7416,77.0000
1163,1.0000,0.0143,0.0305,4.1111,0.1039,0.0576,1.2222,111.5826,1.0000,0.0000,5.4244,70.0000
1164,1.0000,0.0137,0.0021,3.6667,0.0638,0.0412,1.0000,0.0000,1.0000,0.0000,5.8980,73.0000
1165,1.0000,0.0123,0.0015,3.5000,0.0469,0.0000,1.2500,197.5877,1.0000,0.0000,6.3580,81.0000
1166,1.0000,0.0128,0.0139,6.6000,0.1020,0.0625,1.0000,0.0000,1.0000,0.0000,6.1938,78.0000
1167,1.0000,0.0130,0.0036,2.2857,0.0525,0.0085,1.0000,0.0000,1.1429,0.0000,3.2126,77.0000
1168,1.0000,0.0147,0.0252,3.4000,0.1184,0.0312,1.0000,0.0000,1.0000,0.0000,4.6093,68.0000
1169,1.0000,0.0139,0.0143,4.1000,0.0960,0.0323,1.0000,0.0000,1.0000,0.0000,5.6729,72.0000
1170,1.0000,0.0143,0.0155,3.1250,0.1136,0.0079,1.0000,0.0000,1.0000,0.0000,8.6957,70.0000
1171,1.0000,0.0135,0.0057,2.8000,0.0497,0.0077,1.2000,132.4164,1.0000,0.0000,4.8871,74.0000
1172,1.0000,0.0135,0.0113,3.0000,0.0726,0.0015,1.1429,72.5107,1.0000,0.0000,5.8127,74.0000
1173,1.0000,0.0139,0.0132,3.4615,0.0775,0.0128,1.2308,121.8577,1.0000,0.0000,3.8341,72.0000
1174,1.0000,0.0152,0.0107,2.5000,0.0777,0.0122,1.0000,0.0000,1.0000,0.0000,4.0559,66.0000
1175,1.0000,0.0128,0.0091,2.4444,0.0612,0.0003,1.0000,0.0000,1.0000,0.0000,8.1918,78.0000
1176,1.0000,0.0132,0.0335,5.0000,0.1317,0.0334,1.0000,0.0000,1.0000,0.0000,7.0175,76.0000
1177,1.0000,0.0127,0.0041,3.0000,0.0602,0.0067,1.0000,0.0000,1.0000,0.0000,4.5440,79.0000
1178,1.0000,0.0119,0.0191,4.2500,0.1019,0.0086,1.0000,0.0000,1.0000,0.0000,7.3150,84.0000
1179,1.0000,0.0115,0.0337,6.8333,0.1738,0.0402,1.0000,0.0000,1.0000,0.0000,9.5696,87.0000
1180,1.0000,0.0119,0.0076,3.0000,0.0788,0.0024,1.0000,0.0000,1.0000,0.0000,7.9748,84.0000
1181,1.0000,0.0115,0.0004,2.5000,0.0291,0.0000,1.0000,0.0000,1.0000,0.0000,4.9452,87.0000
1182,1.0000,0.0122,0.0055,5.7500,0.1015,0.0345,1.0000,0.0000,1.0000,0.0000,6.1126,82.0000
1183,1.0000,0.0114,0.0081,4.0000,0.0714,0.0065,1.0000,0.0000,1.0000,0.0000,6.1390,88.0000
1184,1.0000,0.0125,0.0282,3.5000,0.0853,0.0150,1.1250,83.4076,1.2500,0.0000,6.9937,80.0000
1185,1.0000,0.0130,0.0158,3.3750,0.0866,0.0013,1.1250,92.7354,1.0000,0.0000,5.2973,77.0000
1186,1.0000,0.0132,0.0114,3.3333,0.1022,0.0350,1.0000,0.0000,1.0000,0.0000,4.8070,76.0000
1187,1.0000,0.0167,0.0328,4.8000,0.1359,0.0355,1.0000,0.0000,1.0000,0.0000,9.5480,60.0000
1188,1.0000,0.0139,0.0240,3.2500,0.1178,0.0069,1.5000,164.6885,1.0000,0.0000,6.3380,72.0000
1189,1.0000,0.0123,0.0188,4.5000,0.1054,0.0741,1.0000,0.0000,1.0000,0.0000,3.8889,81.0000
1190,1.0000,0.0123,0.0036,2.9167,0.0562,0.0096,1.0833,90.7993,1.0000,0.0000,4.5062,81.0000
1191,1.0000,0.0145,0.0018,3.6667,0.0576,0.0983,1.0000,0.0000,1.3333,0.0000,2.4297,69.0000
1192,1.0000,0.0143,0.0060,3.0000,0.0826,0.0187,1.0000,0.0000,1.0000,0.0000,5.4658,70.0000
1193,1.0000,0.0132,0.0123,5.5000,0.0861,0.0356,1.2500,54.3385,1.0000,0.0000,8.1404,76.0000
1194,1.0000,0.0135,0.0211,2.6667,0.1051,0.0066,1.0000,0.0000,1.0000,0.0000,5.7386,74.0000
1195,1.0000,0.0130,0.0112,4.6250,0.0795,0.0539,1.1250,121.6228,1.0000,0.0000,4.4771,77.0000
1196,1.0000,0.0145,0.0087,3.8000,0.0672,0.0359,1.1000,58.7914,1.0000,0.0000,3.9216,69.0000
1197,1.0000,0.0137,0.0197,3.0000,0.1000,0.0212,1.0000,0.0000,1.0000,0.0000,5.0989,73.0000
1198,1.0000,0.0145,0.0117,4.6667,0.1242,0.0542,1.0000,0.0000,1.0000,0.0000,6.2234,69.0000
1199,1.0000,0.0154,0.0094,2.3000,0.0644,0.0115,1.1000,51.8842,1.0000,0.0000,3.8942,65.0000
1200,1.0000,0.0208,0.0093,4.0000,0.1158,0.0959,1.0000,0.0000,1.0000,0.0000,6.2057,48.0000
1201,1.0000,0.0244,0.0038,3.0000,0.0800,0.0000,1.0000,0.0000,1.0000,0.0000,3.6585,41.0000
1202,1.0000,0.0303,0.0141,7.0000,0.2222,0.3274,1.0000,0.0000,1.0000,0.0000,6.4394,33.0000
1203,1.0000,0.0294,0.0246,4.5000,0.1599,0.0000,1.5000,138.2731,1.0000,0.0000,5.8824,34.0000
1204,0.0000,0.0000,0.0000,0.0000,0.0000,0.0000,0.0000,0.0000,0.0000,0.0000,4.6371,32.0000
1205,0.0000,0.0000,0.0000,0.0000,0.0000,0.0000,0.0000,0.0000,0.0000,0.0000,11.1111,27.0000
1206,1.0000,0.0345,0.0026,2.0000,0.0714,0.0000,1.0000,0.0000,1.0000,0.0000,4.1872,29.0000
1207,1.0000,0.0370,0.0308,3.5000,0.1635,0.4969,1.0000,0.0000,2.0000,0.0000,3.4188,27.0000
1208,0.0000,0.0000,0.0000,0.0000,0.0000,0.0000,0.0000,0.0000,0.0000,0.0000,1.8462,26.0000
1209,1.0000,0.0417,0.0237,3.5000,0.1856,0.3092,1.0000,0.0000,1.0000,0.0000,6.5217,24.0000
1210,1.0000,0.0333,0.0099,4.0000,0.1379,0.0000,2.0000,402.6082,1.0000,0.0000,5.7471,30.0000
1211,1.0000,0.0385,0.0467,7.0000,0.2945,0.2972,1.0000,0.0000,1.0000,0.0000,9.5385,26.0000
1212,1.0000,0.0333,0.0025,2.0000,0.0690,0.0000,1.0000,0.0000,1.0000,0.0000,5.0575,30.0000
1213,1.0000,0.0357,0.0185,3.5000,0.1619,0.2922,1.0000,0.0000,1.0000,0.0000,3.7037,28.0000
1214,0.0000,0.0000,0.0000,0.0000,0.0000,0.0000,0.0000,0.0000,0.0000,0.0000,5.2308,26.0000
1215,1.0000,0.0333,0.0296,3.0000,0.2241,0.0760,1.0000,0.0000,1.0000,0.0000,10.8046,30.0000
1216,1.0000,0.0370,0.0308,4.0000,0.1885,0.2814,1.0000,0.0000,1.0000,0.0000,3.9886,27.0000
1217,1.0000,0.0370,0.0092,3.0000,0.1231,0.5651,1.0000,0.0000,1.0000,0.0000,1.9943,27.0000
1218,1.0000,0.0370,0.0314,2.2000,0.1125,0.3972,1.0000,0.0000,1.2000,0.0000,3.7037,27.0000
1219,1.0000,0.0385,0.0078,2.3333,0.1027,0.1583,1.3333,61.6182,1.0000,0.0000,4.0000,26.0000
1220,1.0000,0.0476,0.0053,2.0000,0.1000,0.0000,1.0000,0.0000,1.0000,0.0000,3.8095,21.0000
1221,1.0000,0.0417,0.0606,3.3333,0.2007,0.1810,1.0000,0.0000,1.0000,0.0000,6.8841,24.0000
1222,1.0000,0.0345,0.0195,4.0000,0.1794,0.0842,1.0000,0.0000,1.0000,0.0000,12.3153,29.0000
1223,1.0000,0.0333,0.0025,2.0000,0.0690,0.0000,2.0000,1074.2675,1.0000,0.0000,2.7586,30.0000
1224,0.0000,0.0000,0.0000,0.0000,0.0000,0.0000,0.0000,0.0000,0.0000,0.0000,4.4974,28.0000
1225,0.0000,0.0000,0.0000,0.0000,0.0000,0.0000,0.0000,0.0000,0.0000,0.0000,1.7241,29.0000
1226,1.0000,0.0385,0.0033,2.0000,0.0800,0.0000,1.0000,0.0000,1.0000,0.0000,2.7692,26.0000
1227,1.0000,0.0345,0.0106,2.5000,0.1071,0.0793,1.0000,0.0000,1.0000,0.0000,5.4187,29.0000
1228,1.0000,0.0357,0.0028,2.0000,0.0741,0.0000,1.0000,0.0000,1.0000,0.0000,4.4974,28.0000
1229,0.0000,0.0000,0.0000,0.0000,0.0000,0.0000,0.0000,0.0000,0.0000,0.0000,1.9704,29.0000
1230,1.0000,0.0385,0.0122,2.3333,0.1210,0.0453,1.0000,0.0000,1.0000,0.0000,7.6923,26.0000
1231,1.0000,0.0385,0.0067,3.0000,0.1200,0.0000,2.0000,602.1945,1.0000,0.0000,4.6154,26.0000
1232,0.0000,0.0000,0.0000,0.0000,0.0000,0.0000,0.0000,0.0000,0.0000,0.0000,10.7692,26.0000
1233,1.0000,0.0385,0.0033,2.0000,0.0800,0.0000,1.0000,0.0000,1.0000,0.0000,2.4615,26.0000
1234,1.0000,0.0455,0.0333,4.0000,0.2344,0.2652,1.0000,0.0000,1.0000,0.0000,8.6580,22.0000
1235,0.0000,0.0000,0.0000,0.0000,0.0000,0.0000,0.0000,0.0000,0.0000,0.0000,8.7302,28.0000
1236,1.0000,0.0370,0.0092,4.0000,0.1538,0.5236,1.0000,0.0000,1.0000,0.0000,2.5641,27.0000
1237,0.0000,0.0000,0.0000,0.0000,0.0000,0.0000,0.0000,0.0000,0.0000,0.0000,5.0000,25.0000
1238,0.0000,0.0000,0.0000,0.0000,0.0000,0.0000,0.0000,0.0000,0.0000,0.0000,4.8433,27.0000
1239,1.0000,0.0435,0.0087,3.0000,0.1364,0.6116,1.0000,0.0000,1.0000,0.0000,1.9763,23.0000
1240,1.0000,0.0370,0.0108,3.0000,0.1327,0.1581,1.0000,0.0000,1.0000,0.0000,5.1282,27.0000
1241,1.0000,0.0385,0.0133,5.0000,0.2000,0.4623,2.0000,306.3550,1.0000,0.0000,4.9231,26.0000
1242,1.0000,0.0323,0.0225,3.2000,0.1182,0.2134,1.0000,0.0000,1.0000,0.0000,4.3011,31.0000
1243,1.0000,0.0333,0.0074,4.0000,0.1379,0.5236,1.0000,0.0000,1.0000,0.0000,3.2184,30.0000
1244,0.0000,0.0000,0.0000,0.0000,0.0000,0.0000,0.0000,0.0000,0.0000,0.0000,6.8817,31.0000
1245,1.0000,0.0303,0.0060,2.6667,0.0859,0.2978,1.0000,0.0000,1.0000,0.0000,1.8939,33.0000
1246,1.0000,0.0303,0.0403,7.0000,0.2301,0.4685,1.0000,0.0000,1.0000,0.0000,5.3030,33.0000
1247,1.0000,0.0333,0.0172,5.0000,0.2006,0.2553,2.0000,9.2386,1.0000,0.0000,8.9655,30.0000
1248,1.0000,0.0303,0.0171,3.5000,0.1328,0.0000,1.0000,0.0000,1.0000,0.0000,5.1136,33.0000
1249,1.0000,0.0303,0.0175,3.6667,0.1295,0.1450,1.0000,0.0000,1.0000,0.0000,5.8712,33.0000
1250,0.0000,0.0000,0.0000,0.0000,0.0000,0.0000,0.0000,0.0000,0.0000,0.0000,3.8710,31.0000
1251,1.0000,0.0345,0.0153,2.8000,0.1196,0.2768,1.0000,0.0000,1.0000,0.0000,4.1872,29.0000
1252,1.0000,0.0370,0.0062,3.0000,0.1154,0.6116,1.0000,0.0000,1.0000,0.0000,1.7094,27.0000
1253,1.0000,0.0357,0.0150,2.5000,0.1213,0.0961,1.0000,0.0000,1.0000,0.0000,5.5556,28.0000
1254,1.0000,0.0400,0.0199,3.0000,0.1437,0.1266,1.5000,152.7733,1.0000,0.0000,6.0000,25.0000
1255,1.0000,0.0323,0.0092,4.0000,0.1389,0.4142,1.0000,0.0000,1.0000,0.0000,3.4409,31.0000
1256,1.0000,0.0333,0.0049,3.0000,0.1034,0.0001,1.0000,0.0000,1.0000,0.0000,2.9885,30.0000
1257,1.0000,0.0294,0.0208,5.5000,0.1778,0.4545,1.0000,0.0000,1.0000,0.0000,4.0998,34.0000
1258,0.0000,0.0000,0.0000,0.0000,0.0000,0.0000,0.0000,0.0000,0.0000,0.0000,6.4394,33.0000
1259,1.0000,0.0312,0.0112,2.6000,0.1022,0.1751,1.2000,28.0438,1.0000,0.0000,4.4355,32.0000
1260,0.0000,0.0000,0.0000,0.0000,0.0000,0.0000,0.0000,0.0000,0.0000,0.0000,2.9885,30.0000
1261,1.0000,0.0357,0.0584,3.2500,0.1572,0.1580,1.0000,0.0000,1.0000,0.0000,5.0265,28.0000
1262,1.0000,0.0345,0.0688,3.2000,0.1758,0.1447,1.2000,7.1698,1.0000,0.0000,7.1429,29.0000
1263,0.0000,0.0000,0.0000,0.0000,0.0000,0.0000,0.0000,0.0000,0.0000,0.0000,4.4974,28.0000
1264,1.0000,0.0345,0.0053,2.0000,0.0804,0.0000,1.0000,0.0000,1.0000,0.0000,8.8670,29.0000
1265,1.0000,0.0370,0.0215,5.0000,0.2051,0.3470,1.0000,0.0000,1.0000,0.0000,5.6980,27.0000
1266,1.0000,0.0312,0.0609,4.6667,0.1955,0.2412,1.0000,0.0000,1.0000,0.0000,4.8387,32.0000
1267,1.0000,0.0323,0.0149,3.5000,0.1488,0.0443,1.5000,142.2015,1.0000,0.0000,7.9570,31.0000
1268,1.0000,0.0312,0.0630,2.5714,0.1363,0.0427,1.0000,0.0000,1.0000,0.0000,7.4597,32.0000
1269,1.0000,0.0312,0.0376,4.0000,0.1936,0.1339,1.0000,0.0000,1.0000,0.0000,7.2581,32.0000
1270,1.0000,0.0345,0.0119,4.0000,0.1458,0.2618,1.0000,0.0000,1.0000,0.0000,4.4335,29.0000
1271,0.0000,0.0000,0.0000,0.0000,0.0000,0.0000,0.0000,0.0000,0.0000,0.0000,5.0265,28.0000
1272,1.0000,0.0476,0.0316,3.0000,0.1885,0.2471,1.0000,0.0000,1.0000,0.0000,7.1429,21.0000
1273,0.0000,0.0000,0.0000,0.0000,0.0000,0.0000,0.0000,0.0000,0.0000,0.0000,1.0526,20.0000
1274,0.0000,0.0000,0.0000,0.0000,0.0000,0.0000,0.0000,0.0000,0.0000,0.0000,5.2632,19.0000
1275,1.0000,0.0476,0.0118,3.0000,0.1500,0.2913,1.0000,0.0000,1.0000,0.0000,5.2381,21.0000
1276,0.0000,0.0000,0.0000,0.0000,0.0000,0.0000,0.0000,0.0000,0.0000,0.0000,7.9365,28.0000
1277,1.0000,0.0333,0.0283,5.3333,0.2071,0.3304,1.0000,0.0000,1.0000,0.0000,5.7471,30.0000
1278,1.0000,0.0323,0.0092,3.5000,0.1241,0.2000,1.0000,0.0000,1.0000,0.0000,4.7312,31.0000
1279,0.0000,0.0000,0.0000,0.0000,0.0000,0.0000,0.0000,0.0000,0.0000,0.0000,2.2167,29.0000
1280,1.0000,0.0370,0.0462,4.0000,0.1715,0.3945,1.0000,0.0000,1.0000,0.0000,4.8433,27.0000
1281,0.0000,0.0000,0.0000,0.0000,0.0000,0.0000,0.0000,0.0000,0.0000,0.0000,3.0769,26.0000
1282,1.0000,0.0357,0.0446,3.3333,0.1591,0.3075,1.0000,0.0000,1.3333,0.0000,3.4392,28.0000
1283,0.0000,0.0000,0.0000,0.0000,0.0000,0.0000,0.0000,0.0000,0.0000,0.0000,6.8783,28.0000
1284,0.0000,0.0000,0.0000,0.0000,0.0000,0.0000,0.0000,0.0000,0.0000,0.0000,5.9113,29.0000
1285,1.0000,0.0345,0.0317,3.0000,0.1886,0.0493,1.0000,0.0000,1.0000,0.0000,8.8670,29.0000
1286,1.0000,0.0357,0.0085,4.0000,0.1481,0.5236,1.0000,0.0000,1.0000,0.0000,2.9101,28.0000
1287,1.0000,0.0345,0.0494,3.5000,0.1735,0.1560,1.0000,0.0000,1.0000,0.0000,4.9261,29.0000
1288,1.0000,0.0312,0.0108,3.0000,0.1211,0.0568,1.0000,0.0000,1.0000,0.0000,6.0484,32.0000
1289,1.0000,0.0278,0.0445,4.0000,0.1771,0.0750,1.0000,0.0000,1.0000,0.0000,7.6190,36.0000
1290,1.0000,0.0303,0.0040,2.0000,0.0703,0.0001,1.0000,0.0000,1.0000,0.0000,1.8939,33.0000
1291,1.0000,0.0333,0.0333,4.0000,0.1791,0.2771,1.0000,0.0000,1.0000,0.0000,4.8276,30.0000
1292,1.0000,0.0333,0.0525,4.0000,0.1716,0.2901,1.0000,0.0000,1.3333,0.0000,5.5172,30.0000
1293,1.0000,0.0333,0.0025,2.0000,0.0690,0.7071,1.0000,0.0000,1.0000,0.0000,1.1494,30.0000
1294,0.0000,0.0000,0.0000,0.0000,0.0000,0.0000,0.0000,0.0000,0.0000,0.0000,2.3333,25.0000
1295,0.0000,0.0000,0.0000,0.0000,0.0000,0.0000,0.0000,0.0000,0.0000,0.0000,3.3846,26.0000
1296,1.0000,0.0385,0.0100,4.0000,0.1600,0.5236,1.0000,0.0000,1.0000,0.0000,2.7692,26.0000
1297,1.0000,0.0400,0.0768,3.6000,0.2044,0.2475,1.0000,0.0000,1.0000,0.0000,6.3333,25.0000
1298,0.0000,0.0000,0.0000,0.0000,0.0000,0.0000,0.0000,0.0000,0.0000,0.0000,7.3846,26.0000
1299,1.0000,0.0385,0.0313,2.2000,0.1237,0.3363,1.0000,0.0000,1.2000,0.0000,3.3846,26.0000
1300,0.0000,0.0000,0.0000,0.0000,0.0000,0.0000,0.0000,0.0000,0.0000,0.0000,0.9231,26.0000
1301,0.0000,0.0000,0.0000,0.0000,0.0000,0.0000,0.0000,0.0000,0.0000,0.0000,4.6667,25.0000
1302,1.0000,0.0345,0.0291,4.0000,0.1625,0.3804,1.0000,0.0000,1.0000,0.0000,4.4335,29.0000
1303,1.0000,0.0400,0.0036,2.0000,0.0833,0.4082,1.3333,17.0787,1.0000,0.0000,3.0000,25.0000
1304,1.0000,0.0345,0.0172,3.5000,0.1299,0.0002,1.0000,0.0000,1.0000,0.0000,4.1872,29.0000
1305,1.0000,0.0385,0.0150,2.5000,0.1226,0.1251,1.2500,149.2286,1.0000,0.0000,5.5385,26.0000
1306,1.0000,0.0333,0.0099,2.5000,0.1011,0.0001,1.5000,115.8302,1.5000,0.0000,2.7586,30.0000
1307,1.0000,0.0357,0.0068,2.0000,0.0832,0.0000,1.0000,0.0000,1.0000,0.0000,3.1746,28.0000
1308,1.0000,0.0370,0.0062,2.0000,0.0865,0.0000,1.0000,0.0000,1.0000,0.0000,11.1111,27.0000
1309,0.0000,0.0000,0.0000,0.0000,0.0000,0.0000,0.0000,0.0000,0.0000,0.0000,5.6650,29.0000
1310,0.0000,0.0000,0.0000,0.0000,0.0000,0.0000,0.0000,0.0000,0.0000,0.0000,7.3846,26.0000
1311,0.0000,0.0000,0.0000,0.0000,0.0000,0.0000,0.0000,0.0000,0.0000,0.0000,3.4188,27.0000
1312,1.0000,0.0357,0.0043,2.5000,0.0926,0.0000,1.0000,0.0000,1.0000,0.0000,8.9947,28.0000
1313,0.0000,0.0000,0.0000,0.0000,0.0000,0.0000,0.0000,0.0000,0.0000,0.0000,2.2792,27.0000
1314,1.0000,0.0357,0.0100,2.5000,0.1086,0.4731,1.0000,0.0000,1.0000,0.0000,2.1164,28.0000
1315,0.0000,0.0000,0.0000,0.0000,0.0000,0.0000,0.0000,0.0000,0.0000,0.0000,6.3492,28.0000
1316,1.0000,0.0294,0.0242,3.0000,0.1178,0.2080,1.0000,0.0000,1.2000,0.0000,3.5651,34.0000
1317,1.0000,0.0345,0.0291,4.0000,0.2158,0.1809,1.0000,0.0000,1.0000,0.0000,8.8670,29.0000
1318,1.0000,0.0312,0.0130,2.6000,0.1035,0.1368,1.2000,19.0960,1.0000,0.0000,3.8306,32.0000
1319,0.0000,0.0000,0.0000,0.0000,0.0000,0.0000,0.0000,0.0000,0.0000,0.0000,5.4435,32.0000
1320,1.0000,0.0294,0.0114,3.0000,0.1350,0.1820,1.0000,0.0000,1.0000,0.0000,3.7433,34.0000
1321,0.0000,0.0000,0.0000,0.0000,0.0000,0.0000,0.0000,0.0000,0.0000,0.0000,5.7471,30.0000
1322,0.0000,0.0000,0.0000,0.0000,0.0000,0.0000,0.0000,0.0000,0.0000,0.0000,6.8548,32.0000
1323,1.0000,0.0357,0.0513,5.0000,0.2037,0.2514,1.0000,0.0000,1.0000,0.0000,7.1429,28.0000
1324,1.0000,0.0345,0.0384,2.7500,0.1315,0.0000,1.0000,0.0000,1.0000,0.0000,8.3744,29.0000
1325,0.0000,0.0000,0.0000,0.0000,0.0000,0.0000,0.0000,0.0000,0.0000,0.0000,5.8462,26.0000
1326,1.0000,0.0333,0.0062,2.5000,0.0961,0.1977,1.0000,0.0000,1.0000,0.0000,3.4483,30.0000
1327,1.0000,0.0357,0.0135,3.0000,0.1275,0.2966,1.2500,66.4094,1.0000,0.0000,4.2328,28.0000
1328,0.0000,0.0000,0.0000,0.0000,0.0000,0.0000,0.0000,0.0000,0.0000,0.0000,2.1538,26.0000
1329,0.0000,0.0000,0.0000,0.0000,0.0000,0.0000,0.0000,0.0000,0.0000,0.0000,3.1339,27.0000
1330,1.0000,0.0385,0.0033,2.0000,0.0800,0.0000,1.0000,0.0000,1.0000,0.0000,12.6154,26.0000
1331,1.0000,0.0345,0.0410,3.5000,0.1695,0.3064,1.0000,0.0000,1.0000,0.0000,5.6650,29.0000
1332,0.0000,0.0000,0.0000,0.0000,0.0000,0.0000,0.0000,0.0000,0.0000,0.0000,3.5985,33.0000
1333,1.0000,0.0345,0.0106,4.0000,0.1488,0.0000,1.0000,0.0000,1.0000,0.0000,6.8966,29.0000
1334,1.0000,0.0333,0.0049,2.0000,0.0776,0.0000,1.0000,0.0000,1.0000,0.0000,5.2874,30.0000
1335,0.0000,0.0000,0.0000,0.0000,0.0000,0.0000,0.0000,0.0000,0.0000,0.0000,6.1576,29.0000
1336,1.0000,0.0323,0.0023,2.0000,0.0667,0.5000,1.0000,0.0000,1.0000,0.0000,1.5054,31.0000
1337,1.0000,0.0400,0.0266,3.0000,0.1510,0.4613,1.0000,0.0000,1.0000,0.0000,4.3333,25.0000
1338,1.0000,0.0435,0.0108,3.0000,0.1409,0.2374,1.0000,0.0000,1.0000,0.0000,4.3478,23.0000
1339,1.0000,0.0333,0.0135,4.0000,0.1667,0.1070,1.0000,0.0000,1.0000,0.0000,8.2759,30.0000
1340,1.0000,0.0303,0.0444,4.0000,0.2201,0.0787,1.0000,0.0000,1.0000,0.0000,8.1439,33.0000
1341,1.0000,0.0312,0.0072,2.0000,0.0778,0.0001,1.0000,0.0000,1.0000,0.0000,2.2177,32.0000
1342,1.0000,0.0323,0.0253,3.5000,0.1497,0.2791,1.0000,0.0000,1.0000,0.0000,3.2258,31.0000
1343,1.0000,0.0323,0.0069,4.0000,0.1333,0.5236,1.0000,0.0000,1.0000,0.0000,3.2258,31.0000
1344,1.0000,0.0333,0.0197,4.5000,0.1549,0.4079,1.0000,0.0000,1.0000,0.0000,3.9080,30.0000
1345,1.0000,0.0312,0.0323,2.5000,0.1237,0.1297,1.0000,0.0000,1.0000,0.0000,4.0323,32.0000
1346,1.0000,0.0357,0.0209,2.3333,0.1166,0.2626,1.0000,0.0000,1.0000,0.0000,3.4392,28.0000
1347,1.0000,0.0400,0.0181,3.0000,0.1667,0.2316,1.0000,0.0000,1.0000,0.0000,5.0000,25.0000
1348,1.0000,0.0370,0.0031,2.0000,0.0769,0.0000,1.0000,0.0000,1.0000,0.0000,6.2678,27.0000
1349,1.0000,0.0345,0.0317,5.0000,0.1944,0.4518,1.0000,0.0000,1.0000,0.0000,4.4335,29.0000
1350,1.0000,0.0345,0.0026,2.0000,0.0714,0.0000,1.0000,0.0000,1.0000,0.0000,2.4631,29.0000
1351,0.0000,0.0000,0.0000,0.0000,0.0000,0.0000,0.0000,0.0000,0.0000,0.0000,4.3333,25.0000
1352,1.0000,0.0323,0.0253,3.0000,0.1600,0.1166,1.0000,0.0000,1.0000,0.0000,7.5269,31.0000
1353,1.0000,0.0345,0.0026,2.0000,0.0714,0.0000,1.0000,0.0000,1.0000,0.0000,2.4631,29.0000
1354,1.0000,0.0417,0.0198,3.5000,0.1553,0.2712,1.0000,0.0000,1.0000,0.0000,5.4348,24.0000
1355,0.0000,0.0000,0.0000,0.0000,0.0000,0.0000,0.0000,0.0000,0.0000,0.0000,2.5362,24.0000
1356,1.0000,0.0385,0.0667,3.5000,0.2025,0.3010,1.0000,0.0000,1.0000,0.0000,5.8462,26.0000
1357,1.0000,0.0357,0.0028,2.0000,0.0741,0.0000,1.0000,0.0000,1.0000,0.0000,6.3492,28.0000
1358,1.0000,0.0345,0.0459,4.3333,0.1930,0.2743,1.0000,0.0000,1.3333,0.0000,5.4187,29.0000
1359,1.0000,0.0357,0.0456,3.6667,0.1750,0.3955,1.0000,0.0000,1.0000,0.0000,4.7619,28.0000
1360,1.0000,0.0323,0.0172,3.0000,0.1318,0.1895,1.2500,41.8462,1.0000,0.0000,4.0860,31.0000
1361,1.0000,0.0333,0.0197,4.0000,0.1552,0.2936,1.0000,0.0000,1.0000,0.0000,4.1379,30.0000
1362,1.0000,0.0455,0.0667,3.5000,0.2338,0.3679,1.0000,0.0000,1.5000,0.0000,5.6277,22.0000
1363,1.0000,0.0357,0.0313,3.6667,0.1637,0.2510,1.3333,47.4230,1.0000,0.0000,5.2910,28.0000
1364,1.0000,0.0323,0.0245,3.0000,0.1277,0.2043,1.0000,0.0000,1.0000,0.0000,4.7312,31.0000
1365,1.0000,0.0323,0.0023,2.0000,0.0667,0.0000,1.0000,0.0000,1.0000,0.0000,3.2258,31.0000
1366,0.0000,0.0000,0.0000,0.0000,0.0000,0.0000,0.0000,0.0000,0.0000,0.0000,3.6946,29.0000
1367,1.0000,0.0370,0.0031,2.0000,0.0769,0.0000,1.0000,0.0000,1.0000,0.0000,3.4188,27.0000
1368,1.0000,0.0345,0.0066,3.0000,0.1071,0.3077,1.0000,0.0000,1.0000,0.0000,2.9557,29.0000
1369,1.0000,0.0370,0.0308,7.0000,0.2692,0.4324,1.0000,0.0000,1.0000,0.0000,5.9829,27.0000
1370,1.0000,0.0357,0.0057,2.3333,0.0926,0.0000,1.3333,246.2541,1.0000,0.0000,3.9683,28.0000
1371,1.0000,0.0417,0.0356,5.0000,0.2236,0.5424,1.0000,0.0000,1.0000,0.0000,4.3478,24.0000
1372,1.0000,0.0357,0.0199,3.2500,0.1423,0.2278,1.0000,0.0000,1.0000,0.0000,4.7619,28.0000
1373,1.0000,0.0345,0.0079,3.0000,0.1143,0.4747,1.0000,0.0000,1.0000,0.0000,2.7094,29.0000
1374,0.0000,0.0000,0.0000,0.0000,0.0000,0.0000,0.0000,0.0000,0.0000,0.0000,5.0265,28.0000
1375,1.0000,0.0385,0.0424,2.5714,0.1351,0.3056,1.0000,0.0000,1.0000,0.0000,5.2308,26.0000
1376,1.0000,0.0357,0.0028,2.0000,0.0741,0.7071,2.0000,302.8061,1.0000,0.0000,1.3228,28.0000
1377,0.0000,0.0000,0.0000,0.0000,0.0000,0.0000,0.0000,0.0000,0.0000,0.0000,6.1576,29.0000
1378,1.0000,0.0323,0.0063,3.2500,0.1114,0.0787,1.5000,316.3292,1.0000,0.0000,9.0323,31.0000
1379,1.0000,0.0323,0.0031,2.3333,0.0778,0.2039,1.6667,380.5328,1.0000,0.0000,2.3656,31.0000
1380,1.0000,0.0357,0.0328,4.5000,0.1775,0.2892,1.0000,0.0000,1.0000,0.0000,5.0265,28.0000
1381,0.0000,0.0000,0.0000,0.0000,0.0000,0.0000,0.0000,0.0000,0.0000,0.0000,5.3763,31.0000
1382,1.0000,0.0370,0.0223,2.2500,0.1174,0.0000,1.0000,0.0000,1.2500,0.0000,3.7037,27.0000
1383,0.0000,0.0000,0.0000,0.0000,0.0000,0.0000,0.0000,0.0000,0.0000,0.0000,4.3333,25.0000
1384,1.0000,0.0435,0.0152,2.5000,0.1333,0.4731,1.0000,0.0000,1.0000,0.0000,2.7668,23.0000
1385,1.0000,0.0370,0.0205,2.6667,0.1423,0.1103,1.0000,0.0000,1.0000,0.0000,5.9829,27.0000
1386,1.0000,0.0312,0.0108,3.0000,0.1290,0.2316,1.0000,0.0000,1.0000,0.0000,3.6290,32.0000
1387,1.0000,0.0370,0.0031,2.0000,0.0769,0.0000,1.0000,0.0000,1.0000,0.0000,2.8490,27.0000
1388,1.0000,0.0370,0.0246,4.0000,0.1963,0.2526,1.0000,0.0000,1.0000,0.0000,6.2678,27.0000
1389,1.0000,0.0385,0.0367,4.5000,0.2069,0.4326,1.5000,70.7801,1.0000,0.0000,4.0000,26.0000
1390,0.0000,0.0000,0.0000,0.0000,0.0000,0.0000,0.0000,0.0000,0.0000,0.0000,4.6154,26.0000
1391,1.0000,0.0400,0.0036,2.0000,0.0833,0.0000,1.0000,0.0000,1.0000,0.0000,3.6667,25.0000
1392,1.0000,0.0357,0.0100,2.5000,0.1086,0.4731,1.0000,0.0000,1.0000,0.0000,3.1746,28.0000
1393,1.0000,0.0357,0.0028,2.0000,0.0741,0.5000,1.0000,0.0000,1.0000,0.0000,1.5873,28.0000
1394,1.0000,0.0345,0.0109,2.7500,0.1140,0.1715,1.0000,0.0000,1.0000,0.0000,3.9409,29.0000
1395,0.0000,0.0000,0.0000,0.0000,0.0000,0.0000,0.0000,0.0000,0.0000,0.0000,6.1538,26.0000
1396,0.0000,0.0000,0.0000,0.0000,0.0000,0.0000,0.0000,0.0000,0.0000,0.0000,6.5527,27.0000
1397,1.0000,0.0345,0.0206,2.6000,0.1178,0.3235,1.0000,0.0000,1.2000,0.0000,2.7094,29.0000
1398,1.0000,0.0345,0.0291,6.0000,0.2571,0.2933,1.0000,0.0000,1.0000,0.0000,8.6207,29.0000
1399,0.0000,0.0000,0.0000,0.0000,0.0000,0.0000,0.0000,0.0000,0.0000,0.0000,8.4656,28.0000
1400,1.0000,0.0323,0.0080,2.5000,0.0978,0.4731,1.0000,0.0000,1.0000,0.0000,2.3656,31.0000
1401,1.0000,0.0370,0.0138,3.5000,0.1583,0.1001,1.0000,0.0000,1.0000,0.0000,10.5413,27.0000
1402,1.0000,0.0345,0.0608,3.7500,0.1868,0.2062,1.2500,58.2513,1.2500,0.0000,6.8966,29.0000
1403,1.0000,0.0312,0.0038,2.2500,0.0766,0.1529,1.0000,0.0000,1.0000,0.0000,2.2177,32.0000
1404,1.0000,0.0357,0.0114,4.0000,0.1543,0.4142,1.0000,0.0000,1.0000,0.0000,4.2328,28.0000
1405,1.0000,0.0357,0.0171,3.0000,0.1650,0.1699,1.0000,0.0000,1.0000,0.0000,5.2910,28.0000
1406,1.0000,0.0345,0.0132,4.0000,0.1429,0.6359,1.0000,0.0000,2.0000,0.0000,2.2167,29.0000
1407,1.0000,0.0357,0.0237,4.0000,0.1890,0.2843,1.0000,0.0000,1.0000,0.0000,4.4974,28.0000
1408,0.0000,0.0000,0.0000,0.0000,0.0000,0.0000,0.0000,0.0000,0.0000,0.0000,3.3846,26.0000
1409,0.0000,0.0000,0.0000,0.0000,0.0000,0.0000,0.0000,0.0000,0.0000,0.0000,0.9231,26.0000
1410,1.0000,0.0455,0.0254,2.3333,0.1389,0.3844,1.0000,0.0000,1.0000,0.0000,3.8961,22.0000
1411,1.0000,0.0385,0.0693,5.0000,0.2322,0.3368,1.0000,0.0000,1.0000,0.0000,7.3846,26.0000
1412,1.0000,0.0303,0.0467,3.1667,0.1352,0.1865,1.1667,54.5368,1.0000,0.0000,3.9773,33.0000
1413,1.0000,0.0312,0.0366,3.6667,0.1364,0.2741,1.0000,0.0000,1.3333,0.0000,3.6290,32.0000
1414,1.0000,0.0357,0.0228,5.0000,0.2143,0.2709,1.0000,0.0000,1.0000,0.0000,7.4074,28.0000
1415,0.0000,0.0000,0.0000,0.0000,0.0000,0.0000,0.0000,0.0000,0.0000,0.0000,6.0000,25.0000
1416,1.0000,0.0357,0.0606,2.8889,0.1395,0.1313,1.0000,0.0000,1.0000,0.0000,6.0847,28.0000
1417,1.0000,0.0303,0.0968,8.0000,0.3333,0.2547,1.0000,0.0000,1.0000,0.0000,9.8485,33.0000
1418,1.0000,0.0263,0.0267,3.7500,0.1273,0.2103,1.2500,94.4367,1.0000,0.0000,4.2674,38.0000
1419,1.0000,0.0303,0.0020,2.0000,0.0625,0.5000,1.0000,0.0000,1.0000,0.0000,1.5152,33.0000
1420,1.0000,0.0417,0.0632,3.0000,0.1984,0.1387,1.3333,83.3720,1.3333,0.0000,6.5217,24.0000
1421,1.0000,0.0476,0.0439,2.6667,0.1691,0.4277,1.3333,43.6228,1.0000,0.0000,4.7619,21.0000
1422,1.0000,0.0385,0.0033,2.0000,0.0800,0.7071,1.0000,0.0000,1.0000,0.0000,1.5385,26.0000
1423,1.0000,0.0370,0.0062,3.0000,0.1154,0.6116,1.0000,0.0000,1.0000,0.0000,2.5641,27.0000
1424,1.0000,0.0333,0.0115,3.0000,0.1143,0.1124,1.0000,0.0000,1.0000,0.0000,6.6667,30.0000
1425,0.0000,0.0000,0.0000,0.0000,0.0000,0.0000,0.0000,0.0000,0.0000,0.0000,11.3846,26.0000
1426,1.0000,0.0357,0.0128,4.0000,0.1543,0.4986,1.0000,0.0000,1.0000,0.0000,3.1746,28.0000
1427,0.0000,0.0000,0.0000,0.0000,0.0000,0.0000,0.0000,0.0000,0.0000,0.0000,3.0769,26.0000
1428,1.0000,0.0345,0.0079,4.0000,0.1429,0.5236,1.0000,0.0000,1.0000,0.0000,3.4483,29.0000
1429,1.0000,0.0357,0.0085,4.0000,0.1481,0.5236,1.0000,0.0000,1.0000,0.0000,3.7037,28.0000
1430,0.0000,0.0000,0.0000,0.0000,0.0000,0.0000,0.0000,0.0000,0.0000,0.0000,14.8551,24.0000
1431,1.0000,0.0357,0.0114,2.5000,0.1078,0.2500,1.0000,0.0000,1.0000,0.0000,2.9101,28.0000
1432,1.0000,0.0400,0.0475,4.5000,0.2423,0.2953,1.0000,0.0000,1.0000,0.0000,6.6667,25.0000
1433,1.0000,0.0417,0.0138,2.5000,0.1275,0.4731,1.5000,134.8572,1.0000,0.0000,2.8986,24.0000
1434,0.0000,0.0000,0.0000,0.0000,0.0000,0.0000,0.0000,0.0000,0.0000,0.0000,4.6798,29.0000
1435,1.0000,0.0323,0.0077,2.0000,0.0804,0.0001,1.0000,0.0000,1.0000,0.0000,2.5806,31.0000
1436,1.0000,0.0333,0.0361,3.3333,0.1513,0.1747,1.0000,0.0000,1.3333,0.0000,5.0575,30.0000
1437,1.0000,0.0333,0.0308,2.5000,0.1571,0.0732,1.0000,0.0000,1.0000,0.0000,6.2069,30.0000
1438,1.0000,0.0357,0.0057,3.0000,0.1111,0.0000,1.0000,0.0000,1.0000,0.0000,3.7037,28.0000
1439,1.0000,0.0357,0.0185,3.5000,0.1619,0.2922,1.0000,0.0000,1.0000,0.0000,3.9683,28.0000
