tempo,quantidadePAs,betweenness,degree,closeness,eigenvector,lifespan,mobility,fragmentationImpact,kConnectivity,density,number_of_cars
0,0,0.0000,0.0000,0.0000,0.0000,0.0000,0.0000,0.0000,0.0000
1,0,0.0000,0.0000,0.0000,0.0000,0.0000,0.0000,0.0000,0.0000
2,0,0.0000,0.0000,0.0000,0.0000,0.0000,0.0000,0.0000,0.0000
3,0,0.0000,0.0000,0.0000,0.0000,0.0000,0.0000,0.0000,0.0000
4,0,0.0000,0.0000,0.0000,0.0000,0.0000,0.0000,0.0000,0.0000
5,2,0.0280,4.5000,0.1731,0.3261,1.0000,0.0000,20.0000,2.0000,2.2177,16.0000
6,2,0.0285,5.5000,0.2324,0.3139,1.0000,0.0000,16.0000,1.0000,3.5714,14.0000
7,2,0.0026,2.0000,0.0714,0.0000,1.0000,0.0000,19.0000,1.0000,1.6010,14.5000
8,0,0.0000,0.0000,0.0000,0.0000,0.0000,0.0000,0.0000,0.0000
9,0,0.0000,0.0000,0.0000,0.0000,0.0000,0.0000,0.0000,0.0000
10,0,0.0000,0.0000,0.0000,0.0000,0.0000,0.0000,0.0000,0.0000
11,2,0.0026,2.0000,0.0714,0.5000,1.0000,0.0000,21.0000,1.0000,1.1084,14.5000
12,0,0.0000,0.0000,0.0000,0.0000,0.0000,0.0000,0.0000,0.0000
13,2,0.0437,4.0000,0.1683,0.1623,1.0000,0.0000,21.5000,1.0000,2.1505,15.5000
14,2,0.0200,3.5000,0.1399,0.4405,1.0000,0.0000,21.0000,1.5000,1.4245,13.5000
15,2,0.0198,2.5000,0.1380,0.3440,1.0000,0.0000,16.0000,1.5000,1.9928,12.0000
16,3,0.0855,4.0000,0.2232,0.1415,1.0000,0.0000,16.0000,2.3333,2.9557,9.6667
17,0,0.0000,0.0000,0.0000,0.0000,0.0000,0.0000,0.0000,0.0000
18,1,0.0031,2.0000,0.0769,0.0000,1.0000,0.0000,21.0000,1.0000,2.2792,27.0000
19,3,0.0031,2.0000,0.0769,0.0000,1.0000,0.0000,17.0000,1.0000,1.1396,9.0000
20,3,0.0689,3.3333,0.1849,0.2163,1.0000,0.0000,16.0000,2.0000,1.7436,8.6667
21,3,0.0048,2.0000,0.0952,0.4082,1.0000,0.0000,15.0000,1.0000,1.1544,7.3333
22,3,0.0423,3.3333,0.1843,0.2240,1.3333,121.2259,14.0000,1.6667,2.3333,8.3333
23,1,0.0582,4.0000,0.2156,0.1223,1.0000,0.0000,15.0000,2.0000,7.8818,29.0000
24,2,0.0071,3.0000,0.1058,0.1655,1.0000,0.0000,21.0000,1.0000,1.7992,16.5000
25,4,0.0131,2.2500,0.1070,0.3790,1.0000,0.0000,19.2500,1.0000,0.6410,6.7500
26,2,0.0066,3.0000,0.1071,0.3077,1.5000,114.4750,21.0000,1.5000,1.4778,14.5000
27,0,0.0000,0.0000,0.0000,0.0000,0.0000,0.0000,0.0000,0.0000
28,5,0.0527,3.0000,0.1333,0.1204,1.0000,0.0000,18.0000,2.0000,0.9470,6.6000
29,1,0.0057,3.0000,0.1111,0.6116,1.0000,0.0000,19.0000,1.0000,3.1746,28.0000
30,3,0.0047,2.0000,0.0802,0.0000,1.0000,0.0000,19.0000,1.0000,0.9700,9.3333
31,0,0.0000,0.0000,0.0000,0.0000,0.0000,0.0000,0.0000,0.0000
32,1,0.0114,3.0000,0.1323,0.3834,1.0000,0.0000,18.0000,1.0000,3.9683,28.0000
33,2,0.0142,3.5000,0.1323,0.2172,1.0000,0.0000,20.5000,1.0000,1.8519,14.0000
34,0,0.0000,0.0000,0.0000,0.0000,0.0000,0.0000,0.0000,0.0000
35,0,0.0000,0.0000,0.0000,0.0000,0.0000,0.0000,0.0000,0.0000
36,2,0.0066,3.0000,0.1101,0.2310,1.0000,0.0000,19.0000,1.0000,1.8473,14.5000
37,1,0.0031,2.0000,0.0769,0.7071,1.0000,0.0000,23.0000,1.0000,1.4245,27.0000
38,2,0.0417,5.0000,0.2359,0.4217,1.0000,0.0000,17.0000,2.0000,2.6667,12.5000
39,1,0.0031,2.0000,0.0769,0.0000,1.0000,0.0000,20.0000,1.0000,3.9886,27.0000
40,0,0.0000,0.0000,0.0000,0.0000,0.0000,0.0000,0.0000,0.0000
41,1,0.0114,4.0000,0.1543,0.4619,1.0000,0.0000,19.0000,1.0000,4.4974,28.0000
42,1,0.0164,5.0000,0.1978,0.4615,1.0000,0.0000,18.0000,1.0000,4.5584,27.0000
43,1,0.0023,2.0000,0.0667,0.0000,1.0000,0.0000,20.0000,1.0000,4.3011,31.0000
44,2,0.0049,2.0000,0.0776,0.0000,1.0000,0.0000,19.0000,1.0000,2.6437,15.0000
45,0,0.0000,0.0000,0.0000,0.0000,0.0000,0.0000,0.0000,0.0000
46,1,0.0060,4.0000,0.1250,0.5236,1.0000,0.0000,24.0000,1.0000,2.8409,33.0000
47,2,0.0265,4.5000,0.1490,0.3814,1.0000,0.0000,23.0000,2.5000,1.8717,17.0000
48,2,0.0648,4.0000,0.2042,0.2402,1.0000,0.0000,16.0000,4.0000,3.3251,14.5000
49,5,0.0163,3.6000,0.1199,0.1661,1.2000,51.3471,19.0000,1.6000,0.9626,6.8000
50,0,0.0000,0.0000,0.0000,0.0000,0.0000,0.0000,0.0000,0.0000
51,1,0.0046,3.0000,0.1000,0.6116,1.0000,0.0000,23.0000,1.0000,2.7957,31.0000
52,2,0.0093,2.5000,0.1048,0.4731,1.0000,0.0000,19.0000,1.5000,1.4778,14.5000
53,0,0.0000,0.0000,0.0000,0.0000,0.0000,0.0000,0.0000,0.0000
54,0,0.0000,0.0000,0.0000,0.0000,0.0000,0.0000,0.0000,0.0000
55,2,0.0200,3.0000,0.1495,0.0001,1.0000,0.0000,16.0000,1.5000,2.9915,13.5000
56,1,0.0023,2.0000,0.0667,0.0000,1.0000,0.0000,24.0000,1.0000,2.1505,31.0000
57,2,0.0129,3.5000,0.1377,0.3506,1.0000,0.0000,21.0000,1.0000,1.7137,16.0000
58,3,0.0107,3.0000,0.1029,0.2536,1.0000,0.0000,25.0000,2.0000,0.8403,11.6667
59,5,0.0226,2.6000,0.1114,0.1120,1.0000,0.0000,22.0000,1.4000,0.7955,6.6000
60,2,0.0046,2.0000,0.0750,0.6015,1.0000,0.0000,22.0000,1.0000,1.0753,15.5000
61,4,0.0547,3.2500,0.1613,0.1737,1.0000,0.0000,19.0000,2.0000,1.1700,7.2500
62,2,0.0212,3.0000,0.1500,0.2171,1.0000,0.0000,19.0000,1.5000,2.2167,14.5000
63,3,0.0263,3.0000,0.1290,0.0768,1.0000,0.0000,13.0000,1.6667,2.5287,10.0000
64,1,0.0423,5.0000,0.2078,0.4527,1.0000,0.0000,16.0000,3.0000,5.6650,29.0000
65,0,0.0000,0.0000,0.0000,0.0000,0.0000,0.0000,0.0000,0.0000
66,2,0.0107,4.0000,0.1512,0.2619,1.0000,0.0000,19.0000,1.0000,2.1164,14.0000
67,2,0.0419,4.0000,0.1733,0.1823,1.0000,0.0000,18.0000,2.5000,2.8736,15.0000
68,2,0.0115,2.5000,0.1058,0.0000,1.5000,264.6311,15.0000,1.5000,3.5484,15.5000
69,4,0.0282,3.5000,0.1415,0.0937,1.0000,0.0000,17.0000,2.2500,1.7519,8.2500
70,3,0.0177,3.0000,0.1442,0.0476,1.0000,0.0000,18.0000,1.0000,2.1505,10.6667
71,1,0.0025,2.0000,0.0690,0.0000,1.0000,0.0000,24.0000,1.0000,2.5287,30.0000
72,2,0.0228,3.5000,0.1706,0.2710,1.0000,0.0000,19.0000,1.5000,2.2487,14.0000
73,3,0.0088,2.0000,0.1083,0.4010,1.3333,48.8939,15.0000,1.0000,1.1111,7.0000
74,1,0.0058,2.0000,0.1053,0.7071,1.0000,0.0000,17.0000,1.0000,2.1053,20.0000
75,2,0.0048,2.0000,0.0952,0.5000,1.0000,0.0000,16.0000,1.0000,1.5152,11.0000
76,0,0.0000,0.0000,0.0000,0.0000,0.0000,0.0000,0.0000,0.0000
77,1,0.0222,4.0000,0.1552,0.5164,1.0000,0.0000,19.0000,3.0000,4.1379,30.0000
78,1,0.0023,2.0000,0.0667,0.0000,1.0000,0.0000,17.0000,1.0000,7.7419,31.0000
79,2,0.0066,3.5000,0.1128,0.1700,1.0000,0.0000,20.0000,1.0000,2.4064,17.0000
80,0,0.0000,0.0000,0.0000,0.0000,0.0000,0.0000,0.0000,0.0000
81,1,0.0369,6.0000,0.2462,0.3141,1.0000,0.0000,16.0000,2.0000,7.6923,27.0000
82,2,0.0022,2.0000,0.0645,0.0000,1.0000,0.0000,19.0000,1.0000,3.0242,16.0000
83,0,0.0000,0.0000,0.0000,0.0000,0.0000,0.0000,0.0000,0.0000
84,0,0.0000,0.0000,0.0000,0.0000,0.0000,0.0000,0.0000,0.0000
85,1,0.0466,6.0000,0.2250,0.4253,1.0000,0.0000,19.0000,4.0000,5.8065,31.0000
86,0,0.0000,0.0000,0.0000,0.0000,0.0000,0.0000,0.0000,0.0000
87,0,0.0000,0.0000,0.0000,0.0000,0.0000,0.0000,0.0000,0.0000
88,2,0.0291,4.0000,0.1562,0.2020,1.0000,0.0000,17.0000,1.5000,2.8325,14.5000
89,2,0.0152,4.5000,0.1399,0.1707,1.0000,0.0000,19.0000,1.5000,2.9412,17.0000
90,3,0.0443,4.0000,0.1736,0.1110,1.0000,0.0000,22.0000,2.3333,2.2222,12.0000
91,3,0.0246,3.6667,0.1332,0.2560,1.0000,0.0000,22.0000,1.6667,1.1884,11.3333
92,0,0.0000,0.0000,0.0000,0.0000,0.0000,0.0000,0.0000,0.0000
93,5,0.0313,2.6000,0.1339,0.2996,1.0000,0.0000,18.0000,1.6000,0.6878,5.6000
94,1,0.0031,2.0000,0.0769,0.0000,1.0000,0.0000,21.0000,1.0000,2.5641,27.0000
95,0,0.0000,0.0000,0.0000,0.0000,0.0000,0.0000,0.0000,0.0000
96,0,0.0000,0.0000,0.0000,0.0000,0.0000,0.0000,0.0000,0.0000
97,1,0.0228,4.0000,0.2143,0.1609,1.0000,0.0000,20.0000,1.0000,7.9365,28.0000
98,4,0.0691,3.2500,0.1942,0.0874,1.0000,0.0000,15.2500,1.5000,2.1825,7.0000
99,1,0.0159,3.0000,0.1591,0.1776,1.0000,0.0000,19.0000,1.0000,5.1724,29.0000
100,2,0.0067,3.0000,0.1200,0.4325,1.0000,0.0000,20.0000,1.0000,1.3846,13.0000
101,0,0.0000,0.0000,0.0000,0.0000,0.0000,0.0000,0.0000,0.0000
102,0,0.0000,0.0000,0.0000,0.0000,0.0000,0.0000,0.0000,0.0000
103,2,0.0271,3.5000,0.1498,0.2799,1.0000,0.0000,17.0000,1.5000,2.5287,15.0000
104,0,0.0000,0.0000,0.0000,0.0000,0.0000,0.0000,0.0000,0.0000
105,2,0.0132,2.5000,0.1134,0.0000,1.0000,0.0000,19.0000,1.5000,2.2167,14.5000
106,3,0.0194,3.0000,0.1333,0.0567,1.0000,0.0000,14.0000,1.3333,3.0378,9.6667
107,1,0.0025,2.0000,0.0690,0.7071,1.0000,0.0000,24.0000,1.0000,1.6092,30.0000
108,0,0.0000,0.0000,0.0000,0.0000,0.0000,0.0000,0.0000,0.0000
109,1,0.0028,2.0000,0.0741,0.0000,1.0000,0.0000,15.0000,1.0000,9.7884,28.0000
110,2,0.0119,4.0000,0.1429,0.2419,1.0000,0.0000,17.0000,1.5000,2.8325,14.5000
111,3,0.0082,2.3333,0.1029,0.0592,1.0000,0.0000,21.0000,1.0000,1.5326,10.0000
112,1,0.0167,4.0000,0.1800,0.3723,1.0000,0.0000,20.0000,1.0000,4.0000,26.0000
113,1,0.0667,5.0000,0.2880,0.1483,1.0000,0.0000,14.0000,2.0000,11.0769,26.0000
114,1,0.0085,4.0000,0.1481,0.5236,1.0000,0.0000,21.0000,1.0000,2.9101,28.0000
115,2,0.0040,2.5000,0.0893,0.3058,1.0000,0.0000,22.0000,1.0000,1.1084,14.5000
116,3,0.0267,4.0000,0.1943,0.2990,1.0000,0.0000,18.0000,1.3333,1.7094,9.0000
117,1,0.0481,4.0000,0.1513,0.0708,1.0000,0.0000,21.0000,3.0000,4.7059,35.0000
118,3,0.0410,4.3333,0.2083,0.2193,1.3333,99.3020,15.0000,2.0000,2.3656,10.3333
119,0,0.0000,0.0000,0.0000,0.0000,0.0000,0.0000,0.0000,0.0000
120,6,0.1196,3.0000,0.1530,0.0331,1.0000,0.0000,16.0000,2.1667,1.0101,5.5000
121,1,0.0227,4.0000,0.1485,0.3943,1.0000,0.0000,25.0000,3.0000,3.0303,34.0000
122,2,0.0366,3.5000,0.1531,0.4178,1.0000,0.0000,20.5000,2.0000,1.8145,16.0000
123,0,0.0000,0.0000,0.0000,0.0000,0.0000,0.0000,0.0000,0.0000
124,1,0.0296,5.0000,0.2331,0.2118,1.0000,0.0000,16.0000,1.0000,9.8851,30.0000
125,1,0.0129,3.0000,0.1437,0.0001,1.0000,0.0000,18.0000,1.0000,6.8548,32.0000
126,3,0.0183,4.0000,0.1543,0.1589,1.0000,0.0000,14.0000,1.6667,2.3810,9.3333
127,1,0.0046,3.0000,0.1000,0.0000,1.0000,0.0000,19.0000,1.0000,3.8710,31.0000
128,2,0.0238,3.5000,0.1379,0.3999,1.0000,0.0000,18.0000,2.0000,2.2167,14.5000
129,0,0.0000,0.0000,0.0000,0.0000,0.0000,0.0000,0.0000,0.0000
130,1,0.0092,3.0000,0.1231,0.4747,1.0000,0.0000,22.0000,1.0000,2.2792,27.0000
131,0,0.0000,0.0000,0.0000,0.0000,0.0000,0.0000,0.0000,0.0000
132,1,0.0123,4.0000,0.1552,0.4165,1.0000,0.0000,18.0000,1.0000,4.3678,30.0000
133,2,0.0071,2.5000,0.0951,0.1108,1.0000,0.0000,21.0000,1.0000,1.9886,16.5000
134,6,0.0620,3.0000,0.1382,0.2562,1.1667,53.9288,16.0000,2.3333,0.8065,5.3333
135,2,0.0099,3.5000,0.1362,0.1468,1.0000,0.0000,19.0000,1.0000,2.5287,15.0000
136,1,0.0245,7.0000,0.2333,0.4772,1.0000,0.0000,23.0000,2.0000,3.8710,31.0000
137,0,0.0000,0.0000,0.0000,0.0000,0.0000,0.0000,0.0000,0.0000
138,0,0.0000,0.0000,0.0000,0.0000,0.0000,0.0000,0.0000,0.0000
139,2,0.0316,4.0000,0.1856,0.3956,1.0000,0.0000,17.0000,1.5000,2.3551,12.0000
140,0,0.0000,0.0000,0.0000,0.0000,0.0000,0.0000,0.0000,0.0000
141,1,0.0227,3.0000,0.1766,0.0365,1.0000,0.0000,18.0000,1.0000,9.6257,34.0000
142,1,0.0040,3.0000,0.0938,0.0000,1.0000,0.0000,23.0000,1.0000,2.8409,33.0000
143,0,0.0000,0.0000,0.0000,0.0000,0.0000,0.0000,0.0000,0.0000
144,0,0.0000,0.0000,0.0000,0.0000,0.0000,0.0000,0.0000,0.0000
145,0,0.0000,0.0000,0.0000,0.0000,0.0000,0.0000,0.0000,0.0000
146,3,0.0061,3.6667,0.1222,0.1394,1.0000,0.0000,20.0000,1.0000,1.6487,10.3333
147,1,0.0025,2.0000,0.0690,0.0000,1.0000,0.0000,19.0000,1.0000,3.9080,30.0000
148,2,0.0308,3.5000,0.1771,0.3803,1.5000,559.1251,15.0000,2.5000,2.5000,12.5000
149,0,0.0000,0.0000,0.0000,0.0000,0.0000,0.0000,0.0000,0.0000
150,5,0.0152,2.4000,0.0963,0.2527,1.0000,0.0000,16.0000,1.4000,0.8602,6.2000
151,6,0.0193,2.3333,0.1000,0.2770,1.1667,34.0037,18.0000,1.5000,0.5364,5.0000
152,2,0.0117,3.5000,0.1489,0.1511,1.5000,135.2245,17.0000,1.0000,3.5385,13.0000
153,1,0.0230,3.0000,0.1681,0.1761,1.0000,0.0000,18.0000,1.0000,5.5914,31.0000
154,1,0.0022,2.0000,0.0645,0.0000,1.0000,0.0000,25.0000,1.0000,2.8226,32.0000
155,5,0.0103,2.0000,0.0835,0.0001,1.2000,135.0319,20.0000,1.4000,0.5517,6.0000
156,0,0.0000,0.0000,0.0000,0.0000,0.0000,0.0000,0.0000,0.0000
157,0,0.0000,0.0000,0.0000,0.0000,0.0000,0.0000,0.0000,0.0000
158,1,0.0028,2.0000,0.0741,0.0000,1.0000,0.0000,19.0000,1.0000,4.4974,28.0000
159,5,0.0375,2.6000,0.1355,0.1531,1.2000,87.9648,20.0000,1.6000,0.7312,6.2000
160,2,0.0114,2.5000,0.1160,0.0861,1.0000,0.0000,18.0000,1.0000,2.5132,14.0000
161,3,0.0242,3.6667,0.1560,0.2184,1.0000,0.0000,22.0000,1.3333,1.3258,11.0000
162,2,0.0291,3.0000,0.1469,0.2952,1.0000,0.0000,22.0000,2.5000,1.4778,14.5000
163,1,0.0048,2.0000,0.0952,0.0000,1.0000,0.0000,14.0000,1.0000,5.6277,22.0000
164,0,0.0000,0.0000,0.0000,0.0000,0.0000,0.0000,0.0000,0.0000
165,1,0.0022,2.0000,0.0645,0.0000,1.0000,0.0000,18.0000,1.0000,7.4597,32.0000
166,2,0.0149,2.5000,0.1167,0.2210,1.0000,0.0000,22.0000,1.5000,1.5054,15.5000
167,1,0.0023,2.0000,0.0667,0.0000,1.0000,0.0000,25.0000,1.0000,2.3656,31.0000
168,0,0.0000,0.0000,0.0000,0.0000,0.0000,0.0000,0.0000,0.0000
169,1,0.0123,3.0000,0.1379,0.2521,1.0000,0.0000,19.0000,1.0000,4.5977,30.0000
170,1,0.0057,3.0000,0.1111,0.6116,1.0000,0.0000,22.0000,1.0000,2.1164,28.0000
171,1,0.0114,3.0000,0.1323,0.3834,1.0000,0.0000,20.0000,1.0000,3.4392,28.0000
172,1,0.0290,7.0000,0.2917,0.4299,1.0000,0.0000,19.0000,1.0000,6.0000,25.0000
173,4,0.0192,2.2500,0.1142,0.0249,1.0000,0.0000,15.0000,1.2500,1.8519,7.0000
174,3,0.0038,2.0000,0.0722,0.0000,1.0000,0.0000,21.0000,1.0000,0.8602,10.3333
175,3,0.0194,4.0000,0.1680,0.3423,1.0000,0.0000,20.0000,1.3333,1.3136,9.6667
176,5,0.0160,2.6000,0.1190,0.2768,1.2000,44.5736,14.0000,1.4000,0.9231,5.2000
177,1,0.0023,2.0000,0.0667,0.7071,2.0000,300.2150,27.0000,1.0000,1.0753,31.0000
178,2,0.0148,4.0000,0.1549,0.3282,1.0000,0.0000,20.0000,1.0000,2.0690,15.0000
179,3,0.0263,3.6667,0.1840,0.0859,1.0000,0.0000,13.0000,1.3333,4.1379,10.0000
180,2,0.0037,2.5000,0.0862,0.3058,1.5000,180.4779,21.0000,1.0000,1.4943,15.0000
181,0,0.0000,0.0000,0.0000,0.0000,0.0000,0.0000,0.0000,0.0000
182,0,0.0000,0.0000,0.0000,0.0000,0.0000,0.0000,0.0000,0.0000
183,6,0.0437,2.8333,0.1285,0.1925,1.0000,0.0000,17.0000,1.8333,0.7168,5.1667
184,1,0.0028,2.0000,0.0741,0.7071,1.0000,0.0000,24.0000,1.0000,1.3228,28.0000
185,2,0.0079,2.0000,0.0978,0.6015,1.0000,0.0000,19.0000,1.0000,1.0870,12.0000
186,2,0.0026,2.0000,0.0714,0.0000,1.0000,0.0000,18.0000,1.0000,2.9557,14.5000
187,0,0.0000,0.0000,0.0000,0.0000,0.0000,0.0000,0.0000,0.0000
188,3,0.0067,2.3333,0.1000,0.2039,1.0000,0.0000,19.0000,1.0000,0.9231,8.6667
189,1,0.0185,6.0000,0.2356,0.3488,1.0000,0.0000,17.0000,1.0000,7.1225,27.0000
190,0,0.0000,0.0000,0.0000,0.0000,0.0000,0.0000,0.0000,0.0000
191,2,0.0200,3.0000,0.1429,0.5000,1.0000,0.0000,19.0000,2.0000,1.6923,13.0000
192,3,0.0300,3.3333,0.1573,0.2643,1.6667,285.0985,17.3333,1.6667,1.4359,8.6667
193,4,0.0099,2.7500,0.1084,0.2500,1.0000,0.0000,17.0000,1.5000,1.0468,7.2500
194,2,0.0057,2.0000,0.0833,0.6015,1.0000,0.0000,22.0000,1.0000,0.9259,14.0000
195,5,0.0111,2.6000,0.1098,0.2479,1.0000,0.0000,18.0000,1.2000,0.6897,5.8000
196,2,0.0181,3.0000,0.1519,0.3566,1.5000,135.8692,20.0000,1.5000,1.5000,12.5000
197,0,0.0000,0.0000,0.0000,0.0000,0.0000,0.0000,0.0000,0.0000
198,0,0.0000,0.0000,0.0000,0.0000,0.0000,0.0000,0.0000,0.0000
199,2,0.0635,6.0000,0.2274,0.3751,1.0000,0.0000,18.0000,3.0000,3.0788,14.5000
200,0,0.0000,0.0000,0.0000,0.0000,0.0000,0.0000,0.0000,0.0000
201,0,0.0000,0.0000,0.0000,0.0000,0.0000,0.0000,0.0000,0.0000
202,2,0.0423,5.0000,0.2161,0.1977,1.0000,0.0000,22.0000,2.5000,3.1250,16.5000
203,2,0.0382,4.5000,0.2380,0.1993,1.0000,0.0000,16.0000,1.5000,4.3103,14.5000
204,3,0.0036,2.0000,0.0699,0.0000,1.0000,0.0000,24.0000,1.0000,0.6720,10.6667
205,4,0.0192,3.0000,0.1198,0.2679,1.2500,82.8764,16.2500,1.2500,1.0468,7.2500
206,0,0.0000,0.0000,0.0000,0.0000,0.0000,0.0000,0.0000,0.0000
207,2,0.0115,2.5000,0.1058,0.3440,1.0000,0.0000,23.0000,1.5000,1.1828,15.5000
208,3,0.0456,3.6667,0.1901,0.3156,1.0000,0.0000,17.3333,1.6667,1.4359,8.6667
209,0,0.0000,0.0000,0.0000,0.0000,0.0000,0.0000,0.0000,0.0000
210,1,0.0040,2.0000,0.0870,0.7071,1.0000,0.0000,21.0000,1.0000,1.4493,24.0000
211,2,0.0087,2.0000,0.1023,0.0000,1.0000,0.0000,17.0000,1.0000,1.5810,11.5000
212,1,0.0123,4.0000,0.1603,0.4142,1.0000,0.0000,16.0000,1.0000,5.4131,27.0000
213,2,0.0785,3.0000,0.1908,0.0370,1.0000,0.0000,15.0000,3.0000,3.8306,16.0000
214,3,0.0282,3.6667,0.1458,0.1889,1.0000,0.0000,19.3333,1.6667,1.3889,11.0000
215,2,0.0093,4.5000,0.1607,0.1925,1.0000,0.0000,16.0000,1.0000,3.8177,14.5000
216,1,0.0031,2.0000,0.0769,0.0000,1.0000,0.0000,19.0000,1.0000,3.7037,27.0000
217,3,0.0115,2.6667,0.1089,0.0000,1.0000,0.0000,18.0000,1.3333,2.2989,10.0000
218,3,0.0490,3.6667,0.2269,0.0788,1.0000,0.0000,15.0000,1.3333,3.3692,10.3333
219,1,0.0079,6.0000,0.1667,0.4183,1.0000,0.0000,24.0000,1.0000,3.9039,37.0000
220,3,0.0032,2.0000,0.0657,0.4011,1.0000,0.0000,28.0000,1.0000,0.4159,11.3333
221,1,0.0043,2.0000,0.0909,0.0000,1.0000,0.0000,15.0000,1.0000,9.4862,23.0000
222,3,0.0540,3.0000,0.1852,0.2711,1.0000,0.0000,14.0000,2.3333,1.8759,7.3333
223,1,0.0031,2.0000,0.0769,0.7071,1.0000,0.0000,24.0000,1.0000,1.1396,27.0000
224,0,0.0000,0.0000,0.0000,0.0000,0.0000,0.0000,0.0000,0.0000
225,0,0.0000,0.0000,0.0000,0.0000,0.0000,0.0000,0.0000,0.0000
226,2,0.0670,5.0000,0.2680,0.1412,1.0000,0.0000,16.0000,2.5000,5.9524,14.0000
227,0,0.0000,0.0000,0.0000,0.0000,0.0000,0.0000,0.0000,0.0000
228,2,0.0057,2.5000,0.0963,0.2374,1.0000,0.0000,21.0000,1.0000,1.3228,14.0000
229,2,0.0066,3.0000,0.1071,0.3077,1.0000,0.0000,21.0000,1.5000,1.3547,14.5000
230,1,0.0703,7.0000,0.2849,0.4630,1.0000,0.0000,19.0000,4.0000,6.0847,28.0000
231,0,0.0000,0.0000,0.0000,0.0000,0.0000,0.0000,0.0000,0.0000
232,6,0.0692,3.3333,0.1763,0.1687,1.0000,0.0000,17.0000,1.8333,0.9700,4.6667
233,1,0.0303,6.0000,0.2909,0.3157,1.0000,0.0000,16.0000,1.0000,9.8814,23.0000
234,1,0.0133,3.0000,0.1429,0.3310,1.0000,0.0000,18.0000,1.0000,4.3077,26.0000
235,1,0.0132,3.0000,0.1429,0.2316,1.0000,0.0000,21.0000,1.0000,4.1872,29.0000
236,0,0.0000,0.0000,0.0000,0.0000,0.0000,0.0000,0.0000,0.0000
237,0,0.0000,0.0000,0.0000,0.0000,0.0000,0.0000,0.0000,0.0000
238,0,0.0000,0.0000,0.0000,0.0000,0.0000,0.0000,0.0000,0.0000
239,2,0.0277,3.5000,0.1485,0.3999,1.0000,0.0000,17.0000,2.0000,2.2792,13.5000
240,1,0.0025,2.0000,0.0690,0.0000,1.0000,0.0000,21.0000,1.0000,4.3678,30.0000
241,0,0.0000,0.0000,0.0000,0.0000,0.0000,0.0000,0.0000,0.0000
242,0,0.0000,0.0000,0.0000,0.0000,0.0000,0.0000,0.0000,0.0000
243,1,0.0036,2.0000,0.0833,0.7071,1.0000,0.0000,22.0000,1.0000,1.3333,25.0000
244,0,0.0000,0.0000,0.0000,0.0000,0.0000,0.0000,0.0000,0.0000
245,0,0.0000,0.0000,0.0000,0.0000,0.0000,0.0000,0.0000,0.0000
246,0,0.0000,0.0000,0.0000,0.0000,0.0000,0.0000,0.0000,0.0000
247,1,0.0036,2.0000,0.0833,0.0000,1.0000,0.0000,17.0000,1.0000,3.6667,25.0000
248,3,0.0635,3.0000,0.2168,0.1507,1.3333,101.5013,12.0000,1.6667,3.1746,7.3333
249,0,0.0000,0.0000,0.0000,0.0000,0.0000,0.0000,0.0000,0.0000
250,4,0.0192,2.7500,0.1129,0.2852,1.2500,53.2693,19.0000,1.7500,0.8621,7.2500
251,2,0.0108,2.5000,0.1128,0.4731,1.0000,0.0000,21.0000,1.5000,1.2821,13.5000
252,3,0.0271,2.6667,0.1371,0.2528,1.6667,192.4047,21.0000,1.6667,0.9700,9.3333
253,0,0.0000,0.0000,0.0000,0.0000,0.0000,0.0000,0.0000,0.0000
254,0,0.0000,0.0000,0.0000,0.0000,0.0000,0.0000,0.0000,0.0000
255,3,0.0297,4.0000,0.1482,0.1989,1.0000,0.0000,17.0000,1.6667,1.9157,10.0000
256,1,0.0020,2.0000,0.0625,0.0000,1.0000,0.0000,18.0000,1.0000,8.9015,33.0000
257,2,0.0086,2.5000,0.1011,0.4731,1.0000,0.0000,19.0000,1.5000,1.6092,15.0000
258,0,0.0000,0.0000,0.0000,0.0000,0.0000,0.0000,0.0000,0.0000
259,0,0.0000,0.0000,0.0000,0.0000,0.0000,0.0000,0.0000,0.0000
260,1,0.0238,3.0000,0.1701,0.0552,1.0000,0.0000,15.0000,1.0000,8.3744,29.0000
261,3,0.0115,2.3333,0.0941,0.3844,1.0000,0.0000,23.0000,1.6667,0.7392,10.6667
262,3,0.0390,3.0000,0.1565,0.1799,1.0000,0.0000,20.0000,2.0000,1.2346,9.0000
263,0,0.0000,0.0000,0.0000,0.0000,0.0000,0.0000,0.0000,0.0000
264,1,0.0148,5.0000,0.1724,0.5526,1.0000,0.0000,21.0000,2.0000,3.6782,30.0000
265,2,0.0038,2.0000,0.0682,0.0000,1.0000,0.0000,19.0000,1.0000,3.6542,17.0000
266,4,0.0231,3.0000,0.1407,0.1308,1.0000,0.0000,17.0000,1.5000,1.4778,7.2500
267,0,0.0000,0.0000,0.0000,0.0000,0.0000,0.0000,0.0000,0.0000
268,3,0.0153,3.6667,0.1398,0.2808,1.0000,0.0000,18.0000,1.3333,1.4337,10.3333
269,1,0.0069,3.0000,0.1067,0.0001,1.0000,0.0000,23.0000,1.0000,3.0108,31.0000
270,4,0.0055,2.2500,0.0810,0.0000,1.0000,0.0000,20.0000,1.2500,1.0417,8.2500
271,2,0.0366,4.0000,0.1654,0.4086,1.0000,0.0000,20.5000,2.0000,1.8145,16.0000
272,1,0.0049,3.0000,0.1034,0.0000,1.0000,0.0000,21.0000,1.0000,3.2184,30.0000
273,1,0.0062,3.0000,0.1154,0.0000,1.0000,0.0000,19.0000,1.0000,5.6980,27.0000
274,1,0.0267,5.0000,0.2057,0.4460,1.0000,0.0000,17.0000,2.0000,4.9231,26.0000
275,0,0.0000,0.0000,0.0000,0.0000,0.0000,0.0000,0.0000,0.0000
276,0,0.0000,0.0000,0.0000,0.0000,0.0000,0.0000,0.0000,0.0000
277,3,0.0119,3.0000,0.1271,0.2767,1.0000,0.0000,18.0000,1.3333,1.2346,9.3333
278,1,0.0215,3.0000,0.1758,0.1532,2.0000,442.0881,18.0000,1.0000,6.2678,27.0000
279,2,0.0326,3.5000,0.1609,0.3999,1.0000,0.0000,16.0000,2.0000,2.3333,12.5000
280,2,0.0033,2.0000,0.0800,0.0000,1.0000,0.0000,19.0000,1.0000,1.3846,13.0000
281,3,0.0111,2.0000,0.0965,0.0000,1.0000,0.0000,19.0000,1.3333,1.1282,8.6667
282,1,0.0036,2.0000,0.0833,0.0000,1.0000,0.0000,18.0000,1.0000,4.6667,25.0000
283,1,0.0714,6.0000,0.3048,0.4155,1.0000,0.0000,13.0000,3.0000,8.6580,22.0000
284,2,0.0033,2.0000,0.0800,0.5000,1.0000,0.0000,19.0000,1.0000,1.2308,13.0000
285,1,0.0085,4.0000,0.1481,0.5236,1.0000,0.0000,19.0000,1.0000,3.4392,28.0000
286,3,0.0245,3.0000,0.1353,0.2723,1.0000,0.0000,21.3333,1.6667,1.0036,10.3333
287,3,0.0113,4.3333,0.1273,0.2719,1.0000,0.0000,20.0000,1.3333,1.4006,11.6667
288,1,0.0023,2.0000,0.0667,0.0000,1.0000,0.0000,26.0000,1.0000,1.9355,31.0000
289,2,0.0225,3.5000,0.1518,0.3803,1.0000,0.0000,20.0000,2.5000,2.0936,14.5000
290,2,0.0053,2.0000,0.0804,0.6015,1.0000,0.0000,21.0000,1.0000,1.1084,14.5000
291,0,0.0000,0.0000,0.0000,0.0000,0.0000,0.0000,0.0000,0.0000
292,2,0.0236,2.5000,0.1458,0.2210,1.0000,0.0000,18.0000,1.5000,2.0000,12.5000
293,2,0.0308,3.5000,0.1827,0.1526,1.5000,94.7835,18.0000,1.5000,3.4483,15.0000
294,2,0.0140,3.5000,0.1645,0.0465,1.0000,0.0000,16.0000,1.0000,5.9476,16.0000
295,3,0.0036,2.0000,0.0699,0.0000,1.0000,0.0000,20.0000,1.0000,1.2097,10.6667
296,3,0.0247,3.0000,0.1434,0.2056,1.0000,0.0000,20.0000,1.6667,1.3136,9.6667
297,2,0.0062,3.0000,0.1063,0.2071,1.0000,0.0000,19.0000,1.0000,2.0690,15.0000
298,0,0.0000,0.0000,0.0000,0.0000,0.0000,0.0000,0.0000,0.0000
299,0,0.0000,0.0000,0.0000,0.0000,0.0000,0.0000,0.0000,0.0000
300,0,0.0000,0.0000,0.0000,0.0000,0.0000,0.0000,0.0000,0.0000
301,4,0.0310,3.0000,0.1307,0.2594,1.0000,0.0000,18.0000,2.0000,1.0215,7.7500
302,1,0.0756,6.0000,0.2747,0.4661,1.0000,0.0000,17.0000,3.0000,5.9829,27.0000
303,2,0.0062,3.5000,0.1207,0.2311,1.0000,0.0000,20.0000,1.0000,1.9540,15.0000
304,3,0.0530,3.0000,0.1717,0.0403,1.0000,0.0000,14.0000,2.3333,3.8978,10.6667
305,3,0.0154,4.0000,0.1532,0.1524,1.6667,213.4028,20.0000,1.3333,1.9608,11.3333
306,0,0.0000,0.0000,0.0000,0.0000,0.0000,0.0000,0.0000,0.0000
307,1,0.0025,2.0000,0.0690,0.7071,1.0000,0.0000,25.0000,1.0000,1.3793,30.0000
308,0,0.0000,0.0000,0.0000,0.0000,0.0000,0.0000,0.0000,0.0000
309,1,0.0317,7.0000,0.2500,0.5097,1.0000,0.0000,20.0000,3.0000,4.6798,29.0000
310,1,0.0057,3.0000,0.1111,0.6116,1.0000,0.0000,19.0000,1.0000,3.1746,28.0000
311,3,0.0300,3.3333,0.1582,0.1122,1.0000,0.0000,18.0000,2.0000,1.9704,9.6667
312,0,0.0000,0.0000,0.0000,0.0000,0.0000,0.0000,0.0000,0.0000
313,0,0.0000,0.0000,0.0000,0.0000,0.0000,0.0000,0.0000,0.0000
314,0,0.0000,0.0000,0.0000,0.0000,0.0000,0.0000,0.0000,0.0000
315,2,0.0048,2.0000,0.0952,0.5000,1.0000,0.0000,17.0000,1.0000,1.2987,11.0000
316,2,0.0563,4.5000,0.2338,0.3466,1.0000,0.0000,14.0000,2.0000,3.7549,11.5000
317,2,0.0201,3.0000,0.1448,0.2304,1.0000,0.0000,21.0000,1.5000,1.8391,15.0000
318,4,0.0333,2.7500,0.1227,0.2059,1.0000,0.0000,22.0000,2.0000,0.7527,7.7500
319,2,0.0152,3.0000,0.1402,0.2667,1.0000,0.0000,14.0000,1.5000,2.5692,11.5000
320,0,0.0000,0.0000,0.0000,0.0000,0.0000,0.0000,0.0000,0.0000
321,5,0.0336,2.4000,0.1180,0.1771,1.0000,0.0000,17.0000,1.8000,0.8466,5.6000
322,1,0.0031,2.0000,0.0769,0.0000,1.0000,0.0000,17.0000,1.0000,6.5527,27.0000
323,0,0.0000,0.0000,0.0000,0.0000,0.0000,0.0000,0.0000,0.0000
324,2,0.0368,3.5000,0.1932,0.3803,1.0000,0.0000,17.0000,2.5000,2.1739,11.5000
325,0,0.0000,0.0000,0.0000,0.0000,0.0000,0.0000,0.0000,0.0000
326,0,0.0000,0.0000,0.0000,0.0000,0.0000,0.0000,0.0000,0.0000
327,0,0.0000,0.0000,0.0000,0.0000,0.0000,0.0000,0.0000,0.0000
328,0,0.0000,0.0000,0.0000,0.0000,0.0000,0.0000,0.0000,0.0000
329,0,0.0000,0.0000,0.0000,0.0000,0.0000,0.0000,0.0000,0.0000
330,2,0.0077,3.0000,0.1192,0.0000,1.0000,0.0000,16.0000,1.0000,2.5641,13.5000
331,3,0.0870,5.0000,0.2428,0.1286,1.0000,0.0000,17.0000,2.6667,3.4483,10.0000
332,2,0.0108,2.5000,0.1024,0.3440,1.0000,0.0000,22.0000,1.5000,1.6129,16.0000
333,2,0.0034,2.5000,0.0833,0.3058,1.0000,0.0000,20.0000,1.0000,1.6129,15.5000
334,3,0.0287,4.0000,0.1463,0.1889,1.0000,0.0000,14.0000,2.0000,2.3755,10.0000
335,0,0.0000,0.0000,0.0000,0.0000,0.0000,0.0000,0.0000,0.0000
336,2,0.0043,2.0000,0.0726,0.0000,1.0000,0.0000,20.0000,1.0000,3.2258,16.0000
337,1,0.0023,2.0000,0.0667,0.0000,1.0000,0.0000,21.0000,1.0000,6.4516,31.0000
338,1,0.0046,3.0000,0.1000,0.6116,1.0000,0.0000,26.0000,1.0000,1.7204,31.0000
339,1,0.0049,3.0000,0.1034,0.0000,1.0000,0.0000,18.0000,1.0000,6.2069,30.0000
340,6,0.0457,2.8333,0.1246,0.2113,1.0000,0.0000,22.0000,1.8333,0.5051,5.5000
341,3,0.0041,2.0000,0.0747,0.0000,1.0000,0.0000,21.0000,1.0000,0.9195,10.0000
342,4,0.0075,2.5000,0.0937,0.1309,1.0000,0.0000,20.0000,1.2500,0.8065,7.7500
343,3,0.0266,3.0000,0.1510,0.0000,1.0000,0.0000,14.0000,1.6667,2.2222,8.3333
344,4,0.0223,2.5000,0.1260,0.1658,1.2500,70.3959,16.0000,1.5000,1.1396,6.7500
345,0,0.0000,0.0000,0.0000,0.0000,0.0000,0.0000,0.0000,0.0000
346,0,0.0000,0.0000,0.0000,0.0000,0.0000,0.0000,0.0000,0.0000
347,1,0.0058,2.0000,0.1053,0.7071,1.0000,0.0000,14.0000,1.0000,3.6842,20.0000
348,1,0.0048,2.0000,0.0952,0.0000,1.0000,0.0000,14.0000,1.0000,9.0909,22.0000
349,4,0.0833,2.7500,0.1999,0.0639,1.2500,74.5551,13.0000,1.7500,2.7692,6.5000
350,1,0.0025,2.0000,0.0690,0.0000,1.0000,0.0000,24.0000,1.0000,1.8391,30.0000
351,0,0.0000,0.0000,0.0000,0.0000,0.0000,0.0000,0.0000,0.0000
352,2,0.0079,3.0000,0.1304,0.2618,1.0000,0.0000,18.0000,1.0000,1.8116,12.0000
353,2,0.0083,3.0000,0.1200,0.3077,1.0000,0.0000,20.0000,1.5000,1.3846,13.0000
354,0,0.0000,0.0000,0.0000,0.0000,0.0000,0.0000,0.0000,0.0000
355,1,0.0085,4.0000,0.1481,0.5236,1.0000,0.0000,19.0000,1.0000,3.7037,28.0000
356,2,0.0370,2.5000,0.1774,0.0572,1.0000,0.0000,18.0000,1.5000,4.1872,14.5000
357,1,0.0026,2.0000,0.0714,0.0000,1.0000,0.0000,15.0000,1.0000,11.3300,29.0000
358,3,0.0795,4.0000,0.1831,0.2355,1.3333,167.1066,17.0000,2.3333,1.8308,11.0000
359,2,0.0046,3.0000,0.1000,0.4325,1.0000,0.0000,20.0000,1.0000,1.5054,15.5000
360,1,0.0099,5.0000,0.1724,0.4623,1.0000,0.0000,20.0000,1.0000,4.1379,30.0000
361,3,0.0085,3.0000,0.0862,0.0545,1.3333,111.1559,24.0000,1.3333,1.6242,14.3333
362,8,0.0054,2.7500,0.0736,0.0337,1.0000,0.0000,27.0000,1.1250,0.5796,7.1250
363,7,0.0085,3.0000,0.0824,0.0177,1.2857,139.9852,25.1429,1.4286,0.8464,9.5714
364,5,0.0056,3.0000,0.0662,0.0201,1.2000,107.3996,35.0000,1.4000,0.8072,15.0000
365,4,0.0248,4.0000,0.0919,0.0352,1.2500,67.1025,35.0000,2.5000,0.7646,17.7500
366,2,0.0077,4.5000,0.1131,0.0383,1.0000,0.0000,25.0000,1.0000,4.5082,30.5000
367,11,0.0261,3.7273,0.1012,0.0320,1.1818,100.7675,28.0909,2.0000,0.4174,6.7273
368,10,0.0049,2.9000,0.0583,0.0129,1.0000,0.0000,31.1000,1.5000,0.4101,7.7000
369,9,0.0079,3.8889,0.0628,0.0639,1.1111,88.2897,29.2222,1.4444,0.3608,8.0000
370,8,0.0154,3.0000,0.0810,0.0101,1.2500,97.9642,28.0000,1.8750,0.7087,8.6250
371,8,0.0056,3.7500,0.0667,0.0227,1.1250,62.5670,34.0000,1.7500,0.5315,9.3750
372,10,0.0111,4.3000,0.0850,0.0695,1.1000,76.1178,30.0000,1.6000,0.4642,7.3000
373,7,0.0185,3.2857,0.0956,0.0211,1.2857,110.1437,30.0000,1.8571,0.6372,10.2857
374,3,0.0020,2.6667,0.0492,0.0000,1.0000,0.0000,27.0000,1.3333,2.0668,21.3333
375,5,0.0632,3.8000,0.1155,0.0060,1.4000,144.4999,29.0000,2.8000,1.2588,14.0000
376,1,0.0005,2.0000,0.0317,0.0000,1.0000,0.0000,33.0000,1.0000,4.7619,64.0000
377,10,0.0073,4.1000,0.0928,0.1133,1.1000,83.0735,34.0000,1.3000,0.3018,7.1000
378,2,0.0272,5.0000,0.1208,0.0396,1.0000,0.0000,35.0000,3.0000,2.6962,35.5000
379,6,0.0162,4.1667,0.0793,0.0552,1.0000,0.0000,33.0000,2.5000,0.6842,12.6667
380,6,0.0015,2.6667,0.0418,0.0000,1.0000,0.0000,29.0000,1.1667,1.1544,13.0000
381,5,0.0413,3.6000,0.1472,0.0068,1.2000,129.5507,31.2000,1.6000,1.7516,15.6000
382,12,0.0126,3.1667,0.0700,0.0269,1.0000,0.0000,32.0833,1.6667,0.3208,6.9167
383,9,0.0108,3.2222,0.0724,0.0128,1.1111,62.7869,35.0000,1.7778,0.4724,8.7778
384,11,0.0233,4.6364,0.0964,0.0334,1.2727,134.6766,28.0000,2.0000,0.4599,7.4545
385,3,0.0006,2.3333,0.0298,0.0000,1.6667,375.3186,33.0000,1.0000,1.7180,28.3333
386,7,0.0305,4.2857,0.0993,0.0348,1.0000,0.0000,34.1429,2.0000,0.5251,10.7143
387,2,0.0289,6.5000,0.1782,0.0632,1.0000,0.0000,27.0000,2.5000,4.4243,37.0000
388,10,0.0393,6.8000,0.1376,0.0528,1.1000,21.2328,30.0000,3.1000,0.5490,8.5000
389,5,0.0336,3.4000,0.1007,0.0041,1.2000,122.6295,30.0000,1.8000,1.2204,15.8000
390,3,0.0018,2.6667,0.0465,0.0000,1.0000,0.0000,28.0000,1.3333,2.4729,22.6667
391,4,0.0044,3.0000,0.0575,0.0483,1.0000,0.0000,37.0000,1.2500,0.6445,16.7500
392,4,0.0104,3.0000,0.1124,0.0197,1.0000,0.0000,31.0000,1.2500,1.4493,17.5000
393,2,0.0008,3.0000,0.0423,0.0000,1.0000,0.0000,31.0000,1.0000,2.0344,36.0000
394,10,0.0261,3.5000,0.0856,0.0118,1.0000,0.0000,29.0000,2.0000,0.5263,7.7000
395,5,0.0092,4.0000,0.1093,0.0268,1.2000,95.8011,31.0000,1.2000,1.6072,15.0000
396,9,0.0090,4.1111,0.0724,0.0213,1.0000,0.0000,27.0000,1.5556,0.4717,9.3333
397,8,0.0114,3.2500,0.0805,0.0064,1.0000,0.0000,32.0000,1.5000,0.8295,10.1250
398,5,0.0131,4.0000,0.1099,0.0195,1.0000,0.0000,37.0000,1.6000,1.1284,16.6000
399,9,0.0100,2.4444,0.0615,0.0039,1.0000,0.0000,31.0000,1.5556,0.4912,8.4444
400,6,0.0348,4.5000,0.1372,0.0618,1.3333,120.5598,32.0000,2.8333,0.7825,12.0000
401,2,0.0007,2.5000,0.0391,0.0000,1.5000,352.0711,31.0000,1.0000,2.0913,32.5000
402,7,0.0022,2.4286,0.0430,0.0000,1.0000,0.0000,27.0000,1.5714,0.7237,9.5714
403,6,0.0022,3.6667,0.0625,0.0365,1.1667,96.9597,33.0000,1.0000,1.0412,11.0000
404,1,0.0391,9.0000,0.1815,0.1664,1.0000,0.0000,26.0000,3.0000,6.2374,71.0000
405,8,0.0219,4.0000,0.0870,0.0454,1.0000,0.0000,34.0000,2.0000,0.4324,9.3750
406,8,0.0127,2.6250,0.0724,0.0099,1.0000,0.0000,28.0000,1.2500,0.5595,8.6250
407,5,0.0027,2.8000,0.0489,0.0027,1.0000,0.0000,28.0000,1.0000,1.1027,15.0000
408,9,0.0142,3.5556,0.0818,0.0187,1.2222,85.3621,30.0000,1.7778,0.7101,8.5556
409,14,0.0089,3.0714,0.0523,0.0164,1.1429,74.2500,29.0000,1.7857,0.3053,6.0000
410,9,0.0201,4.8889,0.0825,0.0322,1.1111,62.1058,22.0000,2.1111,0.7888,9.0000
411,8,0.0076,3.1250,0.0681,0.0036,1.2500,134.1219,26.0000,1.3750,0.8989,10.1250
412,3,0.0104,3.0000,0.0762,0.0017,1.0000,0.0000,36.0000,1.3333,1.7364,27.3333
413,5,0.0077,3.0000,0.0687,0.0006,1.2000,74.3999,35.0000,1.6000,0.8288,15.0000
414,8,0.0179,3.7500,0.1073,0.0378,1.0000,0.0000,30.0000,1.6250,0.6280,9.6250
415,12,0.0203,2.8333,0.0802,0.0272,1.0000,0.0000,29.0000,1.5833,0.3497,6.5000
416,7,0.0170,4.7143,0.0923,0.0211,1.0000,0.0000,24.1429,1.7143,1.2017,10.2857
417,8,0.0288,3.0000,0.0800,0.0142,1.2500,137.5682,32.0000,2.0000,0.5789,9.5000
418,7,0.0017,2.1429,0.0369,0.0001,1.0000,0.0000,37.0000,1.1429,0.5979,11.7143
419,11,0.0174,3.5455,0.0715,0.0187,1.0909,58.7044,27.0909,2.0909,0.4488,7.5455
420,2,0.0004,2.5000,0.0301,0.0000,1.5000,254.7227,33.0000,1.0000,2.2088,42.0000
421,5,0.0028,4.6000,0.0673,0.0131,1.0000,0.0000,31.2000,1.0000,1.2099,16.2000
422,6,0.0053,2.5000,0.0535,0.0039,1.0000,0.0000,29.0000,1.3333,1.1100,13.0000
423,9,0.0113,2.8889,0.0661,0.0158,1.0000,0.0000,25.0000,1.7778,0.6061,7.3333
424,8,0.0121,3.1250,0.0644,0.0109,1.1250,121.5970,31.0000,1.8750,0.6992,9.1250
425,5,0.0221,4.6000,0.0946,0.0352,1.2000,63.5643,32.0000,2.4000,1.0000,16.0000
426,4,0.0034,2.5000,0.0622,0.0050,1.0000,0.0000,31.0000,1.2500,1.5845,18.0000
427,6,0.0023,2.8333,0.0476,0.0011,1.0000,0.0000,28.0000,1.3333,0.7767,13.5000
428,8,0.0082,4.3750,0.0709,0.0236,1.1250,54.0672,33.1250,1.8750,0.4282,10.1250
429,2,0.0043,3.0000,0.0652,0.0142,1.0000,0.0000,36.0000,1.0000,1.7716,33.0000
430,5,0.0200,4.4000,0.0941,0.0322,1.0000,0.0000,31.0000,2.6000,1.2481,14.6000
431,3,0.0008,3.0000,0.0417,0.0000,1.0000,0.0000,30.0000,1.0000,1.7504,24.3333
432,9,0.0080,3.0000,0.0672,0.0037,1.0000,0.0000,24.1111,1.6667,0.5581,8.1111
433,3,0.0005,2.3333,0.0307,0.0000,1.0000,0.0000,34.0000,1.0000,1.5949,25.6667
434,2,0.0012,3.0000,0.0423,0.0000,1.0000,0.0000,34.5000,1.0000,2.6800,36.0000
435,6,0.0097,4.0000,0.0800,0.0408,1.0000,0.0000,30.0000,1.6667,0.8809,11.5000
436,6,0.0012,2.5000,0.0390,0.0000,1.0000,0.0000,29.3333,1.0000,0.8182,11.8333
437,7,0.0020,2.2857,0.0363,0.0000,1.0000,0.0000,34.0000,1.4286,0.5113,10.8571
438,10,0.0040,2.9000,0.0547,0.0200,1.1000,25.0929,33.0000,1.6000,0.2905,7.7000
439,5,0.0134,3.8000,0.0865,0.0295,1.4000,238.8505,35.2000,1.6000,0.9855,14.0000
440,6,0.0270,5.1667,0.1010,0.0592,1.0000,0.0000,35.1667,2.1667,0.7368,12.6667
441,7,0.0468,5.7143,0.1338,0.0251,1.2857,58.3854,27.0000,2.0000,1.1068,10.7143
442,7,0.0047,2.2857,0.0492,0.0001,1.1429,137.2912,28.0000,1.1429,0.9180,12.0000
443,3,0.0007,3.0000,0.0385,0.0000,1.0000,0.0000,35.0000,1.0000,1.6012,26.3333
444,5,0.0027,3.4000,0.0535,0.0882,1.2000,65.3462,42.0000,1.6000,0.4757,15.0000
445,5,0.0006,2.2000,0.0333,0.0000,1.0000,0.0000,32.0000,1.0000,0.7870,13.4000
446,8,0.0048,3.2500,0.0589,0.0132,1.2500,131.9367,30.0000,1.5000,0.6063,9.2500
447,1,0.0007,3.0000,0.0400,0.0000,1.0000,0.0000,21.0000,1.0000,8.0351,76.0000
448,2,0.0008,3.5000,0.0427,0.0000,1.0000,0.0000,25.0000,1.0000,5.7302,41.5000
449,5,0.0188,4.6000,0.0946,0.0000,1.0000,0.0000,21.0000,2.4000,2.7375,17.8000
450,2,0.1351,4.0000,0.1748,0.0010,1.0000,0.0000,25.0000,2.0000,6.5538,49.0000
451,5,0.0380,4.2000,0.1326,0.0000,1.0000,0.0000,26.0000,1.8000,2.1654,22.4000
452,11,0.0096,4.9091,0.0793,0.0079,1.0909,34.4334,29.0000,1.9091,0.6820,10.0909
453,11,0.0090,3.8182,0.0701,0.0390,1.0909,41.6285,35.0000,1.3636,0.3182,8.5455
454,14,0.0312,3.6429,0.0986,0.0308,1.2143,157.0270,28.0714,1.7857,0.3802,5.6429
455,13,0.0268,3.3846,0.0800,0.0152,1.0769,15.0356,32.0000,1.9231,0.3312,5.9231
456,3,0.0072,3.3333,0.0702,0.0168,1.0000,0.0000,30.0000,1.3333,1.9622,24.6667
457,6,0.0046,2.8333,0.0541,0.0021,1.0000,0.0000,27.0000,1.5000,0.9968,12.8333
458,3,0.0223,3.0000,0.0842,0.0451,1.0000,0.0000,38.0000,2.3333,0.8738,24.0000
459,3,0.0118,3.0000,0.0647,0.0608,1.0000,0.0000,33.0000,1.6667,0.9425,21.3333
460,2,0.0213,2.5000,0.1575,0.0113,1.0000,0.0000,26.0000,1.5000,4.0395,30.0000
461,10,0.0277,3.7000,0.1149,0.0673,1.0000,0.0000,31.0000,1.7000,0.3395,7.0000
462,4,0.0006,2.0000,0.0304,0.0000,1.0000,0.0000,30.0000,1.0000,1.4085,17.7500
463,6,0.0145,3.5000,0.1055,0.0271,1.0000,0.0000,32.1667,1.6667,0.9938,11.6667
464,2,0.0163,6.0000,0.1678,0.0450,1.0000,0.0000,35.0000,1.5000,3.0632,36.5000
465,6,0.0066,3.5000,0.0928,0.0385,1.0000,0.0000,37.0000,1.3333,0.8518,11.8333
466,3,0.0044,3.0000,0.0529,0.0017,1.3333,171.6224,31.0000,1.0000,1.9856,27.0000
467,6,0.0656,3.3333,0.1318,0.0062,1.0000,0.0000,25.0000,2.0000,1.2295,13.6667
468,5,0.0220,3.0000,0.0725,0.0044,1.0000,0.0000,29.0000,2.4000,0.9706,15.4000
469,10,0.0051,2.8000,0.0592,0.0072,1.0000,0.0000,29.0000,1.2000,0.3554,7.7000
470,6,0.0078,4.6667,0.0817,0.0386,1.0000,0.0000,36.0000,2.1667,0.6967,12.5000
471,6,0.0230,3.1667,0.0792,0.0026,1.3333,170.7135,31.0000,1.6667,0.7547,12.1667
472,6,0.0073,2.8333,0.0573,0.0022,1.0000,0.0000,27.0000,1.8333,0.7867,11.6667
473,1,0.0130,3.0000,0.1471,0.0183,1.0000,0.0000,30.0000,1.0000,7.2727,66.0000
474,8,0.0074,2.2500,0.0574,0.0057,1.0000,0.0000,29.0000,1.2500,0.5538,8.7500
475,5,0.0019,2.2000,0.0412,0.0030,1.2000,166.4114,31.0000,1.0000,0.7463,13.6000
476,6,0.0094,3.6667,0.0750,0.0444,1.0000,0.0000,34.0000,1.8333,0.6541,12.3333
477,5,0.0020,3.6000,0.0555,0.0437,1.2000,68.0681,33.0000,1.0000,0.7856,15.0000
478,5,0.0063,3.8000,0.0914,0.0302,1.0000,0.0000,35.0000,1.4000,0.9665,14.6000
479,8,0.0377,5.3750,0.1048,0.0458,1.0000,0.0000,30.1250,1.8750,0.6791,8.8750
480,5,0.0571,5.2000,0.1489,0.0261,1.0000,0.0000,28.2000,2.8000,1.4453,16.4000
481,7,0.0008,2.2857,0.0328,0.0000,1.0000,0.0000,32.0000,1.1429,0.7719,10.8571
482,8,0.0050,3.3750,0.0643,0.0052,1.1250,83.4379,29.1250,1.2500,0.4685,9.3750
483,7,0.0048,3.1429,0.0693,0.0113,1.1429,96.7367,29.0000,1.2857,0.9626,10.5714
484,4,0.0177,4.7500,0.1059,0.0723,1.0000,0.0000,36.0000,2.0000,1.1491,19.0000
485,11,0.0095,3.8182,0.0706,0.0396,1.4545,291.0109,32.0000,1.8182,0.3764,6.9091
486,2,0.0004,2.0000,0.0263,0.0000,1.0000,0.0000,36.0000,1.0000,2.4094,38.5000
487,5,0.0020,3.4000,0.0599,0.0251,1.0000,0.0000,35.0000,1.2000,0.7536,14.0000
488,2,0.0053,2.5000,0.0770,0.0197,1.0000,0.0000,30.0000,1.0000,2.7394,31.5000
489,3,0.0085,2.6667,0.0754,0.0144,1.0000,0.0000,39.0000,1.3333,1.4503,25.3333
490,2,0.0041,2.5000,0.0654,0.0101,1.0000,0.0000,29.0000,1.0000,2.4058,32.0000
491,4,0.0074,3.2500,0.0872,0.0551,1.0000,0.0000,30.0000,1.2500,1.1645,14.5000
492,8,0.0170,3.0000,0.0793,0.0777,1.0000,0.0000,33.0000,1.8750,0.3041,7.7500
493,3,0.0028,2.3333,0.0470,0.0000,1.0000,0.0000,30.0000,1.6667,2.3041,21.0000
494,0,0.0000,0.0000,0.0000,0.0000,0.0000,0.0000,0.0000,0.0000
495,4,0.0044,3.2500,0.0712,0.0060,1.5000,204.5049,33.2500,1.2500,1.3570,19.5000
496,8,0.0033,2.6250,0.0510,0.0043,1.0000,0.0000,32.1250,1.2500,0.6316,9.5000
497,7,0.0234,3.8571,0.1151,0.0157,1.0000,0.0000,27.0000,1.4286,0.9618,11.0000
498,8,0.0143,3.1250,0.0788,0.0137,1.1250,45.8173,27.0000,1.8750,0.5692,9.2500
499,5,0.0147,3.6000,0.1096,0.0356,1.4000,155.6447,37.0000,1.4000,0.9703,14.4000
500,10,0.0081,3.2000,0.0713,0.0114,1.0000,0.0000,29.1000,1.4000,0.7375,6.8000
501,8,0.0172,4.0000,0.0818,0.1088,1.3750,197.8037,35.1250,1.5000,0.3512,8.5000
502,6,0.0172,3.1667,0.0814,0.0365,1.0000,0.0000,30.0000,1.6667,0.6170,10.3333
503,4,0.0156,5.0000,0.1370,0.0590,1.2500,23.5683,30.0000,2.2500,1.3170,16.5000
504,1,0.0004,2.0000,0.0278,0.0000,1.0000,0.0000,32.0000,1.0000,7.6484,73.0000
505,4,0.0090,2.2500,0.0725,0.0082,1.0000,0.0000,30.0000,1.2500,1.4525,19.7500
506,12,0.0326,4.0000,0.0942,0.0588,1.0000,0.0000,28.0833,1.6667,0.3332,6.1667
507,12,0.0236,3.6667,0.0853,0.0330,1.1667,71.0614,28.0833,1.8333,0.3551,6.0833
508,5,0.0060,3.2000,0.0678,0.0122,1.2000,109.2577,24.0000,1.4000,1.2958,14.2000
509,6,0.0096,2.8333,0.0563,0.0000,1.0000,0.0000,29.0000,1.6667,1.3148,14.0000
510,3,0.0188,3.6667,0.0845,0.0000,1.0000,0.0000,30.0000,2.6667,3.8421,30.3333
511,4,0.0094,5.5000,0.0818,0.0000,1.0000,0.0000,33.0000,2.0000,2.9509,25.5000
512,2,0.0022,4.5000,0.0503,0.0000,1.0000,0.0000,32.0000,1.5000,5.8609,57.0000
513,4,0.0370,4.0000,0.0620,0.0001,1.0000,0.0000,31.0000,2.7500,3.0621,30.7500
514,5,0.0252,3.0000,0.1011,0.0000,1.2000,59.2392,24.0000,1.6000,2.5536,24.6000
515,13,0.0264,5.4615,0.1037,0.0188,1.3846,181.3335,28.0000,2.3846,0.4609,10.3846
516,11,0.0103,5.9091,0.0699,0.0337,1.1818,45.8336,32.0000,2.4545,0.4087,10.9091
517,8,0.0047,2.7500,0.0461,0.0017,1.1250,32.7528,30.0000,1.2500,0.7802,11.6250
518,6,0.0086,4.1667,0.0773,0.0132,1.0000,0.0000,34.1667,1.8333,1.2147,14.6667
519,13,0.0088,2.6154,0.0517,0.0190,1.0000,0.0000,30.0769,1.4615,0.2734,5.6923
520,5,0.0050,4.8000,0.0810,0.0713,1.4000,256.0630,34.0000,1.2000,0.8290,14.2000
521,6,0.0203,5.3333,0.1160,0.0764,1.1667,198.2398,33.0000,1.5000,0.7547,12.1667
522,5,0.0066,3.8000,0.0652,0.0533,1.0000,0.0000,33.0000,1.2000,0.8920,14.4000
523,2,0.0175,6.0000,0.1545,0.0842,1.0000,0.0000,29.0000,1.5000,3.5818,35.0000
524,7,0.0179,3.1429,0.0806,0.0192,1.1429,29.2193,34.0000,1.5714,0.7433,10.2857
525,8,0.0157,4.5000,0.1069,0.0725,1.2500,144.8835,27.0000,1.7500,0.6036,8.5000
526,9,0.0167,3.4444,0.0878,0.0238,1.2222,47.3046,25.0000,1.6667,0.6157,7.6667
527,7,0.0166,3.2857,0.0839,0.0143,1.1429,93.6426,30.0000,1.5714,0.7278,11.1429
528,16,0.0093,3.6250,0.0595,0.0183,1.1250,63.7001,30.0625,1.6250,0.2700,5.1875
529,9,0.0163,3.0000,0.0732,0.0035,1.0000,0.0000,36.0000,1.6667,0.6179,8.6667
530,8,0.0904,4.7500,0.1397,0.0304,1.2500,64.7966,24.0000,3.5000,0.7425,9.8750
531,11,0.0479,4.0000,0.0954,0.0350,1.1818,50.7000,28.0000,2.1818,0.5504,6.8182
532,9,0.0140,4.5556,0.0908,0.0402,1.0000,0.0000,29.1111,1.8889,0.5796,9.0000
533,4,0.0344,4.0000,0.1147,0.0372,1.2500,96.8332,30.0000,3.0000,1.1140,19.0000
534,4,0.0053,3.0000,0.0599,0.0003,1.0000,0.0000,27.0000,1.7500,1.6139,20.0000
535,9,0.0007,2.1111,0.0288,0.0000,1.0000,0.0000,29.0000,1.1111,0.5453,9.0000
536,5,0.0178,3.2000,0.0802,0.0218,1.0000,0.0000,38.0000,1.8000,0.9136,16.2000
537,6,0.0153,2.8333,0.0989,0.0328,1.0000,0.0000,29.0000,1.5000,0.8075,11.6667
538,3,0.0041,2.6667,0.0769,0.0111,1.0000,0.0000,25.0000,1.0000,2.1949,22.6667
539,3,0.0092,3.0000,0.0853,0.0158,1.3333,116.0077,35.0000,1.3333,1.6425,23.3333
540,3,0.0055,4.6667,0.0888,0.0007,1.0000,0.0000,37.0000,1.3333,1.3213,25.0000
541,4,0.0202,3.2500,0.0775,0.0196,1.0000,0.0000,33.0000,2.2500,1.2081,18.2500
542,6,0.0043,3.5000,0.0775,0.0258,1.0000,0.0000,39.0000,1.1667,0.6893,13.5000
543,5,0.0743,4.0000,0.1068,0.0002,1.2000,103.3108,20.0000,2.2000,1.7730,15.0000
544,5,0.0068,2.4000,0.0459,0.0014,1.4000,315.7955,31.0000,1.4000,1.1743,16.4000
545,12,0.0139,3.0833,0.0748,0.0087,1.0833,43.6901,31.0833,1.7500,0.4347,6.7500
546,6,0.0072,4.5000,0.0659,0.0730,1.3333,31.5558,29.1667,1.0000,0.7922,13.5000
547,3,0.0099,4.0000,0.0717,0.0021,1.0000,0.0000,36.0000,2.0000,1.9026,24.3333
548,6,0.0319,3.8333,0.1274,0.0520,1.1667,136.4067,26.0000,2.1667,1.0159,11.5000
549,5,0.0055,3.0000,0.0759,0.0174,1.0000,0.0000,34.0000,1.2000,1.2716,14.2000
550,7,0.0067,3.5714,0.0816,0.0591,1.0000,0.0000,28.0000,1.2857,0.5968,9.8571
551,8,0.0104,3.5000,0.0799,0.0532,1.0000,0.0000,33.0000,1.2500,0.4476,8.6250
552,3,0.0007,2.0000,0.0319,0.0000,1.0000,0.0000,31.0000,1.0000,1.6766,23.0000
553,6,0.0388,4.1667,0.1141,0.0536,1.1667,95.9988,29.0000,2.1667,0.8314,11.0000
554,3,0.0020,2.6667,0.0462,0.0000,1.3333,111.5164,27.0000,1.6667,2.2614,22.3333
555,10,0.0366,2.5000,0.0635,0.0015,1.0000,0.0000,28.2000,1.7000,0.4105,7.6000
556,7,0.0099,2.4286,0.0638,0.0151,1.0000,0.0000,32.0000,1.4286,0.5869,10.2857
557,3,0.0025,3.3333,0.0562,0.0587,1.3333,343.5869,36.0000,1.0000,1.0101,22.3333
558,5,0.0076,4.6000,0.1063,0.0321,1.0000,0.0000,29.2000,1.4000,1.8926,13.8000
559,8,0.0055,3.2500,0.0563,0.0031,1.0000,0.0000,35.0000,1.5000,0.5703,9.7500
560,6,0.0030,3.6667,0.0543,0.0266,1.0000,0.0000,41.0000,1.5000,0.4653,13.8333
561,5,0.0009,2.2000,0.0315,0.0000,1.0000,0.0000,26.0000,1.2000,1.6329,16.0000
562,9,0.0122,3.1111,0.0717,0.0231,1.1111,74.7644,34.0000,1.7778,0.4328,8.7778
563,9,0.0112,4.5556,0.0934,0.0475,1.0000,0.0000,26.0000,1.6667,0.7068,8.8889
564,4,0.0079,4.0000,0.0977,0.0284,1.2500,90.3350,28.0000,1.5000,1.6475,18.5000
565,8,0.0128,3.6250,0.0790,0.0043,1.0000,0.0000,31.0000,1.6250,0.7580,9.0000
566,8,0.0398,2.8750,0.0713,0.0002,1.2500,177.2202,28.0000,1.7500,0.9413,9.8750
567,5,0.0124,5.6000,0.0972,0.0419,1.0000,0.0000,38.0000,2.6000,1.1296,16.2000
568,7,0.0093,3.5714,0.0861,0.0433,1.1429,58.7098,33.0000,1.5714,0.6260,11.2857
569,6,0.0222,3.8333,0.1302,0.0169,1.3333,131.3940,29.1667,1.6667,0.9859,11.8333
570,10,0.0217,3.3000,0.1049,0.0219,1.0000,0.0000,27.0000,1.7000,0.5996,7.1000
571,2,0.0265,5.5000,0.1785,0.0300,1.5000,373.4144,32.0000,2.5000,4.0360,37.5000
572,4,0.0059,3.5000,0.0639,0.0101,1.0000,0.0000,33.0000,1.7500,1.3772,19.0000
573,5,0.0067,3.8000,0.0938,0.0233,1.0000,0.0000,27.0000,1.4000,1.4957,14.8000
574,14,0.0289,3.3571,0.0896,0.0200,1.0714,17.3405,23.0000,1.8571,0.3724,5.2143
575,2,0.0417,4.0000,0.1570,0.0341,1.0000,0.0000,33.5000,1.5000,2.8946,33.5000
576,6,0.0093,3.3333,0.0739,0.0148,1.0000,0.0000,28.0000,1.6667,1.0549,13.3333
577,8,0.0124,3.1250,0.0677,0.0193,1.1250,34.1343,25.0000,1.5000,0.6849,9.2500
578,6,0.0125,4.3333,0.0848,0.0441,1.1667,91.7233,28.0000,1.8333,0.8539,13.5000
579,3,0.0005,2.3333,0.0296,0.0000,1.0000,0.0000,31.0000,1.0000,2.7201,27.3333
580,0,0.0000,0.0000,0.0000,0.0000,0.0000,0.0000,0.0000,0.0000
581,12,0.0109,3.2500,0.0577,0.0094,1.0833,77.4856,28.0000,1.7500,0.6863,7.0833
582,6,0.0075,3.0000,0.0493,0.0001,1.0000,0.0000,36.0000,1.6667,1.0566,14.0000
583,5,0.0304,5.0000,0.1066,0.0594,1.0000,0.0000,30.0000,1.8000,1.1646,16.0000
584,8,0.0136,2.6250,0.0878,0.0014,1.0000,0.0000,37.0000,1.5000,0.7952,10.8750
585,4,0.0565,5.0000,0.1202,0.0151,1.0000,0.0000,29.0000,3.7500,2.1296,20.2500
586,5,0.0038,3.0000,0.0488,0.0025,1.2000,126.2624,29.0000,1.2000,1.0614,16.8000
587,4,0.0111,3.7500,0.0593,0.0699,1.2500,252.8138,38.0000,2.0000,0.9484,19.2500
588,3,0.0100,4.3333,0.1249,0.0136,1.0000,0.0000,26.0000,1.0000,2.8503,21.0000
589,6,0.0102,3.0000,0.0771,0.0056,1.0000,0.0000,28.0000,1.6667,0.9767,12.1667
590,9,0.0169,2.5556,0.0722,0.0223,1.0000,0.0000,39.0000,1.7778,0.3011,9.1111
591,3,0.0013,2.3333,0.0366,0.0000,1.0000,0.0000,36.0000,1.3333,1.5152,25.6667
592,4,0.0047,3.7500,0.0758,0.0813,1.0000,0.0000,36.0000,1.2500,0.7673,17.2500
593,8,0.0090,3.0000,0.0784,0.0167,1.0000,0.0000,31.0000,1.5000,0.5382,8.8750
594,10,0.0048,2.4000,0.0569,0.0022,1.1000,47.7722,32.0000,1.6000,0.5998,7.4000
595,1,0.0014,4.0000,0.0526,0.0000,1.0000,0.0000,33.0000,2.0000,7.6213,77.0000
596,8,0.0041,2.8750,0.0479,0.0089,1.1250,87.4303,32.0000,1.5000,0.4017,9.8750
597,9,0.0018,3.4444,0.0556,0.0219,1.1111,24.0104,29.0000,1.3333,0.5541,7.6667
598,4,0.0028,2.2500,0.0478,0.0008,1.2500,98.6765,34.0000,1.0000,1.2842,18.2500
599,2,0.0009,2.0000,0.0336,0.0000,1.0000,0.0000,28.0000,1.0000,3.4899,34.0000
600,5,0.0128,4.8000,0.1063,0.0791,1.0000,0.0000,30.0000,2.2000,0.7541,12.2000
601,8,0.0111,2.8750,0.0746,0.0372,1.0000,0.0000,22.0000,1.5000,0.6713,6.6250
602,2,0.0332,6.0000,0.1759,0.3328,1.0000,0.0000,23.0000,5.0000,2.6427,22.0000
603,0,0.0000,0.0000,0.0000,0.0000,0.0000,0.0000,0.0000,0.0000
604,1,0.0224,7.0000,0.2102,0.2732,1.0000,0.0000,24.0000,1.0000,5.4264,43.0000
605,3,0.0265,2.3333,0.1510,0.0219,1.0000,0.0000,17.0000,1.3333,2.9530,12.3333
606,4,0.0210,2.7500,0.1158,0.0633,1.0000,0.0000,21.0000,1.5000,1.1111,9.0000
607,1,0.0030,3.0000,0.0811,0.6116,1.0000,0.0000,29.0000,1.0000,1.8492,38.0000
608,1,0.0322,4.0000,0.1894,0.1064,1.0000,0.0000,21.0000,1.0000,6.7736,34.0000
609,3,0.0050,3.0000,0.0914,0.1583,1.0000,0.0000,24.0000,1.0000,0.8466,12.0000
610,0,0.0000,0.0000,0.0000,0.0000,0.0000,0.0000,0.0000,0.0000
611,2,0.0032,2.5000,0.0722,0.0000,1.0000,0.0000,20.0000,1.0000,3.1532,18.5000
612,4,0.0137,2.2500,0.0932,0.1198,1.0000,0.0000,23.0000,1.5000,0.7130,8.5000
613,1,0.0625,4.0000,0.2048,0.0503,1.0000,0.0000,20.0000,3.0000,8.5561,34.0000
614,2,0.0067,3.5000,0.1117,0.1446,1.0000,0.0000,21.0000,1.0000,2.4603,18.0000
615,1,0.0081,4.0000,0.1250,0.6154,1.0000,0.0000,24.0000,2.0000,2.4621,33.0000
616,7,0.0116,2.2857,0.0914,0.0490,1.0000,0.0000,18.0000,1.4286,0.6112,4.8571
617,1,0.0028,2.0000,0.0741,0.0000,1.0000,0.0000,19.0000,1.0000,3.9683,28.0000
618,3,0.0107,3.0000,0.1311,0.0395,1.0000,0.0000,18.0000,1.0000,2.4373,10.3333
619,2,0.0014,2.0000,0.0526,0.0000,1.0000,0.0000,23.0000,1.0000,1.8219,19.5000
620,1,0.0015,2.0000,0.0541,0.0000,2.0000,762.8333,24.0000,1.0000,2.7027,38.0000
621,2,0.0038,2.0000,0.0682,0.0000,1.0000,0.0000,23.0000,1.0000,1.6043,17.0000
622,4,0.0369,3.2500,0.1301,0.3047,1.0000,0.0000,19.2500,2.0000,0.9358,8.5000
623,4,0.0475,4.5000,0.1830,0.2135,1.2500,78.1081,22.0000,2.5000,1.2698,9.0000
624,4,0.0021,2.0000,0.0559,0.0000,1.0000,0.0000,25.0000,1.0000,0.7085,9.7500
625,0,0.0000,0.0000,0.0000,0.0000,0.0000,0.0000,0.0000,0.0000
626,2,0.0619,6.0000,0.2235,0.2868,1.0000,0.0000,23.0000,2.5000,2.4370,17.5000
627,3,0.0330,4.0000,0.1661,0.2562,1.0000,0.0000,18.0000,2.0000,1.6129,10.6667
628,1,0.0025,2.0000,0.0690,0.0000,1.0000,0.0000,17.0000,1.0000,6.2069,30.0000
629,4,0.0687,3.5000,0.1495,0.2593,1.0000,0.0000,21.2500,2.0000,1.1141,8.5000
630,0,0.0000,0.0000,0.0000,0.0000,0.0000,0.0000,0.0000,0.0000
631,0,0.0000,0.0000,0.0000,0.0000,0.0000,0.0000,0.0000,0.0000
632,1,0.0019,2.0000,0.0606,0.0000,1.0000,0.0000,28.0000,1.0000,1.4260,34.0000
633,0,0.0000,0.0000,0.0000,0.0000,0.0000,0.0000,0.0000,0.0000
634,6,0.0302,2.8333,0.1148,0.1775,1.0000,0.0000,18.0000,1.8333,0.7891,5.5000
635,2,0.0265,4.5000,0.1627,0.3253,1.0000,0.0000,21.0000,2.0000,1.9608,17.0000
636,2,0.0060,3.5000,0.1057,0.1221,1.5000,227.3998,24.0000,1.0000,2.4893,19.0000
637,3,0.0242,3.0000,0.1217,0.0704,1.0000,0.0000,20.0000,2.0000,1.8018,12.6667
638,3,0.0056,3.0000,0.0897,0.0859,1.3333,98.1859,21.0000,1.3333,1.4634,13.6667
639,3,0.0026,2.0000,0.0602,0.0000,1.3333,275.1312,20.0000,1.0000,2.3524,12.3333
640,6,0.0045,2.3333,0.0661,0.0000,1.0000,0.0000,23.0000,1.3333,0.8130,7.0000
641,4,0.0287,3.0000,0.1107,0.0393,1.0000,0.0000,24.0000,2.0000,1.1324,10.5000
642,4,0.0135,3.0000,0.1075,0.0000,1.0000,0.0000,20.2500,1.5000,0.8634,9.2500
643,1,0.0016,2.0000,0.0556,0.0000,1.0000,0.0000,26.0000,1.0000,2.7027,37.0000
644,1,0.0196,6.0000,0.2353,0.1891,1.0000,0.0000,20.0000,1.0000,8.7395,35.0000
645,0,0.0000,0.0000,0.0000,0.0000,0.0000,0.0000,0.0000,0.0000
646,1,0.0030,3.0000,0.0811,0.0000,1.0000,0.0000,24.0000,1.0000,3.4139,38.0000
647,3,0.0261,3.6667,0.1292,0.0550,1.0000,0.0000,28.0000,2.6667,1.9192,15.0000
648,0,0.0000,0.0000,0.0000,0.0000,0.0000,0.0000,0.0000,0.0000
649,4,0.0093,2.5000,0.0808,0.0839,1.0000,0.0000,27.0000,1.7500,0.6707,10.2500
650,5,0.0394,3.2000,0.1356,0.2668,1.4000,119.8928,20.2000,1.6000,0.6774,6.8000
651,2,0.0016,2.0000,0.0556,0.0000,1.0000,0.0000,23.0000,1.0000,2.9279,18.5000
652,5,0.0294,3.0000,0.1394,0.0592,1.0000,0.0000,19.0000,1.4000,1.4225,7.6000
653,3,0.0519,5.3333,0.2004,0.2298,1.6667,298.3618,19.0000,3.3333,2.1522,12.3333
654,1,0.0013,2.0000,0.0513,0.0000,1.0000,0.0000,23.0000,1.0000,6.1538,40.0000
655,3,0.0189,4.0000,0.1163,0.0000,1.0000,0.0000,21.0000,1.6667,1.8803,13.3333
656,1,0.0022,3.0000,0.0698,0.0000,1.0000,0.0000,24.0000,1.0000,8.9852,44.0000
657,0,0.0000,0.0000,0.0000,0.0000,0.0000,0.0000,0.0000,0.0000
658,0,0.0000,0.0000,0.0000,0.0000,0.0000,0.0000,0.0000,0.0000
659,1,0.0031,2.0000,0.0769,0.0000,1.0000,0.0000,22.0000,1.0000,2.2792,27.0000
660,1,0.0062,3.0000,0.1154,0.6116,1.0000,0.0000,17.0000,1.0000,3.9886,27.0000
661,1,0.0057,3.0000,0.1111,0.6116,1.0000,0.0000,20.0000,1.0000,2.9101,28.0000
662,4,0.0088,2.7500,0.0929,0.1902,1.0000,0.0000,22.0000,1.7500,0.9127,9.0000
663,1,0.0532,7.0000,0.2347,0.1657,1.0000,0.0000,21.0000,2.0000,5.8559,37.0000
664,6,0.0230,3.1667,0.1233,0.1895,1.1667,7.8988,21.0000,1.5000,0.6401,6.3333
665,3,0.0134,2.6667,0.1156,0.1210,1.0000,0.0000,19.0000,1.3333,1.5152,11.0000
666,3,0.0053,2.6667,0.0882,0.1272,1.0000,0.0000,25.0000,1.0000,0.9524,11.6667
667,0,0.0000,0.0000,0.0000,0.0000,0.0000,0.0000,0.0000,0.0000
668,2,0.0413,7.0000,0.2368,0.1528,1.0000,0.0000,20.0000,2.0000,5.1957,19.5000
669,3,0.0558,4.3333,0.1815,0.0750,1.0000,0.0000,18.0000,2.3333,3.0531,12.3333
670,4,0.0302,4.2500,0.1527,0.2667,1.0000,0.0000,21.0000,2.2500,1.1024,9.5000
671,5,0.0109,3.6000,0.1051,0.0633,1.2000,61.4082,22.0000,1.6000,0.8049,8.2000
672,1,0.0171,3.0000,0.1193,0.0545,1.0000,0.0000,20.0000,1.0000,6.6202,42.0000
673,4,0.0251,3.0000,0.1214,0.0518,1.0000,0.0000,22.0000,1.5000,1.6919,11.2500
674,3,0.0208,5.0000,0.1832,0.1683,1.0000,0.0000,22.0000,1.3333,2.1368,13.3333
675,2,0.0227,3.0000,0.1275,0.1493,1.0000,0.0000,22.0000,2.5000,1.8254,18.0000
676,1,0.0018,2.0000,0.0588,0.0000,1.0000,0.0000,26.0000,1.0000,1.8487,35.0000
677,0,0.0000,0.0000,0.0000,0.0000,0.0000,0.0000,0.0000,0.0000
678,1,0.0471,6.0000,0.2034,0.2627,1.0000,0.0000,22.0000,4.0000,5.2381,36.0000
679,1,0.0642,6.0000,0.2367,0.1633,1.0000,0.0000,19.0000,3.0000,7.3950,35.0000
680,1,0.0036,3.0000,0.0882,0.0000,1.0000,0.0000,21.0000,1.0000,4.3697,35.0000
681,1,0.0067,4.0000,0.1143,0.6154,1.0000,0.0000,29.0000,2.0000,1.7460,36.0000
682,4,0.0714,4.2500,0.2097,0.1477,1.0000,0.0000,17.0000,2.0000,1.6010,7.2500
683,3,0.0122,2.6667,0.0947,0.1968,1.0000,0.0000,24.0000,2.0000,0.9009,12.3333
684,0,0.0000,0.0000,0.0000,0.0000,0.0000,0.0000,0.0000,0.0000
685,0,0.0000,0.0000,0.0000,0.0000,0.0000,0.0000,0.0000,0.0000
686,3,0.0025,2.0000,0.0586,0.0000,1.0000,0.0000,28.0000,1.0000,0.5690,12.6667
687,1,0.0120,4.0000,0.1368,0.2726,1.0000,0.0000,24.0000,1.0000,3.8407,38.0000
688,2,0.0134,3.0000,0.1145,0.0703,1.0000,0.0000,19.0000,1.5000,2.9412,17.5000
689,2,0.0151,3.5000,0.1081,0.1921,1.0000,0.0000,25.0000,2.0000,1.7267,18.5000
690,2,0.0019,2.0000,0.0606,0.0000,1.0000,0.0000,19.0000,1.0000,2.4955,17.0000
691,2,0.0244,3.0000,0.1268,0.0948,1.0000,0.0000,21.0000,2.0000,2.1390,17.0000
692,6,0.0143,3.3333,0.1189,0.2275,1.1667,106.8612,20.0000,1.3333,0.6162,5.8333
693,3,0.0111,3.3333,0.1130,0.2004,1.0000,0.0000,27.3333,1.0000,0.9009,12.3333
694,3,0.0098,3.3333,0.1111,0.1521,1.0000,0.0000,22.0000,1.0000,1.4228,13.6667
695,5,0.0161,3.0000,0.1092,0.0459,1.0000,0.0000,20.0000,1.6000,0.9841,7.2000
696,1,0.0135,4.0000,0.1351,0.1328,2.0000,220.1289,20.0000,1.0000,5.6899,38.0000
697,3,0.0065,3.3333,0.0886,0.1315,1.0000,0.0000,25.0000,1.6667,1.0453,14.0000
698,1,0.0013,2.0000,0.0500,0.0000,1.0000,0.0000,22.0000,1.0000,5.7317,41.0000
699,1,0.0012,2.0000,0.0488,0.0000,1.0000,0.0000,23.0000,1.0000,8.2462,42.0000
700,7,0.0083,3.0000,0.0889,0.0912,1.0000,0.0000,18.0000,1.8571,0.6362,5.5714
701,3,0.0030,2.0000,0.0637,0.0000,1.0000,0.0000,20.0000,1.0000,2.8571,11.6667
702,4,0.0050,3.0000,0.0865,0.2119,1.2500,144.9598,26.0000,1.0000,0.6410,9.7500
703,5,0.0260,3.0000,0.1130,0.1229,1.4000,12.3064,21.0000,1.6000,0.7731,7.0000
704,3,0.0032,2.6667,0.0808,0.1745,1.0000,0.0000,23.0000,1.0000,0.9507,11.3333
705,4,0.0246,4.2500,0.1724,0.1385,1.0000,0.0000,18.2500,1.0000,1.7825,8.5000
706,4,0.0135,3.0000,0.1047,0.1197,1.2500,60.0490,22.0000,1.7500,0.9957,9.5000
707,4,0.0150,3.5000,0.1261,0.1403,1.0000,0.0000,22.0000,1.2500,1.1380,9.5000
708,3,0.0176,4.3333,0.1570,0.1027,1.3333,192.5097,22.0000,1.3333,2.7027,12.6667
709,3,0.0024,2.0000,0.0570,0.0000,1.0000,0.0000,23.0000,1.0000,1.7094,13.0000
710,3,0.0082,3.3333,0.0961,0.2700,1.0000,0.0000,25.0000,1.0000,0.9009,12.6667
711,0,0.0000,0.0000,0.0000,0.0000,0.0000,0.0000,0.0000,0.0000
712,2,0.0133,3.5000,0.1369,0.0892,1.0000,0.0000,15.0000,1.0000,3.6542,17.0000
713,1,0.0012,2.0000,0.0488,0.0000,1.0000,0.0000,24.0000,1.0000,7.6655,42.0000
714,6,0.0215,2.8333,0.1030,0.1110,1.0000,0.0000,25.0000,1.8333,0.5807,7.0000
715,4,0.0040,3.2500,0.0852,0.0000,1.0000,0.0000,26.0000,1.0000,0.7549,10.5000
716,0,0.0000,0.0000,0.0000,0.0000,0.0000,0.0000,0.0000,0.0000
717,3,0.0124,3.0000,0.1163,0.0626,1.0000,0.0000,23.0000,1.3333,2.0325,13.6667
718,1,0.0015,2.0000,0.0541,0.0000,1.0000,0.0000,23.0000,1.0000,8.1081,38.0000
719,2,0.0365,5.0000,0.1588,0.2264,1.0000,0.0000,22.0000,2.5000,2.3529,17.5000
720,3,0.0523,3.6667,0.1434,0.2013,1.0000,0.0000,22.0000,3.0000,1.4566,11.6667
721,3,0.0210,4.0000,0.1424,0.3426,1.3333,60.2422,22.0000,2.0000,1.1765,11.6667
722,3,0.0371,4.6667,0.1797,0.1997,1.0000,0.0000,24.0000,2.6667,1.6016,12.3333
723,0,0.0000,0.0000,0.0000,0.0000,0.0000,0.0000,0.0000,0.0000
724,2,0.0021,2.5000,0.0658,0.0000,1.0000,0.0000,27.0000,1.0000,1.5520,19.5000
725,4,0.0167,3.0000,0.1123,0.0767,1.0000,0.0000,19.0000,1.5000,1.2097,8.0000
726,1,0.0128,6.0000,0.1801,0.4367,1.0000,0.0000,24.0000,1.0000,3.5294,35.0000
727,1,0.0175,7.0000,0.2222,0.2895,1.0000,0.0000,24.0000,1.0000,6.3063,37.0000
728,1,0.0571,6.0000,0.2347,0.1810,1.0000,0.0000,23.0000,4.0000,7.0571,37.0000
729,3,0.0516,4.3333,0.1668,0.1097,1.0000,0.0000,19.0000,2.0000,1.9231,13.3333
730,3,0.0030,3.3333,0.0833,0.1394,1.0000,0.0000,28.0000,1.0000,1.0163,13.6667
731,2,0.0402,4.0000,0.2214,0.1761,1.5000,83.8911,12.0000,1.5000,4.8942,14.0000
732,0,0.0000,0.0000,0.0000,0.0000,0.0000,0.0000,0.0000,0.0000
733,4,0.0028,2.2500,0.0638,0.0000,1.0000,0.0000,22.0000,1.0000,0.9109,9.7500
734,0,0.0000,0.0000,0.0000,0.0000,0.0000,0.0000,0.0000,0.0000
735,5,0.0086,2.4000,0.0918,0.0689,1.0000,0.0000,19.0000,1.2000,0.9412,7.0000
736,3,0.0056,2.0000,0.0689,0.0000,1.0000,0.0000,23.0000,1.3333,1.1111,12.0000
737,3,0.0215,2.6667,0.1234,0.1910,1.0000,0.0000,19.0000,1.6667,1.3620,10.3333
738,0,0.0000,0.0000,0.0000,0.0000,0.0000,0.0000,0.0000,0.0000
739,2,0.0206,4.5000,0.1932,0.1262,1.0000,0.0000,20.0000,1.0000,3.9118,19.0000
740,2,0.0034,3.0000,0.0811,0.0000,1.0000,0.0000,22.0000,1.0000,2.0626,19.0000
741,8,0.0604,3.8750,0.1900,0.1971,1.0000,0.0000,16.0000,2.0000,0.7339,4.1250
742,4,0.0092,2.5000,0.0838,0.0000,1.2500,72.7154,25.0000,1.5000,0.8435,9.7500
743,6,0.0354,2.8333,0.1134,0.1049,1.1667,84.6110,18.0000,1.6667,0.7587,6.3333
744,3,0.0342,3.6667,0.1311,0.1675,1.6667,113.6269,28.0000,2.3333,0.9402,13.3333
745,3,0.0224,2.3333,0.1107,0.1065,1.0000,0.0000,23.0000,1.6667,1.1111,12.0000
746,5,0.0183,3.8000,0.1352,0.1016,1.0000,0.0000,19.2000,1.2000,1.3087,7.6000
747,4,0.0175,2.7500,0.1122,0.0002,1.2500,54.0142,21.0000,1.5000,1.1261,9.2500
748,0,0.0000,0.0000,0.0000,0.0000,0.0000,0.0000,0.0000,0.0000
749,3,0.0314,4.0000,0.1844,0.1277,1.0000,0.0000,18.0000,1.6667,2.3280,12.0000
750,5,0.0489,2.8000,0.1356,0.0729,1.2000,58.0306,22.0000,2.0000,0.8556,6.8000
751,2,0.0048,3.0000,0.0903,0.1861,1.0000,0.0000,25.0000,1.0000,1.5015,18.5000
752,0,0.0000,0.0000,0.0000,0.0000,0.0000,0.0000,0.0000,0.0000
753,4,0.0032,2.0000,0.0685,0.0000,1.0000,0.0000,19.0000,1.0000,1.1593,8.0000
754,0,0.0000,0.0000,0.0000,0.0000,0.0000,0.0000,0.0000,0.0000
755,4,0.0053,2.7500,0.0834,0.1309,1.0000,0.0000,23.0000,1.2500,0.8179,9.5000
756,5,0.0034,2.2000,0.0678,0.1892,1.0000,0.0000,24.0000,1.2000,0.4444,7.2000
757,1,0.0081,4.0000,0.1302,0.4142,1.0000,0.0000,22.0000,1.0000,3.7879,33.0000
758,0,0.0000,0.0000,0.0000,0.0000,0.0000,0.0000,0.0000,0.0000
759,1,0.0060,5.0000,0.1351,0.4623,1.0000,0.0000,24.0000,1.0000,3.9829,38.0000
760,2,0.0746,3.0000,0.1970,0.0346,1.0000,0.0000,22.0000,3.0000,3.5285,18.5000
761,6,0.0130,2.5000,0.0863,0.1101,1.0000,0.0000,24.0000,1.5000,0.4948,6.5000
762,0,0.0000,0.0000,0.0000,0.0000,0.0000,0.0000,0.0000,0.0000
763,1,0.0840,6.0000,0.2296,0.1630,1.0000,0.0000,15.0000,5.0000,7.6190,36.0000
764,1,0.0040,4.0000,0.1026,0.0000,1.0000,0.0000,28.0000,1.0000,3.4615,40.0000
765,0,0.0000,0.0000,0.0000,0.0000,0.0000,0.0000,0.0000,0.0000
766,4,0.0107,3.2500,0.1063,0.0000,1.0000,0.0000,21.0000,1.5000,1.0511,9.2500
767,3,0.0067,3.0000,0.1028,0.1745,1.0000,0.0000,21.0000,1.3333,1.0732,11.0000
768,0,0.0000,0.0000,0.0000,0.0000,0.0000,0.0000,0.0000,0.0000
769,2,0.0209,3.0000,0.1310,0.3928,1.0000,0.0000,23.0000,2.5000,1.2644,15.0000
770,0,0.0000,0.0000,0.0000,0.0000,0.0000,0.0000,0.0000,0.0000
771,1,0.0672,6.0000,0.2545,0.1671,1.0000,0.0000,18.0000,4.0000,8.8889,36.0000
772,1,0.0053,3.0000,0.0941,0.0000,1.0000,0.0000,17.0000,1.0000,6.3866,35.0000
773,3,0.0030,2.0000,0.0637,0.0000,1.0000,0.0000,21.0000,1.0000,1.2885,11.6667
774,1,0.0156,7.0000,0.2229,0.2296,1.0000,0.0000,20.0000,1.0000,8.6370,39.0000
775,2,0.0043,3.0000,0.0842,0.0000,1.0000,0.0000,19.0000,1.0000,3.9811,19.5000
776,6,0.0113,3.0000,0.0906,0.1876,1.1667,37.2745,27.0000,1.3333,0.4377,7.5000
777,2,0.0185,7.5000,0.2209,0.3858,1.5000,68.2546,23.0000,1.5000,2.3810,18.0000
778,2,0.0532,4.5000,0.1957,0.3260,1.5000,239.6563,20.0000,3.0000,2.4194,16.0000
779,2,0.0040,2.0000,0.0703,0.0001,1.0000,0.0000,26.0000,1.0000,0.8523,16.5000
780,1,0.0925,6.0000,0.2596,0.3706,1.0000,0.0000,18.0000,3.0000,6.2500,32.0000
781,1,0.0019,2.0000,0.0606,0.0000,1.0000,0.0000,20.0000,1.0000,8.5561,34.0000
782,1,0.0285,5.0000,0.1961,0.1581,1.0000,0.0000,20.0000,2.0000,7.3950,35.0000
783,2,0.0032,2.0000,0.0625,0.0000,1.5000,168.2457,20.0000,1.0000,2.3273,18.5000
784,6,0.0123,3.0000,0.1001,0.1965,1.0000,0.0000,21.0000,1.6667,0.5556,6.0000
785,3,0.0290,4.6667,0.2085,0.1448,1.0000,0.0000,19.0000,1.3333,2.8520,11.3333
786,3,0.0146,4.0000,0.1302,0.2747,1.0000,0.0000,23.0000,1.3333,1.3757,12.0000
787,0,0.0000,0.0000,0.0000,0.0000,0.0000,0.0000,0.0000,0.0000
788,3,0.0404,3.6667,0.1548,0.1621,1.0000,0.0000,25.3333,2.0000,1.1765,11.6667
789,3,0.0402,4.3333,0.1499,0.0774,1.0000,0.0000,23.0000,3.0000,1.5447,13.6667
790,3,0.0332,2.3333,0.1322,0.0298,1.3333,103.0011,22.0000,1.6667,1.7544,13.0000
791,3,0.0155,3.3333,0.1210,0.0894,1.0000,0.0000,23.0000,1.3333,1.5173,12.6667
792,0,0.0000,0.0000,0.0000,0.0000,0.0000,0.0000,0.0000,0.0000
793,2,0.0172,3.0000,0.1355,0.2407,1.0000,0.0000,20.0000,1.5000,1.9153,16.0000
794,1,0.0138,4.0000,0.1389,0.5334,1.0000,0.0000,22.0000,2.0000,3.0108,31.0000
795,3,0.0160,3.0000,0.1264,0.3998,1.0000,0.0000,19.0000,1.3333,1.1494,10.0000
796,2,0.0079,2.5000,0.1000,0.1404,1.0000,0.0000,21.0000,1.0000,1.7241,14.5000
797,3,0.0189,3.3333,0.1389,0.1852,1.0000,0.0000,17.0000,1.3333,1.6858,10.0000
798,5,0.0164,2.2000,0.0977,0.2574,1.2000,15.3400,18.0000,1.6000,0.6404,5.8000
799,4,0.0184,3.5000,0.1429,0.1509,1.2500,69.0754,17.0000,1.2500,1.5054,7.7500
800,3,0.0130,4.0000,0.1405,0.1348,1.0000,0.0000,22.0000,1.3333,1.8492,12.6667
801,3,0.0123,2.3333,0.0899,0.0000,1.0000,0.0000,23.0000,1.6667,1.1111,12.0000
802,2,0.0143,3.5000,0.1355,0.2710,1.0000,0.0000,25.0000,1.5000,1.5966,17.5000
803,3,0.0028,2.0000,0.0619,0.0000,1.0000,0.0000,28.0000,1.0000,0.5291,12.0000
804,1,0.0016,2.0000,0.0556,0.0000,1.0000,0.0000,20.0000,1.0000,5.8559,37.0000
805,5,0.0114,2.6000,0.1077,0.0196,1.0000,0.0000,19.0000,1.2000,1.6464,7.8000
806,3,0.0035,3.3333,0.0901,0.1541,1.3333,60.0739,24.0000,1.0000,1.0906,12.6667
807,3,0.0134,2.6667,0.1010,0.4115,1.0000,0.0000,27.3333,1.3333,0.5820,12.0000
808,2,0.0017,2.0000,0.0571,0.0000,1.0000,0.0000,21.0000,1.0000,2.2222,18.0000
809,0,0.0000,0.0000,0.0000,0.0000,0.0000,0.0000,0.0000,0.0000
810,3,0.0184,3.3333,0.1180,0.2886,1.0000,0.0000,22.0000,1.6667,1.0644,11.6667
811,5,0.0366,5.4000,0.2434,0.2181,1.0000,0.0000,16.0000,1.4000,1.5686,6.8000
812,2,0.0706,6.0000,0.2280,0.2221,1.0000,0.0000,20.0000,4.5000,3.1294,19.0000
813,4,0.0187,3.0000,0.1310,0.1063,1.0000,0.0000,20.0000,1.2500,1.3514,9.2500
814,5,0.0309,4.0000,0.1481,0.1942,1.2000,15.4090,20.0000,1.6000,0.9841,7.2000
815,4,0.0135,3.7500,0.1186,0.2074,1.2500,65.2534,23.0000,1.2500,0.8890,9.5000
816,2,0.0015,2.0000,0.0541,0.0000,1.5000,100.3538,27.0000,1.0000,1.0669,19.0000
817,2,0.0027,2.0000,0.0577,0.0000,1.0000,0.0000,24.0000,1.0000,2.0513,20.0000
818,1,0.0063,4.0000,0.1111,0.0001,1.0000,0.0000,23.0000,2.0000,3.3033,37.0000
819,4,0.0194,3.2500,0.1179,0.2031,1.0000,0.0000,22.0000,1.7500,0.8569,8.0000
820,0,0.0000,0.0000,0.0000,0.0000,0.0000,0.0000,0.0000,0.0000
821,3,0.0789,3.0000,0.1741,0.1368,1.0000,0.0000,17.0000,2.3333,1.9355,10.3333
822,0,0.0000,0.0000,0.0000,0.0000,0.0000,0.0000,0.0000,0.0000
823,0,0.0000,0.0000,0.0000,0.0000,0.0000,0.0000,0.0000,0.0000
824,4,0.0252,2.5000,0.1096,0.1297,1.0000,0.0000,23.0000,1.7500,0.7937,9.0000
825,5,0.0568,3.6000,0.1803,0.1002,1.2000,56.7227,18.0000,1.8000,1.1765,6.8000
826,2,0.0023,2.0000,0.0667,0.0000,1.0000,0.0000,20.0000,1.0000,2.9032,15.5000
827,3,0.0053,3.0000,0.1071,0.1541,1.3333,113.0121,18.0000,1.0000,1.4778,9.6667
828,1,0.0095,3.0000,0.1212,0.2316,1.0000,0.0000,24.0000,1.0000,3.2086,34.0000
829,3,0.0120,2.3333,0.0859,0.2003,1.0000,0.0000,25.0000,1.6667,0.8537,13.6667
830,3,0.0427,3.3333,0.1428,0.0414,1.0000,0.0000,22.3333,1.3333,1.8893,13.0000
831,5,0.0173,3.0000,0.1002,0.1613,1.4000,64.3226,27.0000,1.6000,0.5128,8.0000
832,2,0.0381,5.0000,0.1641,0.3793,1.0000,0.0000,25.0000,3.0000,1.7267,18.5000
833,2,0.0114,3.0000,0.1061,0.2752,1.0000,0.0000,25.0000,1.0000,1.3369,17.0000
834,2,0.0378,4.0000,0.1823,0.1878,1.0000,0.0000,20.0000,2.5000,2.5568,16.5000
835,5,0.0457,4.4000,0.1669,0.2572,1.0000,0.0000,19.2000,1.8000,0.9610,7.4000
836,4,0.0079,3.0000,0.0912,0.0001,1.0000,0.0000,20.0000,1.5000,0.9760,9.2500
837,5,0.0219,3.4000,0.1338,0.1692,1.4000,101.9930,22.0000,1.8000,0.8250,7.6000
838,3,0.0549,4.3333,0.1913,0.0815,1.0000,0.0000,18.0000,2.6667,2.3810,12.0000
839,2,0.0118,3.5000,0.1435,0.0497,1.0000,0.0000,21.0000,1.0000,4.3651,18.0000
840,3,0.0077,3.3333,0.0981,0.0000,1.0000,0.0000,24.0000,1.3333,1.3415,13.6667
841,6,0.0197,3.1667,0.1165,0.1738,1.1667,86.5485,20.0000,1.6667,0.6878,6.0000
842,1,0.0015,2.0000,0.0541,0.0000,1.0000,0.0000,21.0000,1.0000,5.1209,38.0000
843,4,0.0036,2.0000,0.0662,0.0000,1.0000,0.0000,18.0000,1.0000,1.4286,8.7500
844,1,0.0538,8.0000,0.2113,0.3363,1.0000,0.0000,24.0000,4.0000,5.4878,41.0000
845,5,0.0160,3.8000,0.1219,0.0000,1.0000,0.0000,23.2000,1.6000,0.8195,8.6000
846,2,0.0189,5.5000,0.1434,0.3656,1.5000,70.1265,28.0000,2.0000,1.4744,20.0000
847,2,0.0056,3.5000,0.1034,0.1810,1.0000,0.0000,22.0000,1.0000,2.0270,18.5000
848,1,0.0015,2.0000,0.0541,0.0000,1.0000,0.0000,23.0000,1.0000,3.5562,38.0000
849,1,0.0071,5.0000,0.1471,0.0000,1.0000,0.0000,22.0000,1.0000,5.2101,35.0000
850,4,0.0027,2.2500,0.0726,0.1529,1.2500,91.2101,19.0000,1.0000,0.8065,8.0000
851,7,0.0214,2.8571,0.1000,0.1543,1.2857,112.3777,20.0000,1.7143,0.5442,5.1429
852,0,0.0000,0.0000,0.0000,0.0000,0.0000,0.0000,0.0000,0.0000
853,1,0.0423,4.0000,0.2101,0.1074,1.0000,0.0000,19.0000,2.0000,7.3892,29.0000
854,2,0.0025,2.5000,0.0714,0.0000,1.5000,212.4959,23.0000,1.0000,1.7460,18.0000
855,1,0.0019,2.0000,0.0606,0.0000,1.0000,0.0000,22.0000,1.0000,3.5651,34.0000
856,4,0.0292,2.7500,0.1151,0.2059,1.0000,0.0000,21.0000,2.0000,0.8049,8.2500
857,2,0.0108,3.5000,0.1221,0.1655,1.0000,0.0000,21.0000,1.0000,1.8145,16.0000
858,3,0.0341,3.3333,0.1911,0.1059,1.3333,92.3601,19.0000,1.3333,2.5550,11.3333
859,3,0.0123,2.6667,0.1163,0.1789,1.0000,0.0000,20.0000,1.3333,1.2315,9.6667
860,4,0.0068,2.0000,0.0796,0.0001,1.2500,146.7809,22.0000,1.2500,0.5747,7.5000
861,0,0.0000,0.0000,0.0000,0.0000,0.0000,0.0000,0.0000,0.0000
862,1,0.0202,3.0000,0.1644,0.1011,1.0000,0.0000,20.0000,1.0000,6.8182,33.0000
863,2,0.0117,2.5000,0.1173,0.4731,1.0000,0.0000,17.0000,1.5000,1.8462,13.0000
864,3,0.0167,3.3333,0.1378,0.1967,1.0000,0.0000,19.0000,1.3333,1.4113,10.6667
865,0,0.0000,0.0000,0.0000,0.0000,0.0000,0.0000,0.0000,0.0000
866,2,0.0032,2.0000,0.0625,0.0000,1.0000,0.0000,21.0000,1.0000,2.2523,18.5000
867,1,0.0013,2.0000,0.0500,0.0000,1.0000,0.0000,26.0000,1.0000,2.4390,41.0000
868,3,0.0230,3.6667,0.1552,0.1483,1.3333,92.8852,23.0000,1.3333,1.6596,12.6667
869,2,0.0299,3.5000,0.1568,0.0129,1.0000,0.0000,20.0000,1.5000,3.7747,21.0000
870,1,0.0043,4.0000,0.1053,0.0000,1.0000,0.0000,23.0000,1.0000,4.3185,39.0000
871,1,0.0170,3.0000,0.1377,0.0735,1.0000,0.0000,18.0000,1.0000,6.2389,34.0000
872,5,0.0297,2.6000,0.1151,0.1371,1.0000,0.0000,22.2000,2.0000,0.6667,8.0000
873,0,0.0000,0.0000,0.0000,0.0000,0.0000,0.0000,0.0000,0.0000
874,0,0.0000,0.0000,0.0000,0.0000,0.0000,0.0000,0.0000,0.0000
875,1,0.0345,7.0000,0.2370,0.4339,1.0000,0.0000,18.0000,3.0000,6.2366,31.0000
876,3,0.0155,3.6667,0.1319,0.2536,1.0000,0.0000,21.0000,2.3333,1.2626,11.0000
877,0,0.0000,0.0000,0.0000,0.0000,0.0000,0.0000,0.0000,0.0000
878,0,0.0000,0.0000,0.0000,0.0000,0.0000,0.0000,0.0000,0.0000
879,8,0.0888,3.5000,0.2093,0.1122,1.0000,0.0000,12.0000,1.7500,1.1084,3.6250
880,1,0.0019,2.0000,0.0606,0.0000,1.0000,0.0000,18.0000,1.0000,6.7736,34.0000
881,1,0.0020,2.0000,0.0625,0.0000,1.0000,0.0000,26.0000,1.0000,1.7045,33.0000
882,4,0.0239,3.2500,0.1465,0.1718,1.0000,0.0000,16.0000,1.2500,1.3218,7.5000
883,2,0.0234,4.5000,0.2014,0.2254,1.0000,0.0000,21.0000,1.5000,2.8736,15.0000
884,2,0.0495,4.5000,0.1991,0.2995,1.0000,0.0000,19.0000,2.0000,2.7218,16.0000
885,2,0.0063,3.5000,0.1086,0.1596,1.0000,0.0000,21.0000,1.0000,2.1772,18.5000
886,0,0.0000,0.0000,0.0000,0.0000,0.0000,0.0000,0.0000,0.0000
887,3,0.0111,3.0000,0.0910,0.0980,1.0000,0.0000,21.3333,1.0000,1.1628,14.6667
888,2,0.0120,3.5000,0.0991,0.2389,1.0000,0.0000,22.0000,2.0000,1.7781,19.0000
889,2,0.0156,3.5000,0.1325,0.0000,1.0000,0.0000,19.5000,1.0000,2.5847,17.0000
890,0,0.0000,0.0000,0.0000,0.0000,0.0000,0.0000,0.0000,0.0000
891,2,0.0071,3.5000,0.1163,0.1700,1.0000,0.0000,20.0000,1.0000,2.4621,16.5000
892,4,0.0040,2.5000,0.0784,0.1155,1.2500,158.7388,23.0000,1.0000,0.7143,8.7500
893,1,0.0114,3.0000,0.1142,0.2626,1.0000,0.0000,23.0000,1.0000,3.2086,34.0000
894,0,0.0000,0.0000,0.0000,0.0000,0.0000,0.0000,0.0000,0.0000
895,1,0.0186,6.0000,0.2024,0.1136,1.0000,0.0000,22.0000,1.0000,9.1916,43.0000
896,5,0.0032,3.0000,0.0717,0.1789,1.0000,0.0000,26.0000,1.0000,0.6377,9.2000
897,2,0.0040,3.0000,0.0833,0.1581,1.0000,0.0000,25.0000,1.0000,1.6026,20.0000
898,3,0.0129,5.6667,0.1663,0.2572,1.0000,0.0000,23.0000,1.3333,1.5873,12.0000
899,7,0.0473,2.8571,0.1122,0.1100,1.0000,0.0000,20.0000,2.0000,0.6362,5.5714
900,3,0.0117,3.3333,0.1111,0.1220,1.0000,0.0000,19.0000,1.3333,1.4815,12.0000
901,2,0.0274,5.0000,0.1649,0.2594,1.0000,0.0000,29.0000,3.0000,1.5520,19.5000
902,2,0.0160,5.5000,0.1845,0.2941,1.0000,0.0000,21.0000,1.0000,2.9412,17.5000
903,4,0.0071,2.5000,0.0816,0.2885,1.2500,46.6366,24.0000,1.5000,0.6006,9.2500
904,1,0.0107,7.0000,0.2059,0.3850,1.0000,0.0000,25.0000,1.0000,4.3697,35.0000
905,0,0.0000,0.0000,0.0000,0.0000,0.0000,0.0000,0.0000,0.0000
906,5,0.0251,2.8000,0.1064,0.1462,1.0000,0.0000,22.0000,1.6000,0.7207,7.4000
907,2,0.0047,3.0000,0.0934,0.2310,1.0000,0.0000,21.0000,1.0000,1.7825,17.0000
908,2,0.0351,3.5000,0.1471,0.0588,1.5000,50.9895,23.0000,2.5000,2.8205,20.0000
909,0,0.0000,0.0000,0.0000,0.0000,0.0000,0.0000,0.0000,0.0000
910,7,0.0438,3.0000,0.1023,0.1135,1.0000,0.0000,21.0000,1.8571,0.5923,5.8571
911,3,0.0089,2.6667,0.0843,0.2615,1.0000,0.0000,29.0000,1.6667,0.7743,14.0000
912,2,0.0468,4.0000,0.1263,0.0966,1.0000,0.0000,18.0000,3.0000,3.4146,20.5000
913,4,0.0218,5.2500,0.1724,0.1628,1.0000,0.0000,25.0000,1.5000,1.5244,10.2500
914,3,0.0050,2.3333,0.0749,0.0000,1.0000,0.0000,23.3333,1.0000,1.0053,12.0000
915,0,0.0000,0.0000,0.0000,0.0000,0.0000,0.0000,0.0000,0.0000
916,3,0.0166,3.0000,0.1181,0.2056,1.0000,0.0000,25.0000,1.6667,1.0084,11.6667
917,3,0.0123,3.3333,0.1181,0.2937,1.0000,0.0000,21.0000,1.3333,1.0728,10.0000
918,2,0.0192,4.5000,0.1825,0.2254,1.0000,0.0000,21.0000,1.5000,2.7462,16.5000
919,2,0.0094,2.5000,0.0954,0.0122,1.0000,0.0000,20.0000,1.0000,3.2051,20.0000
920,0,0.0000,0.0000,0.0000,0.0000,0.0000,0.0000,0.0000,0.0000
921,2,0.0125,4.0000,0.1345,0.4879,1.0000,0.0000,24.0000,1.5000,1.2605,17.5000
922,2,0.0291,3.5000,0.1874,0.1557,1.0000,0.0000,18.0000,1.5000,3.4483,14.5000
923,0,0.0000,0.0000,0.0000,0.0000,0.0000,0.0000,0.0000,0.0000
924,2,0.0147,6.5000,0.1625,0.1873,1.0000,0.0000,23.0000,2.0000,2.7439,20.5000
925,1,0.0036,3.0000,0.0882,0.6116,2.0000,209.4213,26.0000,1.0000,2.0168,35.0000
926,2,0.0373,5.0000,0.2070,0.2148,1.0000,0.0000,20.0000,2.5000,3.0303,16.5000
927,2,0.0032,3.0000,0.0833,0.2618,1.5000,652.6384,30.0000,1.0000,0.8258,18.5000
928,2,0.0426,5.5000,0.1957,0.3975,1.0000,0.0000,21.0000,3.0000,2.1390,17.0000
929,2,0.0020,2.0000,0.0625,0.0000,1.0000,0.0000,17.0000,1.0000,3.3144,16.5000
930,2,0.0250,3.5000,0.1286,0.1864,1.0000,0.0000,19.0000,1.5000,2.7731,17.5000
931,2,0.0187,3.5000,0.1215,0.0860,1.0000,0.0000,17.0000,1.5000,3.5294,17.5000
932,2,0.0061,3.0000,0.0867,0.1139,1.0000,0.0000,26.0000,1.0000,1.7949,20.0000
933,2,0.0179,5.5000,0.1884,0.1739,1.0000,0.0000,26.0000,1.5000,3.2317,20.5000
934,1,0.0063,3.0000,0.1012,0.1888,1.0000,0.0000,26.0000,1.0000,3.7374,45.0000
935,0,0.0000,0.0000,0.0000,0.0000,0.0000,0.0000,0.0000,0.0000
936,4,0.0055,2.7500,0.0876,0.0000,1.0000,0.0000,22.0000,1.2500,0.7937,9.0000
937,5,0.0258,3.0000,0.1242,0.1275,1.0000,0.0000,19.2000,1.6000,0.8556,6.8000
938,3,0.0385,4.3333,0.1717,0.3065,1.3333,186.8198,20.0000,2.6667,1.5344,12.0000
939,4,0.0317,3.2500,0.1410,0.0522,1.2500,47.9107,20.0000,2.0000,1.7683,10.2500
940,3,0.0052,3.0000,0.0833,0.0000,1.6667,32.5489,24.0000,1.3333,1.6913,14.6667
941,6,0.0071,2.6667,0.0895,0.0770,1.0000,0.0000,20.0000,1.3333,0.6443,5.8333
942,2,0.0095,3.0000,0.1105,0.0000,1.5000,124.1052,23.0000,1.5000,1.8717,17.0000
943,3,0.0392,3.3333,0.1591,0.0608,1.0000,0.0000,15.3333,1.6667,3.1031,12.3333
944,1,0.0015,2.0000,0.0541,0.0000,1.0000,0.0000,19.0000,1.0000,6.4011,38.0000
945,2,0.0026,2.0000,0.0562,0.0000,1.0000,0.0000,23.0000,1.0000,3.1707,20.5000
946,2,0.0019,2.5000,0.0625,0.0000,1.0000,0.0000,19.0000,1.0000,3.4756,20.5000
947,5,0.0151,3.8000,0.1229,0.2351,1.2000,61.0575,22.2000,1.6000,0.7201,8.4000
948,0,0.0000,0.0000,0.0000,0.0000,0.0000,0.0000,0.0000,0.0000
949,2,0.0395,6.0000,0.1905,0.3001,1.0000,0.0000,20.0000,3.0000,2.8571,18.0000
950,1,0.0071,5.0000,0.1471,0.4623,1.0000,0.0000,25.0000,1.0000,2.8571,35.0000
951,2,0.0176,5.0000,0.1571,0.1257,1.0000,0.0000,21.0000,1.5000,3.9683,18.0000
952,4,0.0139,3.2500,0.1054,0.0797,1.0000,0.0000,19.0000,1.7500,1.2302,9.0000
953,4,0.0118,2.5000,0.0966,0.2356,1.0000,0.0000,20.0000,1.5000,0.8049,8.2500
954,1,0.0118,3.0000,0.1407,0.2191,1.0000,0.0000,27.0000,1.0000,3.0159,36.0000
955,1,0.0980,7.0000,0.2035,0.4157,1.0000,0.0000,19.0000,4.0000,7.0588,35.0000
956,0,0.0000,0.0000,0.0000,0.0000,0.0000,0.0000,0.0000,0.0000
957,1,0.0125,3.0000,0.1176,0.1164,1.0000,0.0000,22.0000,1.0000,4.7059,35.0000
958,0,0.0000,0.0000,0.0000,0.0000,0.0000,0.0000,0.0000,0.0000
959,3,0.0280,3.3333,0.1566,0.1393,1.0000,0.0000,21.0000,1.3333,1.6402,12.0000
960,0,0.0000,0.0000,0.0000,0.0000,0.0000,0.0000,0.0000,0.0000
961,5,0.0195,5.2000,0.1290,0.1482,1.0000,0.0000,30.2000,2.2000,0.7811,11.0000
962,1,0.0005,2.0000,0.0303,0.0000,1.0000,0.0000,34.0000,1.0000,6.3320,67.0000
963,7,0.0054,4.4286,0.0849,0.0466,1.0000,0.0000,26.0000,1.1429,0.8534,10.4286
964,3,0.0013,2.3333,0.0366,0.0000,1.0000,0.0000,34.0000,1.3333,1.2987,25.6667
965,8,0.0169,3.2500,0.1000,0.0286,1.1250,76.8236,34.0000,1.6250,0.4829,8.8750
966,4,0.0162,4.2500,0.1139,0.0467,1.0000,0.0000,28.0000,1.2500,1.4303,16.2500
967,3,0.0041,2.6667,0.0652,0.0065,1.3333,304.3753,28.0000,1.0000,2.2456,25.3333
968,9,0.0098,3.3333,0.0667,0.0163,1.0000,0.0000,34.0000,1.6667,0.4688,8.7778
969,8,0.0063,3.2500,0.0633,0.0307,1.0000,0.0000,25.0000,1.5000,0.4795,8.6250
970,7,0.0186,3.8571,0.0892,0.0781,1.1429,55.9179,32.0000,1.5714,0.5087,10.0000
971,8,0.0073,3.6250,0.0753,0.0159,1.1250,93.6336,33.0000,1.6250,0.5135,9.0000
972,7,0.0158,4.5714,0.0840,0.0536,1.1429,63.2466,27.1429,2.2857,0.5436,10.4286
973,5,0.0106,3.8000,0.0896,0.0391,1.0000,0.0000,32.0000,1.6000,1.1253,13.8000
974,3,0.0082,4.3333,0.1056,0.0196,1.0000,0.0000,30.0000,1.0000,2.0051,22.3333
975,5,0.0234,4.6000,0.0969,0.0294,1.2000,47.6823,32.0000,3.6000,1.1033,14.8000
976,6,0.0155,3.3333,0.0894,0.0221,1.0000,0.0000,30.0000,1.3333,0.8282,11.6667
977,5,0.0063,3.0000,0.0750,0.0329,1.2000,176.1967,32.0000,1.6000,0.8530,14.0000
978,5,0.0107,3.4000,0.0799,0.0398,1.0000,0.0000,31.0000,2.0000,0.9311,14.4000
979,7,0.0182,5.0000,0.1087,0.0586,1.1429,74.8453,29.0000,2.0000,0.7469,10.8571
980,5,0.0011,2.4000,0.0350,0.0000,1.2000,227.3272,33.0000,1.2000,1.2454,15.6000
981,2,0.0325,6.0000,0.1131,0.0074,1.5000,642.1451,33.0000,3.5000,4.4123,39.0000
982,11,0.0190,3.4545,0.0800,0.0214,1.0000,0.0000,26.0909,1.5455,0.3998,7.7273
983,9,0.0026,3.3333,0.0535,0.0197,1.0000,0.0000,37.0000,1.3333,0.4873,8.4444
984,8,0.0108,2.8750,0.0592,0.0045,1.2500,99.3975,30.0000,2.1250,0.6906,10.3750
985,4,0.0008,3.0000,0.0375,0.0000,1.0000,0.0000,31.0000,1.0000,1.1902,21.5000
986,6,0.0265,4.1667,0.0957,0.0145,1.0000,0.0000,31.0000,2.1667,0.7015,13.3333
987,3,0.0085,4.3333,0.1247,0.0286,1.0000,0.0000,32.0000,1.0000,2.7988,25.0000
988,6,0.0225,3.3333,0.1024,0.0083,1.1667,136.8477,30.0000,2.6667,1.0949,14.0000
989,10,0.0135,5.0000,0.1012,0.0445,1.1000,27.1094,33.0000,2.0000,0.5158,8.0000
990,5,0.0013,2.8000,0.0418,0.0000,1.0000,0.0000,29.0000,1.2000,1.2636,14.2000
991,7,0.0047,3.1429,0.0585,0.0331,1.1429,72.3035,33.0000,1.5714,0.4264,9.5714
992,3,0.0108,3.6667,0.0808,0.0129,1.0000,0.0000,33.0000,1.6667,2.0290,23.3333
993,4,0.0007,2.2500,0.0330,0.0000,1.0000,0.0000,29.0000,1.0000,1.1606,18.2500
994,5,0.0067,2.4000,0.0713,0.0038,1.0000,0.0000,29.0000,1.2000,1.4155,14.6000
995,3,0.0178,4.0000,0.1083,0.0268,1.0000,0.0000,34.0000,2.0000,1.8519,24.0000
996,5,0.0049,3.0000,0.0681,0.0145,1.0000,0.0000,34.0000,1.4000,0.9304,16.0000
997,11,0.0209,4.0000,0.1082,0.0233,1.0000,0.0000,30.0000,1.8182,0.5659,7.6364
998,4,0.0006,2.5000,0.0310,0.0000,1.0000,0.0000,39.0000,1.0000,1.4566,21.2500
999,3,0.0009,3.3333,0.0469,0.0000,1.0000,0.0000,34.0000,1.0000,1.2128,24.0000
1000,5,0.0223,4.0000,0.0930,0.0484,1.0000,0.0000,34.0000,2.4000,0.8531,14.2000
1001,8,0.0085,3.0000,0.0635,0.0070,1.1250,158.6926,23.0000,1.3750,0.6643,8.2500
1002,3,0.0038,3.0000,0.0714,0.0425,1.0000,0.0000,33.0000,1.0000,1.5597,23.3333
1003,7,0.0124,2.7143,0.0597,0.0132,1.0000,0.0000,27.0000,1.8571,0.5395,9.4286
1004,4,0.0005,2.2500,0.0321,0.0000,1.0000,0.0000,25.0000,1.0000,1.5594,17.7500
1005,9,0.0271,3.3333,0.0759,0.0211,1.1111,63.9621,29.1111,1.8889,0.4434,8.0000
1006,10,0.0105,3.0000,0.0749,0.0198,1.0000,0.0000,30.1000,1.3000,0.5342,7.0000
1007,4,0.0051,4.0000,0.0777,0.0225,1.0000,0.0000,28.0000,1.0000,1.8198,18.7500
1008,5,0.0100,3.8000,0.0621,0.0347,1.0000,0.0000,31.0000,2.2000,1.0456,15.6000
1009,5,0.0032,4.6000,0.0693,0.0442,1.4000,357.8901,35.0000,1.2000,1.0588,17.0000
1010,13,0.0268,4.2308,0.0896,0.0105,1.0769,38.6307,22.0000,2.6923,0.4674,6.1538
1011,8,0.0282,2.7500,0.0842,0.0003,1.2500,93.6086,25.0000,1.5000,1.1035,9.8750
1012,10,0.0065,3.2000,0.0726,0.0124,1.1000,54.2504,30.0000,1.4000,0.5216,8.1000
1013,10,0.0181,4.0000,0.0998,0.0393,1.4000,187.9557,31.0000,2.0000,0.4909,7.3000
1014,10,0.0331,3.2000,0.1042,0.0241,1.0000,0.0000,31.0000,2.1000,0.4737,7.6000
1015,8,0.0014,2.3750,0.0366,0.0000,1.2500,89.8423,25.1250,1.1250,0.6248,9.2500
1016,4,0.0028,5.5000,0.0809,0.0688,1.2500,198.6002,32.0000,1.0000,1.2072,18.7500
1017,7,0.0108,3.1429,0.0662,0.0020,1.0000,0.0000,30.0000,1.5714,1.0302,11.0000
1018,13,0.0276,3.0000,0.0975,0.0088,1.1538,112.8337,24.0000,1.6923,0.4259,6.4615
1019,10,0.0261,4.4000,0.1351,0.0119,1.0000,0.0000,31.1000,1.7000,0.6863,8.5000
1020,9,0.0054,2.7778,0.0472,0.0003,1.0000,0.0000,29.0000,1.5556,0.5602,9.7778
1021,7,0.0251,4.1429,0.1272,0.0039,1.0000,0.0000,26.0000,2.4286,1.7007,12.1429
1022,6,0.0033,3.1667,0.0547,0.0021,1.1667,125.4690,34.0000,1.3333,0.8510,14.0000
1023,8,0.0099,4.3750,0.0808,0.0348,1.1250,83.2516,35.0000,1.5000,0.5276,9.2500
1024,4,0.0079,5.7500,0.0919,0.0708,1.2500,78.2551,31.0000,1.7500,1.2081,18.2500
1025,6,0.0085,4.3333,0.0840,0.0336,1.3333,293.3673,31.0000,1.6667,0.8936,13.0000
1026,4,0.0610,6.2500,0.1581,0.0620,1.0000,0.0000,35.0000,3.2500,1.5221,18.2500
1027,10,0.0029,2.7000,0.0439,0.0105,1.1000,37.6022,36.1000,1.2000,0.3312,8.2000
1028,6,0.0032,3.1667,0.0506,0.0000,1.1667,93.8725,33.3333,1.5000,0.6329,13.3333
1029,6,0.0012,2.1667,0.0341,0.0000,1.3333,117.0674,35.0000,1.3333,0.5708,12.1667
1030,8,0.0113,3.0000,0.0610,0.0050,1.1250,42.5478,33.0000,1.6250,0.6211,9.0000
1031,6,0.0019,2.5000,0.0504,0.0039,1.3333,224.8601,31.0000,1.0000,0.9415,12.6667
1032,7,0.0094,3.4286,0.0735,0.0180,1.0000,0.0000,28.0000,1.5714,1.0741,11.0000
1033,9,0.0416,3.8889,0.0827,0.0318,1.0000,0.0000,29.0000,2.4444,0.4325,8.8889
1034,6,0.0096,2.8333,0.0831,0.0181,1.0000,0.0000,36.1667,1.1667,0.7103,12.1667
1035,2,0.0008,2.0000,0.0312,0.0000,1.0000,0.0000,35.0000,1.0000,2.8158,36.5000
1036,9,0.0090,2.5556,0.0574,0.0022,1.0000,0.0000,34.0000,1.6667,0.4069,7.8889
1037,9,0.0305,3.3333,0.0890,0.0335,1.0000,0.0000,30.1111,1.8889,0.4114,7.8889
1038,8,0.0078,3.5000,0.0629,0.0380,1.2500,94.2203,35.0000,2.0000,0.3919,9.3750
1039,9,0.0062,2.6667,0.0642,0.0305,1.2222,213.9594,33.0000,1.4444,0.3953,7.2222
1040,8,0.0218,3.6250,0.0750,0.0491,1.1250,40.5509,32.1250,1.5000,0.4424,9.1250
1041,6,0.0417,3.3333,0.1330,0.0199,1.0000,0.0000,27.0000,2.0000,1.3445,12.1667
1042,8,0.0421,3.8750,0.1037,0.0318,1.0000,0.0000,28.1250,2.1250,0.6583,10.6250
1043,8,0.0035,2.7500,0.0459,0.0041,1.0000,0.0000,32.0000,1.8750,0.4555,10.3750
1044,7,0.0052,3.4286,0.0604,0.0134,1.2857,231.6364,34.0000,1.4286,0.4512,10.4286
1045,11,0.0056,2.9091,0.0586,0.0503,1.0909,21.6508,32.0000,1.7273,0.2385,6.0909
1046,7,0.0121,3.7143,0.0734,0.0464,1.1429,93.6477,28.0000,1.7143,0.6270,10.0000
1047,11,0.0434,3.8182,0.0946,0.0329,1.3636,153.2075,22.0000,1.9091,0.4379,6.2727
1048,3,0.0051,3.3333,0.0759,0.0042,1.3333,205.4083,27.0000,1.6667,2.3338,24.3333
1049,5,0.0039,2.6000,0.0682,0.0042,1.2000,156.0878,30.0000,1.6000,1.7840,15.4000
1050,9,0.0035,3.3333,0.0632,0.0184,1.1111,52.2257,29.0000,1.3333,0.4796,8.7778
1051,5,0.0163,4.0000,0.1302,0.0622,1.0000,0.0000,36.0000,1.6000,0.9737,15.8000
1052,6,0.0353,5.1667,0.1145,0.0469,1.0000,0.0000,33.0000,2.1667,0.8022,12.3333
1053,5,0.0239,3.8000,0.0774,0.0144,1.0000,0.0000,30.0000,1.6000,0.9256,14.2000
1054,8,0.0337,3.7500,0.1064,0.0314,1.1250,110.7456,26.0000,1.8750,0.6694,8.5000
1055,12,0.0200,3.0833,0.0883,0.0218,1.2500,95.9072,31.0000,1.5833,0.3782,6.0000
1056,5,0.0196,3.8000,0.1038,0.0314,1.0000,0.0000,28.0000,1.8000,1.5023,14.4000
1057,10,0.0165,3.8000,0.0746,0.0340,1.1000,125.4123,30.0000,2.0000,0.4456,7.6000
1058,8,0.0040,3.0000,0.0527,0.0740,1.1250,47.8679,35.0000,1.7500,0.2666,8.8750
1059,3,0.0020,2.6667,0.0507,0.0000,1.0000,0.0000,30.0000,1.3333,0.9217,21.0000
1060,3,0.0429,4.3333,0.1498,0.0348,1.0000,0.0000,26.0000,2.6667,2.0468,19.0000
1061,5,0.0118,4.0000,0.0989,0.0173,1.0000,0.0000,32.0000,2.0000,1.1850,13.8000
1062,1,0.0003,2.0000,0.0260,0.0000,1.0000,0.0000,36.0000,1.0000,5.2614,78.0000
1063,7,0.0260,3.7143,0.1036,0.0142,1.1429,71.3094,30.0000,2.0000,0.8317,10.4286
1064,8,0.0099,3.6250,0.0871,0.0390,1.0000,0.0000,34.0000,1.3750,0.6036,8.8750
1065,6,0.0134,3.3333,0.0724,0.0102,1.0000,0.0000,33.0000,2.1667,0.6726,12.3333
1066,10,0.0322,4.7000,0.1053,0.0320,1.1000,22.3859,32.0000,2.5000,0.5528,7.8000
1067,2,0.0321,3.0000,0.1429,0.0039,1.0000,0.0000,28.0000,3.0000,4.7544,38.0000
1068,7,0.0445,5.0000,0.0981,0.0805,1.0000,0.0000,31.0000,2.7143,0.6165,10.8571
1069,15,0.0438,3.0000,0.0713,0.0105,1.1333,66.6834,26.0000,1.8667,0.2493,4.9333
1070,10,0.0136,2.9000,0.0677,0.0066,1.1000,48.5676,27.1000,1.5000,0.5257,7.4000
1071,8,0.0013,2.3750,0.0390,0.0000,1.1250,83.2905,30.0000,1.1250,0.4519,9.1250
1072,5,0.0061,3.2000,0.0536,0.0134,1.0000,0.0000,29.0000,1.4000,1.0145,13.8000
1073,5,0.0104,2.6000,0.0920,0.0072,1.0000,0.0000,27.0000,1.2000,1.3800,13.2000
1074,4,0.0032,2.7500,0.0635,0.0066,1.0000,0.0000,26.0000,1.0000,1.5264,16.2500
1075,0,0.0000,0.0000,0.0000,0.0000,0.0000,0.0000,0.0000,0.0000
1076,5,0.0038,3.0000,0.0543,0.0000,1.2000,161.2662,33.0000,1.6000,1.2177,14.6000
1077,10,0.0040,2.8000,0.0540,0.0045,1.1000,65.8513,32.0000,1.6000,0.4499,7.2000
1078,7,0.0365,3.7143,0.0995,0.0259,1.0000,0.0000,32.1429,2.0000,0.5130,10.5714
1079,8,0.0066,2.7500,0.0679,0.0110,1.1250,59.3792,28.1250,1.1250,0.7792,8.5000
1080,3,0.0278,5.0000,0.1469,0.0182,1.0000,0.0000,27.0000,2.0000,2.8480,25.6667
1081,11,0.0115,3.0909,0.0680,0.0138,1.0000,0.0000,29.0000,1.6364,0.5086,7.0909
1082,4,0.0140,3.2500,0.0625,0.0133,1.2500,130.4690,27.0000,1.5000,1.0180,18.7500
1083,6,0.0021,3.0000,0.0532,0.0084,1.0000,0.0000,35.0000,1.1667,0.8281,13.3333
1084,6,0.0156,3.5000,0.0772,0.0156,1.0000,0.0000,35.1667,1.1667,0.6605,13.0000
1085,8,0.0175,3.0000,0.0922,0.0072,1.2500,153.6106,29.0000,1.5000,0.5739,9.2500
1086,3,0.0085,2.6667,0.0846,0.0029,1.0000,0.0000,35.0000,1.3333,1.5673,25.3333
1087,9,0.0087,4.2222,0.0891,0.1172,1.1111,55.5593,32.0000,1.5556,0.3669,7.4444
1088,5,0.0262,4.4000,0.1309,0.0660,1.0000,0.0000,26.0000,1.8000,1.0734,12.0000
1089,5,0.0253,5.2000,0.1130,0.1123,1.0000,0.0000,38.0000,2.8000,0.6439,14.2000
1090,4,0.0168,4.5000,0.1251,0.0562,1.0000,0.0000,29.0000,1.7500,1.5847,15.2500
1091,3,0.0053,4.3333,0.0729,0.0977,1.0000,0.0000,31.0000,1.3333,1.2339,20.6667
1092,7,0.0039,3.2857,0.0684,0.0674,1.0000,0.0000,32.0000,1.0000,0.4372,8.7143
1093,1,0.0877,14.0000,0.2464,0.2897,2.0000,396.5889,27.0000,7.0000,6.2147,60.0000
1094,5,0.0025,3.2000,0.0477,0.0000,1.0000,0.0000,31.0000,1.4000,1.0122,14.6000
1095,3,0.0209,4.0000,0.1251,0.0069,1.3333,189.4178,32.0000,1.0000,1.9239,27.0000
1096,11,0.0018,2.2727,0.0442,0.0034,1.0000,0.0000,27.0000,1.1818,0.5779,7.0000
1097,11,0.0257,3.5455,0.1154,0.0099,1.0909,31.3254,26.0000,1.8182,0.6462,7.0000
1098,5,0.0407,3.0000,0.0808,0.0009,1.6000,347.4870,28.0000,2.0000,1.2505,14.0000
1099,9,0.0130,3.4444,0.0677,0.0243,1.0000,0.0000,31.1111,2.3333,0.5216,8.0000
1100,8,0.0012,2.5000,0.0400,0.0000,1.3750,210.4853,25.0000,1.2500,1.2255,8.6250
1101,5,0.0083,3.8000,0.0727,0.1249,1.0000,0.0000,36.0000,1.6000,0.5092,13.6000
1102,1,0.0011,3.0000,0.0500,0.0000,1.0000,0.0000,33.0000,1.0000,3.2240,61.0000
1103,6,0.0099,3.3333,0.0899,0.0232,1.1667,90.2296,29.0000,1.3333,0.9196,11.1667
1104,7,0.0363,3.5714,0.0735,0.0000,1.1429,93.4279,22.0000,1.7143,0.9613,10.2857
1105,4,0.0038,3.2500,0.0645,0.0035,1.0000,0.0000,30.0000,1.0000,1.5807,19.2500
1106,8,0.0068,3.6250,0.0709,0.0306,1.0000,0.0000,30.0000,1.6250,0.5898,9.1250
1107,6,0.0072,4.3333,0.0905,0.0717,1.0000,0.0000,30.0000,1.3333,0.8412,12.0000
1108,5,0.0134,3.4000,0.1076,0.0241,1.2000,102.1321,25.0000,1.2000,1.3402,14.8000
1109,3,0.0044,4.0000,0.0618,0.0257,1.3333,88.3236,26.0000,1.0000,2.4806,28.6667
1110,10,0.0027,3.9000,0.0570,0.0305,1.0000,0.0000,36.1000,1.4000,0.3368,8.7000
1111,1,0.0003,2.0000,0.0256,0.0000,1.0000,0.0000,39.0000,1.0000,5.2905,79.0000
1112,7,0.0085,2.8571,0.0770,0.0145,1.0000,0.0000,41.0000,1.5714,0.6639,12.0000
1113,9,0.0382,4.5556,0.0994,0.0312,1.0000,0.0000,36.0000,1.7778,0.5924,8.5556
1114,6,0.0012,2.8333,0.0411,0.0000,1.1667,75.8439,33.0000,1.1667,0.7716,13.5000
1115,3,0.0248,3.6667,0.1102,0.0088,1.0000,0.0000,31.0000,2.6667,2.0165,27.0000
1116,11,0.0099,3.9091,0.0872,0.0273,1.0909,67.2773,28.0000,1.4545,0.5420,7.4545
1117,4,0.0087,3.0000,0.0630,0.0049,1.0000,0.0000,30.0000,1.5000,2.0174,20.0000
1118,9,0.0127,3.2222,0.0822,0.0112,1.0000,0.0000,33.0000,1.6667,0.5727,9.4444
1119,8,0.0042,3.7500,0.0597,0.0453,1.0000,0.0000,34.0000,1.8750,0.4144,9.6250
1120,5,0.0128,3.6000,0.0844,0.0034,1.2000,103.4026,36.2000,1.4000,0.7627,14.8000
1121,8,0.0132,3.3750,0.0723,0.0193,1.1250,64.1494,31.0000,1.7500,0.5482,9.5000
1122,3,0.0398,8.0000,0.1736,0.1097,1.0000,0.0000,33.0000,2.6667,1.6996,24.3333
1123,4,0.0012,3.5000,0.0497,0.0000,1.0000,0.0000,33.0000,1.0000,1.2588,18.5000
1124,8,0.0061,3.1250,0.0684,0.0136,1.0000,0.0000,30.0000,1.5000,0.6942,8.8750
1125,6,0.0186,4.3333,0.1180,0.0470,1.0000,0.0000,26.0000,1.5000,0.9145,11.3333
1126,8,0.0182,3.0000,0.0834,0.0112,1.3750,210.2764,26.0000,1.8750,0.7873,8.1250
1127,10,0.0068,4.0000,0.0666,0.0243,1.1000,19.1466,32.0000,1.7000,0.4706,7.9000
1128,1,0.0020,4.0000,0.0571,0.0000,1.0000,0.0000,38.0000,1.0000,5.2905,79.0000
1129,6,0.0041,3.1667,0.0572,0.0326,1.0000,0.0000,39.0000,1.3333,0.6502,14.0000
1130,9,0.0835,4.6667,0.1243,0.0050,1.0000,0.0000,23.0000,2.7778,0.7447,8.3333
1131,5,0.0911,4.2000,0.1125,0.0262,1.0000,0.0000,30.0000,2.4000,1.0316,15.2000
1132,6,0.0262,4.8333,0.1147,0.0292,1.0000,0.0000,31.0000,2.1667,0.9928,13.5000
1133,3,0.0255,5.6667,0.1067,0.0608,1.3333,337.7028,31.0000,2.3333,1.5255,25.0000
1134,5,0.0025,2.6000,0.0476,0.0017,1.0000,0.0000,30.0000,1.0000,1.1298,15.2000
1135,7,0.0056,2.8571,0.0512,0.0052,1.0000,0.0000,31.0000,1.7143,0.6089,11.1429
1136,6,0.0119,5.0000,0.1112,0.0418,1.1667,88.6687,35.1667,1.3333,1.0030,12.5000
1137,5,0.0075,2.6000,0.0680,0.0168,1.4000,62.2531,26.0000,1.2000,1.1126,13.4000
1138,11,0.0326,4.6364,0.1305,0.0562,1.0909,23.2772,23.0000,2.1818,0.5627,6.1818
1139,3,0.0004,2.0000,0.0286,0.0000,1.0000,0.0000,34.0000,1.0000,1.5828,23.6667
1140,3,0.0907,5.0000,0.1607,0.0359,1.0000,0.0000,32.0000,3.6667,1.8127,24.0000
1141,5,0.0160,3.4000,0.0950,0.0169,1.0000,0.0000,31.0000,2.2000,0.9970,14.6000
1142,4,0.0076,3.5000,0.0697,0.0203,1.2500,130.8733,38.0000,1.7500,0.9413,19.7500
1143,4,0.0072,3.5000,0.1037,0.0044,1.0000,0.0000,21.0000,1.0000,2.5000,19.0000
1144,10,0.0117,3.8000,0.0931,0.0133,1.0000,0.0000,22.0000,1.5000,0.5450,8.4000
1145,3,0.0122,3.0000,0.0968,0.0051,1.0000,0.0000,37.0000,2.0000,2.4992,27.3333
1146,10,0.0318,4.0000,0.0828,0.0257,1.2000,113.9720,31.1000,2.1000,0.4367,8.0000
1147,8,0.0051,2.6250,0.0593,0.0004,1.1250,18.4760,33.0000,1.3750,0.6712,9.3750
1148,5,0.0337,3.2000,0.1094,0.0238,1.2000,62.3596,24.0000,2.8000,1.2212,13.4000
1149,2,0.0237,7.0000,0.1239,0.0621,1.5000,516.1524,33.0000,3.0000,3.1393,36.5000
1150,10,0.0114,2.9000,0.0562,0.0000,1.1000,49.9059,26.0000,1.5000,0.4845,7.0000
1151,5,0.0191,3.6000,0.0701,0.0507,1.0000,0.0000,30.0000,1.6000,0.6650,13.8000
1152,4,0.0017,3.0000,0.0499,0.0000,1.2500,141.0612,30.0000,1.2500,1.7598,17.5000
1153,7,0.0212,3.0000,0.0846,0.0185,1.1429,71.7311,27.0000,2.2857,0.7992,9.4286
1154,7,0.0236,3.1429,0.1069,0.0116,1.1429,52.8853,26.0000,1.7143,0.9657,9.4286
1155,2,0.0003,2.0000,0.0244,0.0000,1.0000,0.0000,37.0000,1.0000,2.1158,41.5000
1156,4,0.0168,4.2500,0.1027,0.0483,1.0000,0.0000,34.0000,2.2500,1.1385,18.5000
1157,2,0.0047,4.0000,0.0846,0.0681,1.0000,0.0000,36.0000,1.0000,2.4017,35.0000
1158,4,0.0056,2.5000,0.0514,0.0011,1.0000,0.0000,36.0000,1.2500,1.4902,18.5000
1159,2,0.0043,3.0000,0.0797,0.0258,1.0000,0.0000,37.0000,1.0000,2.3423,37.5000
1160,13,0.0103,3.1538,0.0583,0.0309,1.0000,0.0000,32.0000,1.4615,0.2316,6.3077
1161,8,0.0130,3.1250,0.0868,0.0063,1.0000,0.0000,33.0000,1.3750,0.8347,10.0000
1162,12,0.0018,3.0000,0.0509,0.0109,1.4167,364.8613,31.0000,1.0833,0.3663,6.5000
1163,4,0.0115,4.2500,0.0955,0.0184,1.0000,0.0000,28.0000,1.5000,1.6063,19.2500
1164,10,0.0290,3.4000,0.1014,0.0392,1.5000,314.3585,25.0000,1.5000,0.5342,7.0000
1165,5,0.0141,3.0000,0.0781,0.0224,1.0000,0.0000,33.0000,1.8000,1.1644,14.6000
1166,4,0.0021,4.0000,0.0549,0.0000,1.2500,196.5346,29.2500,1.2500,1.5985,19.7500
1167,6,0.0158,4.5000,0.0962,0.0171,1.1667,89.5730,33.0000,2.1667,1.0062,13.1667
1168,8,0.0055,2.5000,0.0541,0.0131,1.1250,61.9001,37.1250,1.2500,0.3954,9.7500
1169,6,0.0266,4.0000,0.1255,0.0303,1.0000,0.0000,32.0000,2.1667,0.7902,11.3333
1170,8,0.0103,3.7500,0.0788,0.0212,1.2500,153.2803,26.0000,1.3750,0.7087,9.1250
1171,6,0.0127,3.0000,0.0928,0.0027,1.0000,0.0000,26.0000,1.5000,1.4085,11.8333
1172,10,0.0013,2.4000,0.0368,0.0000,1.1000,49.5642,27.1000,1.3000,0.4721,7.5000
1173,7,0.0053,2.5714,0.0582,0.0006,1.1429,72.3228,24.0000,1.4286,0.8806,10.4286
1174,7,0.0053,3.0000,0.0573,0.0062,1.1429,101.9167,26.0000,1.8571,0.5545,10.4286
1175,3,0.0145,2.6667,0.0913,0.0168,1.0000,0.0000,34.0000,2.0000,1.3418,22.3333
1176,5,0.0105,3.0000,0.0687,0.0003,1.0000,0.0000,28.0000,1.4000,1.6384,15.6000
1177,4,0.0116,3.2500,0.0790,0.0148,1.0000,0.0000,23.0000,1.5000,1.7515,19.2500
1178,2,0.0013,2.5000,0.0397,0.0000,1.0000,0.0000,29.0000,1.0000,2.2310,40.0000
1179,4,0.0110,3.7500,0.0758,0.0065,1.0000,0.0000,28.0000,2.0000,1.7787,21.2500
1180,7,0.0309,7.5714,0.1633,0.0388,1.0000,0.0000,31.1429,1.8571,1.3099,12.5714
1181,4,0.0039,6.7500,0.0950,0.0511,1.0000,0.0000,31.0000,1.2500,1.9608,21.2500
1182,1,0.0003,2.0000,0.0233,0.0000,1.0000,0.0000,37.0000,1.0000,4.7848,87.0000
1183,3,0.0099,3.3333,0.1031,0.0337,1.0000,0.0000,28.0000,1.3333,2.0375,27.3333
1184,6,0.0082,4.3333,0.0711,0.0086,1.0000,0.0000,37.0000,1.3333,0.9917,14.8333
1185,10,0.0253,2.6000,0.0766,0.0024,1.1000,64.1134,29.1000,1.8000,0.6728,8.1000
1186,5,0.0112,3.0000,0.0892,0.0009,1.2000,147.1397,26.0000,1.4000,1.0800,15.4000
1187,5,0.0074,3.6000,0.0790,0.0316,1.0000,0.0000,36.0000,1.6000,0.9159,15.4000
1188,6,0.0194,4.5000,0.1219,0.0323,1.0000,0.0000,23.0000,1.3333,1.6302,10.1667
1189,9,0.0296,3.3333,0.1017,0.0181,1.2222,86.6083,28.1111,1.7778,0.6694,8.0000
1190,7,0.0128,2.8571,0.0881,0.0252,1.1429,79.0756,36.0000,1.5714,0.5506,11.7143
1191,5,0.0033,2.6000,0.0471,0.0000,1.0000,0.0000,37.2000,1.4000,0.8519,16.2000
1192,4,0.0025,2.5000,0.0448,0.0000,1.0000,0.0000,39.0000,1.5000,0.6004,17.5000
1193,0,0.0000,0.0000,0.0000,0.0000,0.0000,0.0000,0.0000,0.0000
1194,2,0.0006,2.5000,0.0338,0.0000,1.0000,0.0000,31.0000,1.0000,4.0000,37.5000
1195,8,0.0178,2.2500,0.0769,0.0062,1.0000,0.0000,29.0000,1.5000,0.7072,9.3750
1196,7,0.0163,4.1429,0.0810,0.0179,1.0000,0.0000,32.0000,2.2857,0.5994,11.1429
1197,8,0.0079,3.7500,0.0669,0.0446,1.1250,72.8857,31.0000,2.1250,0.4814,8.7500
1198,2,0.0135,3.0000,0.0913,0.0154,1.0000,0.0000,40.0000,2.0000,2.6408,36.0000
1199,6,0.0131,4.0000,0.1221,0.0344,1.0000,0.0000,29.0000,1.5000,0.9800,11.6667
1200,10,0.0254,3.8000,0.1000,0.0616,1.1000,26.2388,33.0000,1.7000,0.3590,6.6000
1201,2,0.0125,5.5000,0.1570,0.1724,1.5000,98.4638,23.0000,1.5000,3.0187,24.5000
1202,3,0.0020,2.6667,0.0650,0.0000,1.0000,0.0000,24.0000,1.0000,1.2002,14.0000
1203,0,0.0000,0.0000,0.0000,0.0000,0.0000,0.0000,0.0000,0.0000
1204,1,0.0321,5.0000,0.1833,0.0001,1.0000,0.0000,21.0000,3.0000,5.5462,35.0000
1205,0,0.0000,0.0000,0.0000,0.0000,0.0000,0.0000,0.0000,0.0000
1206,0,0.0000,0.0000,0.0000,0.0000,0.0000,0.0000,0.0000,0.0000
1207,1,0.0026,2.0000,0.0714,0.0000,1.0000,0.0000,19.0000,1.0000,3.9409,29.0000
1208,2,0.0171,3.0000,0.1350,0.4744,1.0000,0.0000,18.5000,1.0000,1.5873,14.0000
1209,0,0.0000,0.0000,0.0000,0.0000,0.0000,0.0000,0.0000,0.0000
1210,2,0.0217,4.0000,0.1872,0.3282,1.0000,0.0000,13.0000,1.0000,3.5000,12.5000
1211,3,0.0061,2.3333,0.0874,0.0000,1.3333,134.6592,18.0000,1.3333,1.8638,10.3333
1212,1,0.0431,7.0000,0.2832,0.2972,1.0000,0.0000,18.0000,2.0000,8.5470,27.0000
1213,1,0.0023,2.0000,0.0667,0.0000,1.0000,0.0000,21.0000,1.0000,4.7312,31.0000
1214,2,0.0214,3.5000,0.1379,0.2032,1.0000,0.0000,19.5000,1.0000,1.9841,14.0000
1215,0,0.0000,0.0000,0.0000,0.0000,0.0000,0.0000,0.0000,0.0000
1216,3,0.0625,3.3333,0.2138,0.0729,1.0000,0.0000,14.0000,1.6667,3.6946,9.6667
1217,2,0.0228,2.5000,0.1430,0.1616,1.0000,0.0000,19.0000,1.5000,2.1164,14.0000
1218,1,0.0057,3.0000,0.1111,0.6116,1.0000,0.0000,24.0000,1.0000,1.5873,28.0000
1219,6,0.0275,2.3333,0.1087,0.2013,1.0000,0.0000,15.0000,1.5000,0.7055,4.6667
1220,4,0.0062,2.2500,0.0933,0.1187,1.5000,103.2246,16.0000,1.0000,0.9972,6.7500
1221,0,0.0000,0.0000,0.0000,0.0000,0.0000,0.0000,0.0000,0.0000
1222,3,0.0119,2.6667,0.1285,0.0000,1.0000,0.0000,15.0000,1.3333,1.4493,8.0000
1223,1,0.0310,4.0000,0.2571,0.0887,1.0000,0.0000,17.0000,1.0000,11.3300,29.0000
1224,0,0.0000,0.0000,0.0000,0.0000,0.0000,0.0000,0.0000,0.0000
1225,0,0.0000,0.0000,0.0000,0.0000,0.0000,0.0000,0.0000,0.0000
1226,0,0.0000,0.0000,0.0000,0.0000,0.0000,0.0000,0.0000,0.0000
1227,2,0.0117,2.5000,0.1173,0.4731,1.0000,0.0000,19.0000,1.5000,1.5385,13.0000
1228,2,0.0106,2.5000,0.1071,0.0793,1.0000,0.0000,17.0000,1.0000,2.7094,14.5000
1229,1,0.0026,2.0000,0.0714,0.0000,1.0000,0.0000,20.0000,1.0000,3.6946,29.0000
1230,0,0.0000,0.0000,0.0000,0.0000,0.0000,0.0000,0.0000,0.0000
1231,4,0.0192,2.5000,0.1360,0.0840,1.0000,0.0000,15.0000,1.2500,1.6923,6.5000
1232,2,0.0062,2.0000,0.0865,0.0000,1.5000,294.2363,18.0000,1.0000,1.8519,13.5000
1233,0,0.0000,0.0000,0.0000,0.0000,0.0000,0.0000,0.0000,0.0000
1234,1,0.0033,2.0000,0.0800,0.0000,1.0000,0.0000,20.0000,1.0000,2.4615,26.0000
1235,1,0.0303,4.0000,0.2424,0.2536,1.0000,0.0000,14.0000,1.0000,8.6957,23.0000
1236,0,0.0000,0.0000,0.0000,0.0000,0.0000,0.0000,0.0000,0.0000
1237,0,0.0000,0.0000,0.0000,0.0000,0.0000,0.0000,0.0000,0.0000
1238,1,0.0350,5.0000,0.2178,0.4163,1.0000,0.0000,19.0000,2.0000,4.3077,26.0000
1239,0,0.0000,0.0000,0.0000,0.0000,0.0000,0.0000,0.0000,0.0000
1240,1,0.0079,3.0000,0.1304,0.6116,1.0000,0.0000,20.0000,1.0000,2.1739,24.0000
1241,2,0.0171,4.0000,0.1664,0.3282,1.0000,0.0000,20.0000,1.0000,2.1164,14.0000
1242,2,0.0077,3.5000,0.1346,0.2311,1.5000,184.4870,17.0000,1.0000,2.5641,13.5000
1243,5,0.0211,3.2000,0.1144,0.2134,1.0000,0.0000,18.0000,1.8000,0.8468,6.4000
1244,1,0.0069,4.0000,0.1333,0.5236,1.0000,0.0000,22.0000,1.0000,3.0108,31.0000
1245,0,0.0000,0.0000,0.0000,0.0000,0.0000,0.0000,0.0000,0.0000
1246,2,0.0047,3.0000,0.0934,0.2071,1.0000,0.0000,27.0000,1.0000,1.1586,17.0000
1247,1,0.0430,7.0000,0.2375,0.4888,1.0000,0.0000,19.0000,4.0000,5.4435,32.0000
1248,2,0.0123,5.5000,0.1916,0.1637,1.5000,2.9103,15.0000,1.0000,4.4828,15.0000
1249,2,0.0161,3.0000,0.1152,0.0000,1.0000,0.0000,21.0000,2.5000,2.4064,17.0000
1250,1,0.0170,3.0000,0.1443,0.1288,1.0000,0.0000,20.0000,1.0000,5.5258,34.0000
1251,0,0.0000,0.0000,0.0000,0.0000,0.0000,0.0000,0.0000,0.0000
1252,4,0.0099,2.5000,0.1004,0.2500,1.0000,0.0000,20.0000,1.5000,0.7471,7.5000
1253,1,0.0062,3.0000,0.1154,0.6116,1.0000,0.0000,23.0000,1.0000,1.7094,27.0000
1254,1,0.0026,2.0000,0.0714,0.0000,1.0000,0.0000,19.0000,1.0000,4.6798,29.0000
1255,0,0.0000,0.0000,0.0000,0.0000,0.0000,0.0000,0.0000,0.0000
1256,2,0.0140,3.0000,0.1254,0.3064,1.0000,0.0000,22.0000,1.5000,1.6129,16.0000
1257,1,0.0046,3.0000,0.1000,0.0000,1.0000,0.0000,23.0000,1.0000,2.7957,31.0000
1258,5,0.0150,3.2000,0.1139,0.2116,1.0000,0.0000,21.0000,1.4000,0.7059,7.0000
1259,0,0.0000,0.0000,0.0000,0.0000,0.0000,0.0000,0.0000,0.0000
1260,7,0.0163,2.7143,0.1095,0.2480,1.1429,18.6814,16.0000,1.4286,0.5952,4.7143
1261,1,0.0099,3.0000,0.1232,0.3834,1.0000,0.0000,19.0000,1.0000,3.4483,30.0000
1262,3,0.0778,3.6667,0.1910,0.1872,1.0000,0.0000,18.0000,2.3333,1.9704,9.6667
1263,4,0.0875,3.7500,0.1846,0.2390,1.2500,10.0585,12.0000,3.0000,1.7857,7.2500
1264,1,0.0079,4.0000,0.1429,0.5236,1.0000,0.0000,18.0000,1.0000,4.1872,29.0000
1265,1,0.0222,3.0000,0.1916,0.1017,1.0000,0.0000,19.0000,1.0000,8.0460,30.0000
1266,1,0.0142,5.0000,0.1905,0.4050,1.0000,0.0000,21.0000,1.0000,4.2328,28.0000
1267,3,0.0495,4.0000,0.1939,0.2478,1.0000,0.0000,19.0000,2.6667,1.6801,10.6667
1268,1,0.0207,3.0000,0.1587,0.0973,2.0000,263.8393,14.0000,1.0000,9.0323,31.0000
1269,8,0.0529,2.2500,0.1177,0.0174,1.1250,39.1585,15.0000,1.7500,0.8759,4.1250
1270,1,0.0181,3.0000,0.1838,0.0939,1.0000,0.0000,21.0000,1.0000,7.1970,33.0000
1271,1,0.0159,4.0000,0.1488,0.0002,1.0000,0.0000,19.0000,2.0000,4.1872,29.0000
1272,0,0.0000,0.0000,0.0000,0.0000,0.0000,0.0000,0.0000,0.0000
1273,3,0.0370,3.3333,0.2159,0.3964,1.0000,0.0000,12.0000,1.0000,2.1053,6.6667
1274,1,0.0053,2.0000,0.1000,0.7071,1.0000,0.0000,19.0000,1.0000,1.4286,21.0000
1275,0,0.0000,0.0000,0.0000,0.0000,0.0000,0.0000,0.0000,0.0000
1276,3,0.0111,2.6667,0.1333,0.3767,1.0000,0.0000,14.0000,1.0000,1.4430,7.3333
1277,0,0.0000,0.0000,0.0000,0.0000,0.0000,0.0000,0.0000,0.0000
1278,1,0.0414,5.0000,0.2241,0.2012,1.0000,0.0000,17.0000,2.0000,7.0968,31.0000
1279,2,0.0069,3.0000,0.1083,0.1861,1.0000,0.0000,18.0000,1.0000,2.1505,15.5000
1280,1,0.0025,2.0000,0.0690,0.0000,1.0000,0.0000,24.0000,1.0000,1.8391,30.0000
1281,5,0.0405,3.0000,0.1473,0.2928,1.2000,79.7178,17.0000,1.6000,0.7937,5.6000
1282,0,0.0000,0.0000,0.0000,0.0000,0.0000,0.0000,0.0000,0.0000
1283,4,0.0430,3.0000,0.1326,0.3319,1.0000,0.0000,20.2500,2.2500,0.8005,7.2500
1284,0,0.0000,0.0000,0.0000,0.0000,0.0000,0.0000,0.0000,0.0000
1285,0,0.0000,0.0000,0.0000,0.0000,0.0000,0.0000,0.0000,0.0000
1286,0,0.0000,0.0000,0.0000,0.0000,0.0000,0.0000,0.0000,0.0000
1287,0,0.0000,0.0000,0.0000,0.0000,0.0000,0.0000,0.0000,0.0000
1288,3,0.0380,4.0000,0.1802,0.1916,1.0000,0.0000,21.0000,2.0000,1.5326,10.0000
1289,1,0.0081,4.0000,0.1250,0.0000,1.0000,0.0000,18.0000,2.0000,6.6288,33.0000
1290,3,0.0578,5.3333,0.2096,0.1325,1.0000,0.0000,21.0000,2.3333,2.3524,12.3333
1291,2,0.0028,2.5000,0.0758,0.3058,1.0000,0.0000,26.0000,1.0000,1.0695,17.0000
1292,0,0.0000,0.0000,0.0000,0.0000,0.0000,0.0000,0.0000,0.0000
1293,2,0.0379,4.0000,0.1738,0.3222,1.0000,0.0000,19.0000,2.5000,2.5806,15.5000
1294,0,0.0000,0.0000,0.0000,0.0000,0.0000,0.0000,0.0000,0.0000
1295,0,0.0000,0.0000,0.0000,0.0000,0.0000,0.0000,0.0000,0.0000
1296,3,0.0067,2.3333,0.1000,0.2039,1.0000,0.0000,18.0000,1.0000,1.0256,8.6667
1297,0,0.0000,0.0000,0.0000,0.0000,0.0000,0.0000,0.0000,0.0000
1298,5,0.0606,3.4000,0.1904,0.2271,1.0000,0.0000,14.0000,1.8000,1.2000,5.0000
1299,0,0.0000,0.0000,0.0000,0.0000,0.0000,0.0000,0.0000,0.0000
1300,6,0.0267,2.1667,0.1164,0.3368,1.0000,0.0000,17.1667,1.3333,0.5128,4.3333
1301,0,0.0000,0.0000,0.0000,0.0000,0.0000,0.0000,0.0000,0.0000
1302,0,0.0000,0.0000,0.0000,0.0000,0.0000,0.0000,0.0000,0.0000
1303,2,0.0369,4.0000,0.1698,0.4540,1.0000,0.0000,19.0000,2.0000,1.9540,15.0000
1304,3,0.0044,2.3333,0.0933,0.2039,1.3333,16.9414,17.0000,1.0000,1.1282,8.6667
1305,4,0.0619,3.5000,0.1578,0.3105,1.2500,157.3734,19.0000,2.5000,1.0920,7.5000
1306,2,0.0233,3.0000,0.1553,0.2707,1.0000,0.0000,16.0000,1.0000,2.4615,13.0000
1307,1,0.0080,4.0000,0.1333,0.5825,1.0000,0.0000,22.0000,1.0000,2.7957,31.0000
1308,3,0.0026,2.0000,0.0714,0.0000,1.3333,93.2224,20.0000,1.0000,0.9031,9.6667
1309,0,0.0000,0.0000,0.0000,0.0000,0.0000,0.0000,0.0000,0.0000
1310,0,0.0000,0.0000,0.0000,0.0000,0.0000,0.0000,0.0000,0.0000
1311,0,0.0000,0.0000,0.0000,0.0000,0.0000,0.0000,0.0000,0.0000
1312,1,0.0228,4.0000,0.1667,0.3777,1.0000,0.0000,21.0000,2.0000,3.4392,28.0000
1313,2,0.0043,2.5000,0.0926,0.0000,1.0000,0.0000,16.0000,1.0000,4.7619,14.0000
1314,0,0.0000,0.0000,0.0000,0.0000,0.0000,0.0000,0.0000,0.0000
1315,2,0.0100,2.5000,0.1086,0.4731,1.0000,0.0000,22.0000,1.5000,1.0582,14.0000
1316,0,0.0000,0.0000,0.0000,0.0000,0.0000,0.0000,0.0000,0.0000
1317,6,0.0258,3.1667,0.1189,0.2334,1.0000,0.0000,21.1667,1.6667,0.5882,5.8333
1318,1,0.0246,3.0000,0.1669,0.0810,1.0000,0.0000,14.0000,1.0000,7.8161,30.0000
1319,3,0.0155,3.3333,0.1239,0.1998,1.0000,0.0000,20.0000,2.0000,1.3258,11.0000
1320,1,0.0086,5.0000,0.1613,0.0000,1.0000,0.0000,18.0000,1.0000,5.6452,32.0000
1321,2,0.0143,3.5000,0.1355,0.2300,1.0000,0.0000,22.0000,1.5000,2.0168,17.5000
1322,0,0.0000,0.0000,0.0000,0.0000,0.0000,0.0000,0.0000,0.0000
1323,0,0.0000,0.0000,0.0000,0.0000,0.0000,0.0000,0.0000,0.0000
1324,1,0.0476,4.0000,0.1801,0.1638,1.0000,0.0000,17.0000,2.0000,6.6502,29.0000
1325,4,0.0357,2.7500,0.1270,0.0000,1.0000,0.0000,13.0000,2.0000,1.9540,7.5000
1326,0,0.0000,0.0000,0.0000,0.0000,0.0000,0.0000,0.0000,0.0000
1327,4,0.0063,2.7500,0.0978,0.2533,1.0000,0.0000,19.0000,1.0000,0.8602,7.7500
1328,4,0.0198,3.2500,0.1345,0.3009,1.2500,71.2106,16.2500,1.5000,1.2315,7.2500
1329,2,0.0108,2.5000,0.1128,0.4731,1.0000,0.0000,21.0000,1.5000,1.1396,13.5000
1330,0,0.0000,0.0000,0.0000,0.0000,0.0000,0.0000,0.0000,0.0000
1331,0,0.0000,0.0000,0.0000,0.0000,0.0000,0.0000,0.0000,0.0000
1332,4,0.0776,3.7500,0.1818,0.2900,1.0000,0.0000,17.0000,3.2500,1.3793,7.5000
1333,2,0.0060,3.0000,0.1000,0.0000,1.5000,144.6879,22.0000,1.0000,1.8939,16.5000
1334,2,0.0123,4.0000,0.1486,0.0000,1.0000,0.0000,16.0000,1.0000,2.9885,15.0000
1335,2,0.0046,2.0000,0.0750,0.0000,1.0000,0.0000,20.0000,1.0000,2.4731,15.5000
1336,0,0.0000,0.0000,0.0000,0.0000,0.0000,0.0000,0.0000,0.0000
1337,1,0.0023,2.0000,0.0667,0.7071,1.0000,0.0000,26.0000,1.0000,1.2903,31.0000
1338,3,0.0266,3.0000,0.1510,0.4613,1.0000,0.0000,17.0000,1.6667,1.3333,8.3333
1339,0,0.0000,0.0000,0.0000,0.0000,0.0000,0.0000,0.0000,0.0000
1340,2,0.0069,3.0000,0.1067,0.0000,1.0000,0.0000,18.0000,1.0000,3.6559,15.5000
1341,2,0.0322,2.5000,0.1756,0.0436,1.0000,0.0000,21.0000,1.5000,4.0107,17.0000
1342,2,0.0040,2.5000,0.0813,0.2374,1.5000,148.6008,22.0000,1.0000,1.3258,16.5000
1343,4,0.0156,2.2500,0.0992,0.1198,1.0000,0.0000,23.0000,1.5000,0.7056,8.0000
1344,1,0.0065,3.0000,0.1032,0.4747,1.0000,0.0000,21.0000,1.0000,3.2258,32.0000
1345,1,0.0025,2.0000,0.0690,0.0000,1.0000,0.0000,20.0000,1.0000,4.3678,30.0000
1346,5,0.0274,2.6000,0.1117,0.1957,1.2000,47.3220,21.0000,1.6000,0.6818,6.6000
1347,3,0.0194,2.6667,0.1234,0.2615,1.0000,0.0000,18.0000,1.6667,1.3136,9.6667
1348,3,0.0289,3.3333,0.1746,0.2545,1.0000,0.0000,17.0000,1.3333,1.7436,8.6667
1349,1,0.0031,2.0000,0.0769,0.0000,1.0000,0.0000,20.0000,1.0000,5.4131,27.0000
1350,1,0.0296,5.0000,0.1877,0.4985,1.0000,0.0000,20.0000,3.0000,3.9080,30.0000
1351,2,0.0026,2.0000,0.0714,0.0000,1.0000,0.0000,22.0000,1.0000,1.1084,14.5000
1352,1,0.0033,2.0000,0.0800,0.0000,2.0000,221.6185,19.0000,1.0000,4.3077,26.0000
1353,2,0.0276,3.0000,0.1682,0.0907,1.5000,478.4995,15.0000,1.0000,3.7634,15.5000
1354,2,0.0086,2.5000,0.1011,0.4731,1.0000,0.0000,23.0000,1.5000,1.0345,15.0000
1355,1,0.0036,2.0000,0.0833,0.0000,1.0000,0.0000,17.0000,1.0000,4.3333,25.0000
1356,0,0.0000,0.0000,0.0000,0.0000,0.0000,0.0000,0.0000,0.0000
1357,1,0.0615,4.0000,0.2225,0.3621,1.0000,0.0000,18.0000,3.0000,5.4131,27.0000
1358,1,0.0026,2.0000,0.0714,0.0000,1.0000,0.0000,17.0000,1.0000,6.4039,29.0000
1359,2,0.0333,4.0000,0.1791,0.2336,1.0000,0.0000,19.0000,2.5000,2.5287,15.0000
1360,3,0.0423,3.6667,0.1688,0.3955,1.0000,0.0000,18.0000,2.3333,1.4778,9.6667
1361,3,0.0219,3.6667,0.1537,0.2539,1.0000,0.0000,22.0000,1.3333,1.2097,10.6667
1362,3,0.0317,4.6667,0.1817,0.3521,1.0000,0.0000,20.0000,1.6667,1.4778,9.6667
1363,4,0.0655,3.7500,0.2240,0.4014,1.2500,34.1668,13.0000,1.5000,1.5152,5.5000
1364,1,0.0456,4.0000,0.1975,0.4033,1.0000,0.0000,18.0000,3.0000,5.0265,28.0000
1365,3,0.0229,3.3333,0.1318,0.2089,1.0000,0.0000,18.0000,2.6667,1.6129,10.6667
1366,0,0.0000,0.0000,0.0000,0.0000,0.0000,0.0000,0.0000,0.0000
1367,1,0.0025,2.0000,0.0690,0.0000,1.0000,0.0000,21.0000,1.0000,3.2184,30.0000
1368,1,0.0092,4.0000,0.1538,0.5236,1.0000,0.0000,21.0000,1.0000,2.8490,27.0000
1369,2,0.0086,2.5000,0.1011,0.4731,1.0000,0.0000,21.0000,1.5000,1.2644,15.0000
1370,2,0.0246,4.0000,0.1963,0.2526,1.0000,0.0000,19.0000,1.5000,2.8490,13.5000
1371,1,0.0057,3.0000,0.1111,0.0000,1.0000,0.0000,19.0000,1.0000,3.7037,28.0000
1372,1,0.0290,4.0000,0.1875,0.3777,1.0000,0.0000,19.0000,2.0000,4.0000,25.0000
1373,3,0.0161,3.0000,0.1326,0.2452,1.0000,0.0000,17.3333,1.0000,1.4109,9.3333
1374,2,0.0025,2.0000,0.0690,0.0000,1.0000,0.0000,22.0000,1.0000,1.2644,15.0000
1375,0,0.0000,0.0000,0.0000,0.0000,0.0000,0.0000,0.0000,0.0000
1376,6,0.0461,2.6667,0.1414,0.3072,1.0000,0.0000,13.1667,1.6667,0.8718,4.3333
1377,0,0.0000,0.0000,0.0000,0.0000,0.0000,0.0000,0.0000,0.0000
1378,0,0.0000,0.0000,0.0000,0.0000,0.0000,0.0000,0.0000,0.0000
1379,1,0.0022,2.0000,0.0645,0.0000,1.0000,0.0000,15.0000,1.0000,9.4758,32.0000
1380,4,0.0043,2.0000,0.0726,0.0000,1.0000,0.0000,22.0000,1.0000,0.6048,8.0000
1381,2,0.0328,4.5000,0.1775,0.2892,1.0000,0.0000,18.0000,2.0000,2.5132,14.0000
1382,3,0.0355,4.3333,0.1908,0.1795,1.0000,0.0000,20.0000,1.6667,1.8145,10.6667
1383,2,0.0100,2.5000,0.1086,0.0001,1.5000,183.0055,20.0000,1.5000,1.5873,14.0000
1384,1,0.0036,2.0000,0.0833,0.0000,1.0000,0.0000,19.0000,1.0000,3.3333,25.0000
1385,0,0.0000,0.0000,0.0000,0.0000,0.0000,0.0000,0.0000,0.0000
1386,1,0.0199,3.0000,0.1580,0.1485,1.0000,0.0000,19.0000,1.0000,5.0265,28.0000
1387,2,0.0060,3.0000,0.1016,0.1581,1.0000,0.0000,24.0000,1.0000,1.7045,16.5000
1388,1,0.0028,2.0000,0.0741,0.0000,1.0000,0.0000,22.0000,1.0000,2.1164,28.0000
1389,1,0.0171,3.0000,0.1650,0.1699,1.0000,0.0000,19.0000,1.0000,5.8201,28.0000
1390,1,0.0308,4.0000,0.1885,0.2814,1.0000,0.0000,20.0000,2.0000,4.2735,27.0000
1391,1,0.0033,2.0000,0.0800,0.0000,1.0000,0.0000,17.0000,1.0000,3.6923,26.0000
1392,1,0.0033,2.0000,0.0800,0.0000,1.0000,0.0000,20.0000,1.0000,3.3846,26.0000
1393,6,0.0185,2.5000,0.1115,0.2644,1.0000,0.0000,17.0000,1.5000,0.6568,4.8333
1394,2,0.0026,2.0000,0.0714,0.5000,1.5000,278.5831,23.0000,1.0000,0.8621,14.5000
1395,2,0.0179,3.0000,0.1388,0.3429,1.0000,0.0000,17.0000,1.5000,2.3399,14.5000
1396,0,0.0000,0.0000,0.0000,0.0000,0.0000,0.0000,0.0000,0.0000
1397,0,0.0000,0.0000,0.0000,0.0000,0.0000,0.0000,0.0000,0.0000
1398,4,0.0074,2.2500,0.0883,0.1529,1.0000,0.0000,21.0000,1.2500,0.6322,7.5000
1399,1,0.0271,6.0000,0.2613,0.2938,1.0000,0.0000,19.0000,1.0000,8.0460,30.0000
1400,1,0.0370,4.0000,0.2066,0.1358,1.0000,0.0000,17.0000,2.0000,7.6355,29.0000
1401,0,0.0000,0.0000,0.0000,0.0000,0.0000,0.0000,0.0000,0.0000
1402,4,0.0491,4.5000,0.2222,0.1552,1.0000,0.0000,15.0000,1.5000,2.5794,7.0000
1403,1,0.0099,3.0000,0.1232,0.0001,1.0000,0.0000,16.0000,1.0000,6.2069,30.0000
1404,5,0.0040,2.2000,0.0750,0.1223,1.0000,0.0000,23.0000,1.0000,0.4545,6.6000
1405,1,0.0106,4.0000,0.1488,0.4142,1.0000,0.0000,19.0000,1.0000,4.1872,29.0000
1406,0,0.0000,0.0000,0.0000,0.0000,0.0000,0.0000,0.0000,0.0000
1407,2,0.0135,3.5000,0.1334,0.5584,1.0000,0.0000,21.5000,1.0000,1.3793,15.0000
1408,3,0.0209,4.0000,0.1742,0.3423,1.0000,0.0000,20.0000,1.3333,1.3228,9.3333
1409,1,0.0062,3.0000,0.1154,0.6116,1.0000,0.0000,20.0000,1.0000,2.5641,27.0000
1410,0,0.0000,0.0000,0.0000,0.0000,0.0000,0.0000,0.0000,0.0000
1411,3,0.0231,2.3333,0.1326,0.3844,1.0000,0.0000,16.0000,1.6667,1.3175,7.6667
1412,2,0.0503,5.0000,0.2120,0.3059,1.0000,0.0000,16.0000,1.0000,3.2764,13.5000
1413,2,0.0544,4.5000,0.1854,0.1673,1.0000,0.0000,18.0000,2.0000,2.6515,16.5000
1414,4,0.0344,3.5000,0.1452,0.2693,1.0000,0.0000,21.0000,2.0000,0.8569,8.0000
1415,1,0.0246,6.0000,0.2396,0.2950,1.0000,0.0000,16.0000,1.0000,9.1168,27.0000
1416,1,0.0067,3.0000,0.1200,0.0000,1.0000,0.0000,16.0000,1.0000,5.5385,26.0000
1417,2,0.0093,2.5000,0.1048,0.0000,1.0000,0.0000,15.0000,1.5000,3.4483,14.5000
1418,2,0.0720,5.0000,0.2485,0.1244,1.0000,0.0000,17.0000,2.0000,4.4563,17.0000
1419,5,0.0333,4.2000,0.1467,0.2483,1.2000,55.0556,23.0000,2.4000,0.8535,7.6000
1420,1,0.0019,2.0000,0.0606,0.7071,1.0000,0.0000,28.0000,1.0000,1.2478,34.0000
1421,3,0.0632,3.0000,0.1984,0.1387,1.3333,83.0949,15.3333,1.6667,2.1739,8.0000
1422,2,0.0405,3.0000,0.1810,0.3928,1.0000,0.0000,15.0000,2.5000,2.3810,11.0000
1423,1,0.0031,2.0000,0.0769,0.7071,1.0000,0.0000,23.0000,1.0000,1.4245,27.0000
1424,1,0.0057,3.0000,0.1111,0.6116,1.0000,0.0000,20.0000,1.0000,2.6455,28.0000
1425,5,0.0481,3.8000,0.1607,0.1790,1.0000,0.0000,15.0000,2.4000,1.4778,5.8000
1426,0,0.0000,0.0000,0.0000,0.0000,0.0000,0.0000,0.0000,0.0000
1427,1,0.0106,4.0000,0.1488,0.4619,1.0000,0.0000,22.0000,1.0000,2.9557,29.0000
1428,1,0.0031,2.0000,0.0769,0.0000,1.0000,0.0000,21.0000,1.0000,3.1339,27.0000
1429,1,0.0074,4.0000,0.1379,0.5236,1.0000,0.0000,22.0000,1.0000,2.9885,30.0000
1430,6,0.0441,2.8333,0.1453,0.3140,1.0000,0.0000,19.0000,1.8333,0.5747,4.8333
1431,0,0.0000,0.0000,0.0000,0.0000,0.0000,0.0000,0.0000,0.0000
1432,5,0.0254,2.8000,0.1193,0.2612,1.0000,0.0000,19.0000,1.8000,0.7389,5.8000
1433,2,0.0372,3.0000,0.1967,0.1602,1.0000,0.0000,17.0000,1.5000,3.0769,13.0000
1434,2,0.0127,2.5000,0.1222,0.4731,1.5000,133.9976,20.0000,1.5000,1.3333,12.5000
1435,0,0.0000,0.0000,0.0000,0.0000,0.0000,0.0000,0.0000,0.0000
1436,3,0.0038,2.0000,0.0722,0.0000,1.0000,0.0000,23.0000,1.0000,0.7168,10.3333
1437,3,0.0429,3.0000,0.1472,0.1756,1.0000,0.0000,19.3333,2.0000,1.3620,10.3333
1438,2,0.0322,2.5000,0.1589,0.0512,1.5000,177.8623,20.0000,1.5000,3.2258,15.5000
1439,1,0.0053,3.0000,0.1071,0.0000,1.0000,0.0000,21.0000,1.0000,3.4483,29.0000
1440,2,0.0190,3.5000,0.1619,0.3205,1.0000,0.0000,20.0000,1.5000,1.8519,14.0000
