tempo,quantidadePAs,betweenness,degree,closeness,eigenvector,lifespan,mobility,fragmentationImpact,kConnectivity,density,number_of_cars
0,0,0.0000,0.0000,0.0000,0.0000,0.0000,0.0000,0.0000,0.0000
1,0,0.0000,0.0000,0.0000,0.0000,0.0000,0.0000,0.0000,0.0000
2,0,0.0000,0.0000,0.0000,0.0000,0.0000,0.0000,0.0000,0.0000
3,2,0.0178,3.0000,0.1722,0.0653,1.0000,0.0000,12.0000,1.0000,5.4348,12.0000
4,2,0.0085,3.0000,0.1185,0.0000,1.0000,0.0000,16.0000,1.0000,2.9101,14.0000
5,4,0.0789,2.7500,0.2074,0.3744,1.2500,35.7444,12.2500,2.0000,1.4474,5.0000
6,0,0.0000,0.0000,0.0000,0.0000,0.0000,0.0000,0.0000,0.0000
7,2,0.0152,2.5000,0.1333,0.4731,1.0000,0.0000,16.0000,1.5000,1.7787,11.5000
8,0,0.0000,0.0000,0.0000,0.0000,0.0000,0.0000,0.0000,0.0000
9,2,0.0152,2.5000,0.1333,0.0000,1.0000,0.0000,15.0000,1.5000,3.1621,11.5000
10,1,0.0221,3.0000,0.1882,0.4747,1.0000,0.0000,14.0000,1.0000,4.5752,18.0000
11,2,0.0368,3.0000,0.2145,0.3566,1.0000,0.0000,13.0000,1.5000,2.9412,9.0000
12,2,0.0117,2.0000,0.1184,0.0000,1.0000,0.0000,14.0000,1.0000,2.1053,10.0000
13,0,0.0000,0.0000,0.0000,0.0000,0.0000,0.0000,0.0000,0.0000
14,2,0.0036,2.0000,0.0833,0.5000,1.0000,0.0000,20.0000,1.0000,1.0000,12.5000
15,2,0.0138,3.5000,0.1417,0.2668,1.0000,0.0000,16.0000,1.5000,2.7066,13.5000
16,0,0.0000,0.0000,0.0000,0.0000,0.0000,0.0000,0.0000,0.0000
17,7,0.0221,2.4286,0.1154,0.0368,1.0000,0.0000,17.1429,1.4286,0.7776,4.5714
18,2,0.0128,3.5000,0.1323,0.2230,1.0000,0.0000,14.0000,1.5000,2.9101,14.0000
19,2,0.0067,2.0000,0.0900,0.0000,1.0000,0.0000,15.0000,1.0000,5.0769,13.0000
20,6,0.0272,2.5000,0.1363,0.1307,1.5000,238.3269,13.0000,1.5000,0.9444,4.1667
21,0,0.0000,0.0000,0.0000,0.0000,0.0000,0.0000,0.0000,0.0000
22,1,0.0190,3.0000,0.2000,0.6116,1.0000,0.0000,14.0000,1.0000,3.3333,16.0000
23,4,0.0131,2.0000,0.1100,0.0000,1.0000,0.0000,12.0000,1.2500,1.6234,5.5000
24,0,0.0000,0.0000,0.0000,0.0000,0.0000,0.0000,0.0000,0.0000
25,0,0.0000,0.0000,0.0000,0.0000,0.0000,0.0000,0.0000,0.0000
26,0,0.0000,0.0000,0.0000,0.0000,0.0000,0.0000,0.0000,0.0000
27,0,0.0000,0.0000,0.0000,0.0000,0.0000,0.0000,0.0000,0.0000
28,0,0.0000,0.0000,0.0000,0.0000,0.0000,0.0000,0.0000,0.0000
29,3,0.0175,2.3333,0.1325,0.2293,1.0000,0.0000,14.0000,1.3333,1.7316,7.3333
30,2,0.0040,2.0000,0.0870,0.0000,1.0000,0.0000,13.0000,1.0000,2.5362,12.0000
31,0,0.0000,0.0000,0.0000,0.0000,0.0000,0.0000,0.0000,0.0000
32,1,0.0133,4.0000,0.1667,0.4142,1.0000,0.0000,14.0000,1.0000,6.7692,26.0000
33,0,0.0000,0.0000,0.0000,0.0000,0.0000,0.0000,0.0000,0.0000
34,2,0.0028,2.5000,0.0758,0.0000,1.0000,0.0000,19.0000,1.0000,2.2282,17.0000
35,4,0.0451,4.0000,0.1562,0.1032,1.2500,52.6902,20.0000,2.2500,1.6003,9.5000
36,2,0.0173,3.0000,0.1086,0.0389,1.0000,0.0000,21.0000,1.5000,2.9872,19.0000
37,3,0.0075,4.3333,0.1249,0.1196,1.0000,0.0000,19.3333,1.0000,1.9440,12.6667
38,5,0.0352,3.6000,0.1845,0.1254,1.2000,77.4716,12.0000,1.8000,1.6931,5.6000
39,0,0.0000,0.0000,0.0000,0.0000,0.0000,0.0000,0.0000,0.0000
40,3,0.0148,2.6667,0.1103,0.2619,1.0000,0.0000,17.0000,2.0000,1.3793,10.0000
41,2,0.0053,3.5000,0.1050,0.2025,1.0000,0.0000,22.0000,1.0000,2.1008,17.5000
42,0,0.0000,0.0000,0.0000,0.0000,0.0000,0.0000,0.0000,0.0000
43,0,0.0000,0.0000,0.0000,0.0000,0.0000,0.0000,0.0000,0.0000
44,0,0.0000,0.0000,0.0000,0.0000,0.0000,0.0000,0.0000,0.0000
45,0,0.0000,0.0000,0.0000,0.0000,0.0000,0.0000,0.0000,0.0000
46,1,0.0079,3.0000,0.1304,0.6116,1.0000,0.0000,18.0000,1.0000,3.2609,24.0000
47,1,0.0048,2.0000,0.0952,0.0000,1.0000,0.0000,16.0000,1.0000,3.4632,22.0000
48,7,0.0156,2.7143,0.1104,0.0644,1.0000,0.0000,19.0000,1.5714,0.8117,4.7143
49,1,0.0025,2.0000,0.0690,0.0000,1.0000,0.0000,18.0000,1.0000,3.9080,30.0000
50,2,0.0040,2.0000,0.0870,0.0000,1.0000,0.0000,16.0000,1.0000,1.8116,12.0000
51,2,0.0236,3.5000,0.1821,0.2922,1.0000,0.0000,16.0000,1.5000,3.0000,12.5000
52,0,0.0000,0.0000,0.0000,0.0000,0.0000,0.0000,0.0000,0.0000
53,6,0.0113,2.0000,0.0904,0.0000,1.0000,0.0000,15.0000,1.3333,0.6648,4.5000
54,1,0.0085,4.0000,0.1481,0.0000,2.0000,483.0898,16.0000,1.0000,6.0847,28.0000
55,3,0.0422,5.3333,0.2626,0.2049,1.0000,0.0000,13.0000,1.3333,4.3077,8.6667
56,3,0.0155,3.0000,0.1262,0.0523,1.3333,48.4851,17.0000,1.6667,2.0202,11.0000
57,5,0.0112,2.2000,0.0900,0.1576,1.0000,0.0000,20.0000,1.4000,0.6452,6.4000
58,0,0.0000,0.0000,0.0000,0.0000,0.0000,0.0000,0.0000,0.0000
59,0,0.0000,0.0000,0.0000,0.0000,0.0000,0.0000,0.0000,0.0000
60,0,0.0000,0.0000,0.0000,0.0000,0.0000,0.0000,0.0000,0.0000
61,2,0.0134,3.0000,0.1218,0.2029,1.0000,0.0000,17.0000,1.0000,2.8571,18.0000
62,4,0.0264,3.5000,0.1406,0.0592,1.0000,0.0000,12.0000,2.2500,1.8280,7.7500
63,0,0.0000,0.0000,0.0000,0.0000,0.0000,0.0000,0.0000,0.0000
64,3,0.0023,2.0000,0.0667,0.0000,1.0000,0.0000,19.0000,1.0000,1.1470,10.3333
65,1,0.0031,2.0000,0.0769,0.0000,1.0000,0.0000,15.0000,1.0000,5.9829,27.0000
66,0,0.0000,0.0000,0.0000,0.0000,0.0000,0.0000,0.0000,0.0000
67,0,0.0000,0.0000,0.0000,0.0000,0.0000,0.0000,0.0000,0.0000
68,5,0.0208,3.6000,0.1360,0.1676,1.0000,0.0000,16.2000,2.0000,1.0606,6.6000
69,2,0.0047,3.0000,0.0909,0.0000,1.0000,0.0000,19.0000,1.5000,2.7629,17.0000
70,3,0.0427,2.6667,0.1710,0.0597,1.0000,0.0000,15.0000,1.6667,2.9885,10.0000
71,7,0.0347,3.4286,0.1583,0.0619,1.2857,147.6741,15.1429,1.4286,0.8353,4.5714
72,0,0.0000,0.0000,0.0000,0.0000,0.0000,0.0000,0.0000,0.0000
73,2,0.0054,3.0000,0.0995,0.2071,1.0000,0.0000,24.0000,1.0000,1.4113,16.0000
74,1,0.0036,2.0000,0.0833,0.0000,1.0000,0.0000,16.0000,1.0000,5.3333,25.0000
75,2,0.0222,5.5000,0.1931,0.2262,1.0000,0.0000,15.0000,2.0000,3.5632,15.0000
76,0,0.0000,0.0000,0.0000,0.0000,0.0000,0.0000,0.0000,0.0000
77,0,0.0000,0.0000,0.0000,0.0000,0.0000,0.0000,0.0000,0.0000
78,2,0.0292,3.0000,0.1919,0.3566,1.0000,0.0000,14.0000,1.5000,2.6316,10.0000
79,3,0.0115,3.0000,0.1424,0.0000,1.0000,0.0000,12.0000,1.0000,2.6350,7.6667
80,3,0.0646,4.0000,0.1959,0.2700,1.3333,143.5705,14.0000,2.6667,2.2928,9.3333
81,1,0.0040,2.0000,0.0870,0.0000,1.0000,0.0000,13.0000,1.0000,9.0580,24.0000
82,1,0.0152,4.0000,0.1818,0.5825,1.0000,0.0000,16.0000,1.0000,3.9526,23.0000
83,5,0.0713,2.4000,0.1842,0.2987,1.0000,0.0000,10.2000,1.6000,1.2632,4.0000
84,4,0.0952,2.2500,0.2085,0.2086,1.0000,0.0000,10.0000,1.7500,1.8750,4.0000
85,0,0.0000,0.0000,0.0000,0.0000,0.0000,0.0000,0.0000,0.0000
86,2,0.0131,2.0000,0.1250,0.0000,1.0000,0.0000,10.0000,1.0000,4.0936,9.5000
87,2,0.0405,3.0000,0.1810,0.3928,1.0000,0.0000,15.0000,2.5000,2.3810,11.0000
88,3,0.0375,2.6667,0.1537,0.4097,1.0000,0.0000,15.3333,2.0000,1.3175,7.6667
89,4,0.0136,2.2500,0.1129,0.0783,1.2500,108.2576,14.0000,1.2500,1.3333,6.2500
90,2,0.1895,6.0000,0.4218,0.2340,1.0000,0.0000,9.0000,4.5000,9.3567,9.5000
91,1,0.0048,2.0000,0.0952,0.0000,1.0000,0.0000,16.0000,1.0000,3.4632,22.0000
92,2,0.0036,2.0000,0.0833,0.0000,1.0000,0.0000,16.0000,1.0000,2.5000,12.5000
93,4,0.0536,3.7500,0.1754,0.0849,1.0000,0.0000,13.2500,2.0000,2.3399,7.2500
94,5,0.0144,3.0000,0.1136,0.1021,1.2000,83.0544,18.0000,1.8000,0.9982,6.8000
95,1,0.0026,2.0000,0.0714,0.0000,3.0000,206.3271,23.0000,1.0000,1.9704,29.0000
96,0,0.0000,0.0000,0.0000,0.0000,0.0000,0.0000,0.0000,0.0000
97,0,0.0000,0.0000,0.0000,0.0000,0.0000,0.0000,0.0000,0.0000
98,3,0.0266,3.3333,0.1596,0.3078,1.0000,0.0000,15.0000,1.3333,1.8889,8.3333
99,1,0.0093,4.0000,0.1429,0.5825,1.0000,0.0000,21.0000,1.0000,2.9557,29.0000
100,0,0.0000,0.0000,0.0000,0.0000,0.0000,0.0000,0.0000,0.0000
101,3,0.0111,2.0000,0.0965,0.0000,1.0000,0.0000,14.0000,1.3333,1.8462,8.6667
102,1,0.0267,6.0000,0.2400,0.4837,1.0000,0.0000,15.0000,2.0000,6.7692,26.0000
103,0,0.0000,0.0000,0.0000,0.0000,0.0000,0.0000,0.0000,0.0000
104,0,0.0000,0.0000,0.0000,0.0000,0.0000,0.0000,0.0000,0.0000
105,1,0.0040,3.0000,0.0938,0.6116,1.0000,0.0000,22.0000,1.0000,2.6515,33.0000
106,1,0.0018,2.0000,0.0588,0.0000,1.0000,0.0000,17.0000,1.0000,10.2521,35.0000
107,4,0.0192,3.5000,0.1250,0.0398,1.0000,0.0000,20.2500,1.5000,1.1859,10.0000
108,10,0.0089,2.8000,0.0923,0.0638,1.0000,0.0000,14.0000,1.6000,0.5397,3.6000
109,4,0.0281,4.0000,0.1409,0.0943,1.2500,113.1712,18.0000,2.2500,1.3866,8.7500
110,1,0.0106,5.0000,0.1786,0.4623,1.0000,0.0000,20.0000,1.0000,5.1724,29.0000
111,7,0.0303,2.8571,0.1319,0.0881,1.1429,58.4254,13.0000,1.8571,0.9195,4.2857
112,1,0.0067,3.0000,0.1200,0.0000,1.0000,0.0000,15.0000,1.0000,6.7692,26.0000
113,2,0.0028,2.0000,0.0741,0.0000,1.0000,0.0000,14.0000,1.0000,3.3069,14.0000
114,2,0.0350,3.5000,0.1646,0.2103,1.0000,0.0000,15.0000,2.5000,3.3846,13.0000
115,0,0.0000,0.0000,0.0000,0.0000,0.0000,0.0000,0.0000,0.0000
116,1,0.0296,6.0000,0.2112,0.0001,1.0000,0.0000,17.0000,3.0000,6.4368,30.0000
117,0,0.0000,0.0000,0.0000,0.0000,0.0000,0.0000,0.0000,0.0000
118,1,0.0154,3.0000,0.1538,0.2691,1.0000,0.0000,18.0000,1.0000,4.5584,27.0000
119,1,0.0087,3.0000,0.1364,0.6116,1.0000,0.0000,15.0000,1.0000,4.7431,23.0000
120,2,0.0167,3.5000,0.1500,0.1889,1.0000,0.0000,12.0000,1.5000,3.6923,13.0000
121,1,0.0215,6.0000,0.2462,0.2896,1.0000,0.0000,18.0000,1.0000,8.5470,27.0000
122,2,0.0877,4.5000,0.2512,0.2439,1.0000,0.0000,12.5000,2.5000,4.5584,13.5000
123,2,0.1040,7.0000,0.2784,0.1795,1.0000,0.0000,13.0000,3.5000,5.8201,14.0000
124,1,0.0085,4.0000,0.1481,0.0000,1.0000,0.0000,16.0000,1.0000,6.8783,28.0000
125,3,0.0066,2.3333,0.0904,0.0000,1.0000,0.0000,15.0000,1.3333,1.6092,10.0000
126,1,0.0026,2.0000,0.0714,0.0000,1.0000,0.0000,15.0000,1.0000,7.3892,29.0000
127,3,0.0138,3.3333,0.1305,0.2452,1.0000,0.0000,18.3333,1.0000,1.4337,10.3333
128,3,0.0242,5.3333,0.2145,0.2506,1.3333,71.7390,17.0000,1.3333,2.4691,9.0000
129,2,0.0198,3.5000,0.1470,0.0989,1.0000,0.0000,18.0000,1.5000,3.6946,14.5000
130,6,0.0276,2.5000,0.1128,0.0000,1.1667,70.7931,17.0000,1.6667,1.0732,5.5000
131,1,0.0033,2.0000,0.0800,0.0000,1.0000,0.0000,15.0000,1.0000,8.3077,26.0000
132,1,0.0043,2.0000,0.0909,0.0000,1.0000,0.0000,14.0000,1.0000,8.3004,23.0000
133,0,0.0000,0.0000,0.0000,0.0000,0.0000,0.0000,0.0000,0.0000
134,0,0.0000,0.0000,0.0000,0.0000,0.0000,0.0000,0.0000,0.0000
135,1,0.0842,5.0000,0.2909,0.4487,1.0000,0.0000,13.0000,4.0000,8.5714,21.0000
136,4,0.0100,3.2500,0.1300,0.1209,1.2500,100.2196,12.0000,1.2500,1.7692,6.5000
137,1,0.0145,5.0000,0.2083,0.4623,1.0000,0.0000,15.0000,1.0000,6.0000,25.0000
138,2,0.0584,4.5000,0.2573,0.2556,1.0000,0.0000,12.0000,2.5000,4.7431,11.5000
139,1,0.0058,2.0000,0.1053,0.7071,1.0000,0.0000,15.0000,1.0000,3.1579,20.0000
140,0,0.0000,0.0000,0.0000,0.0000,0.0000,0.0000,0.0000,0.0000
141,1,0.0423,8.0000,0.2857,0.5155,1.0000,0.0000,15.0000,4.0000,7.1429,29.0000
142,1,0.0106,4.0000,0.1429,0.0000,1.0000,0.0000,12.0000,2.0000,9.6059,29.0000
143,2,0.0380,3.0000,0.1880,0.0000,1.0000,0.0000,10.5000,1.5000,3.9474,10.0000
144,1,0.0110,2.0000,0.1429,0.7071,1.0000,0.0000,12.0000,1.0000,3.8095,15.0000
145,0,0.0000,0.0000,0.0000,0.0000,0.0000,0.0000,0.0000,0.0000
146,1,0.0429,4.0000,0.2143,0.5164,1.0000,0.0000,13.0000,3.0000,6.4935,22.0000
147,0,0.0000,0.0000,0.0000,0.0000,0.0000,0.0000,0.0000,0.0000
148,0,0.0000,0.0000,0.0000,0.0000,0.0000,0.0000,0.0000,0.0000
149,0,0.0000,0.0000,0.0000,0.0000,0.0000,0.0000,0.0000,0.0000
150,0,0.0000,0.0000,0.0000,0.0000,0.0000,0.0000,0.0000,0.0000
151,2,0.0026,2.0000,0.0562,0.0000,1.0000,0.0000,25.0000,1.0000,1.6463,20.5000
152,4,0.0166,3.2500,0.1219,0.2242,1.0000,0.0000,20.0000,1.7500,0.9470,8.2500
153,2,0.0100,3.0000,0.1280,0.0000,1.5000,215.5317,15.0000,1.0000,4.3077,13.0000
154,2,0.0419,3.5000,0.1639,0.2130,1.5000,316.7584,15.0000,2.0000,2.7218,16.0000
155,4,0.0225,3.2500,0.1518,0.1308,1.0000,0.0000,16.0000,1.5000,1.6667,7.7500
156,1,0.0031,2.0000,0.0769,0.0000,1.0000,0.0000,13.0000,1.0000,13.3903,27.0000
157,0,0.0000,0.0000,0.0000,0.0000,0.0000,0.0000,0.0000,0.0000
158,2,0.0072,2.0000,0.0938,0.6015,1.0000,0.0000,19.0000,1.0000,1.1667,12.5000
159,2,0.0093,2.5000,0.1048,0.0000,1.0000,0.0000,21.0000,1.5000,1.6010,14.5000
160,1,0.1579,4.0000,0.3789,0.0874,2.0000,449.7053,9.0000,3.0000,22.6316,20.0000
161,1,0.0145,4.0000,0.1736,0.0000,3.0000,138.0033,13.0000,1.0000,9.3333,25.0000
162,2,0.0043,2.0000,0.0909,0.0000,1.0000,0.0000,16.0000,1.0000,1.7787,11.5000
163,3,0.0144,2.6667,0.1219,0.3333,1.3333,135.9694,16.0000,1.6667,1.3333,8.6667
164,2,0.0091,3.5000,0.1458,0.2618,1.0000,0.0000,14.0000,1.0000,3.0000,12.5000
165,0,0.0000,0.0000,0.0000,0.0000,0.0000,0.0000,0.0000,0.0000
166,3,0.0290,3.0000,0.1252,0.0000,1.0000,0.0000,14.3333,2.0000,2.3767,11.3333
167,1,0.0200,4.0000,0.1960,0.2428,1.0000,0.0000,17.0000,1.0000,7.0769,26.0000
168,1,0.0246,5.0000,0.1877,0.3373,1.0000,0.0000,19.0000,2.0000,4.8276,30.0000
169,2,0.0114,5.0000,0.1515,0.2162,1.0000,0.0000,22.0000,1.5000,2.2282,17.0000
170,0,0.0000,0.0000,0.0000,0.0000,0.0000,0.0000,0.0000,0.0000
171,1,0.0171,7.0000,0.2593,0.3850,2.0000,563.4107,16.0000,1.0000,8.2011,28.0000
172,0,0.0000,0.0000,0.0000,0.0000,0.0000,0.0000,0.0000,0.0000
173,3,0.0122,3.0000,0.1243,0.0460,1.0000,0.0000,17.0000,1.3333,2.0161,10.6667
174,3,0.0038,2.0000,0.0722,0.0000,1.0000,0.0000,15.0000,1.0000,2.6523,10.3333
175,1,0.0022,2.0000,0.0645,0.0000,1.0000,0.0000,17.0000,1.0000,6.6532,32.0000
176,3,0.0513,4.0000,0.2023,0.1525,1.6667,420.6710,13.0000,2.0000,2.9982,9.3333
177,3,0.0105,2.3333,0.1140,0.3154,1.0000,0.0000,18.0000,1.3333,0.9662,8.0000
178,0,0.0000,0.0000,0.0000,0.0000,0.0000,0.0000,0.0000,0.0000
179,3,0.0250,2.6667,0.1366,0.1317,1.0000,0.0000,13.0000,1.6667,2.1739,8.0000
180,1,0.0036,2.0000,0.0833,0.0000,1.0000,0.0000,16.0000,1.0000,4.6667,25.0000
181,1,0.0033,2.0000,0.0800,0.0000,1.0000,0.0000,13.0000,1.0000,8.3077,26.0000
182,6,0.0216,3.1667,0.1388,0.1081,1.0000,0.0000,13.0000,1.6667,1.1084,4.8333
183,2,0.0222,7.5000,0.2488,0.1519,1.0000,0.0000,14.0000,1.5000,6.8182,16.5000
184,1,0.0181,4.0000,0.1406,0.0000,1.0000,0.0000,20.0000,3.0000,4.5455,33.0000
185,3,0.0244,2.3333,0.1209,0.0000,1.0000,0.0000,15.0000,1.6667,2.2177,10.6667
186,1,0.0033,2.0000,0.0800,0.0000,1.0000,0.0000,19.0000,1.0000,4.3077,26.0000
187,1,0.0053,3.0000,0.1071,0.0000,1.0000,0.0000,20.0000,1.0000,4.1872,29.0000
188,9,0.0362,3.1111,0.1276,0.1157,1.0000,0.0000,15.0000,1.7778,0.6140,3.7778
189,2,0.0084,3.0000,0.1042,0.0000,1.0000,0.0000,22.0000,1.5000,2.3016,18.0000
190,1,0.0020,2.0000,0.0625,0.0000,1.0000,0.0000,20.0000,1.0000,3.5985,33.0000
191,3,0.0103,2.0000,0.0928,0.0000,1.3333,131.3202,17.0000,1.3333,1.5195,9.0000
192,2,0.0562,4.0000,0.2137,0.3022,1.0000,0.0000,16.0000,3.0000,3.0000,12.5000
193,0,0.0000,0.0000,0.0000,0.0000,0.0000,0.0000,0.0000,0.0000
194,1,0.0048,2.0000,0.0952,0.0000,1.0000,0.0000,19.0000,1.0000,2.1645,22.0000
195,0,0.0000,0.0000,0.0000,0.0000,0.0000,0.0000,0.0000,0.0000
196,0,0.0000,0.0000,0.0000,0.0000,0.0000,0.0000,0.0000,0.0000
197,2,0.0066,4.5000,0.1364,0.2311,1.0000,0.0000,22.0000,1.0000,2.2282,17.0000
198,1,0.0043,3.0000,0.0968,0.0000,1.0000,0.0000,16.0000,1.0000,8.8710,32.0000
199,3,0.0107,4.0000,0.1328,0.1394,1.0000,0.0000,18.0000,1.6667,2.2579,11.3333
200,1,0.0031,2.0000,0.0769,0.0000,1.0000,0.0000,16.0000,1.0000,4.8433,27.0000
201,1,0.0031,2.0000,0.0769,0.0000,1.0000,0.0000,17.0000,1.0000,4.2735,27.0000
202,5,0.0420,2.6000,0.1429,0.1124,1.0000,0.0000,12.0000,1.8000,1.2923,5.2000
203,2,0.0111,2.5000,0.1121,0.0653,1.0000,0.0000,15.0000,1.0000,3.3333,15.0000
204,5,0.0370,2.6000,0.1265,0.0259,1.0000,0.0000,14.2000,1.4000,1.7814,7.8000
205,6,0.0133,2.0000,0.0703,0.0000,1.1667,80.8012,16.0000,1.6667,1.4620,6.5000
206,1,0.0025,2.0000,0.0690,0.0000,1.0000,0.0000,18.0000,1.0000,6.4368,30.0000
207,2,0.0087,2.0000,0.1023,0.0000,1.0000,0.0000,15.0000,1.0000,2.5692,11.5000
208,2,0.0115,4.0000,0.1524,0.1391,1.0000,0.0000,16.0000,1.0000,4.1935,15.5000
209,1,0.0429,3.0000,0.2165,0.0822,1.0000,0.0000,13.0000,1.0000,10.3896,22.0000
210,1,0.0028,2.0000,0.0741,0.0000,1.0000,0.0000,16.0000,1.0000,7.6720,28.0000
211,0,0.0000,0.0000,0.0000,0.0000,0.0000,0.0000,0.0000,0.0000
212,1,0.0158,4.0000,0.2000,0.5236,1.0000,0.0000,14.0000,1.0000,5.2381,21.0000
213,0,0.0000,0.0000,0.0000,0.0000,0.0000,0.0000,0.0000,0.0000
214,2,0.0043,2.0000,0.0726,0.0000,1.0000,0.0000,17.0000,1.0000,4.4355,16.0000
215,1,0.0399,5.0000,0.2308,0.2172,1.0000,0.0000,11.0000,2.0000,11.6402,28.0000
216,1,0.0217,5.0000,0.2083,0.5526,1.0000,0.0000,18.0000,2.0000,4.0000,25.0000
217,1,0.0025,2.0000,0.0690,0.0000,1.0000,0.0000,22.0000,1.0000,2.2989,30.0000
218,4,0.0346,2.7500,0.1486,0.2033,1.0000,0.0000,14.0000,2.0000,1.3587,6.0000
219,2,0.0888,5.5000,0.2877,0.2771,1.0000,0.0000,14.0000,4.5000,4.6667,12.5000
220,2,0.0028,2.0000,0.0741,0.0000,1.0000,0.0000,21.0000,1.0000,1.1905,14.0000
221,2,0.0419,2.5000,0.1752,0.0111,2.0000,270.5213,15.0000,1.5000,4.1379,15.0000
222,1,0.0615,8.0000,0.3462,0.2075,1.0000,0.0000,16.0000,2.0000,15.3846,27.0000
223,0,0.0000,0.0000,0.0000,0.0000,0.0000,0.0000,0.0000,0.0000
224,1,0.0048,2.0000,0.0952,0.0000,2.0000,215.9985,12.0000,1.0000,8.6580,22.0000
225,0,0.0000,0.0000,0.0000,0.0000,0.0000,0.0000,0.0000,0.0000
226,1,0.0053,2.0000,0.1000,0.0000,1.0000,0.0000,15.0000,1.0000,4.7619,21.0000
227,1,0.0023,2.0000,0.0667,0.0000,1.0000,0.0000,19.0000,1.0000,4.9462,31.0000
228,1,0.0036,3.0000,0.0882,0.0000,1.0000,0.0000,19.0000,1.0000,4.5378,35.0000
229,0,0.0000,0.0000,0.0000,0.0000,0.0000,0.0000,0.0000,0.0000
230,1,0.0215,3.0000,0.1626,0.0477,1.0000,0.0000,20.0000,1.0000,7.4597,32.0000
231,1,0.0605,5.0000,0.1857,0.2136,1.0000,0.0000,18.0000,4.0000,6.8254,36.0000
232,1,0.0114,3.0000,0.1323,0.0000,1.0000,0.0000,16.0000,1.0000,7.1429,28.0000
233,0,0.0000,0.0000,0.0000,0.0000,0.0000,0.0000,0.0000,0.0000
234,3,0.0051,2.0000,0.0833,0.0000,1.0000,0.0000,17.0000,1.0000,1.4245,9.0000
235,0,0.0000,0.0000,0.0000,0.0000,0.0000,0.0000,0.0000,0.0000
236,2,0.0237,3.5000,0.1717,0.1266,1.0000,0.0000,8.0000,1.5000,5.7971,12.0000
237,4,0.0057,2.5000,0.0906,0.0000,1.0000,0.0000,16.0000,1.2500,1.6667,7.7500
238,1,0.0060,4.0000,0.1250,0.0000,1.0000,0.0000,19.0000,1.0000,6.2500,33.0000
239,1,0.0132,6.0000,0.2143,0.4183,1.0000,0.0000,21.0000,1.0000,4.9261,29.0000
240,0,0.0000,0.0000,0.0000,0.0000,0.0000,0.0000,0.0000,0.0000
241,1,0.0026,2.0000,0.0714,0.0000,1.0000,0.0000,17.0000,1.0000,4.6798,29.0000
242,2,0.0086,3.5000,0.1207,0.2763,1.0000,0.0000,20.0000,1.5000,1.9540,15.0000
243,2,0.0290,4.0000,0.2127,0.2526,1.0000,0.0000,16.0000,1.5000,3.3333,12.5000
244,2,0.0190,4.0000,0.1984,0.5059,1.0000,0.0000,13.0000,1.0000,3.6797,11.0000
245,4,0.1062,3.7500,0.1987,0.1647,1.0000,0.0000,12.2500,2.2500,1.8519,6.7500
246,0,0.0000,0.0000,0.0000,0.0000,0.0000,0.0000,0.0000,0.0000
247,0,0.0000,0.0000,0.0000,0.0000,0.0000,0.0000,0.0000,0.0000
248,0,0.0000,0.0000,0.0000,0.0000,0.0000,0.0000,0.0000,0.0000
249,2,0.0057,2.5000,0.0929,0.0000,1.0000,0.0000,18.0000,1.0000,3.0108,15.5000
250,0,0.0000,0.0000,0.0000,0.0000,0.0000,0.0000,0.0000,0.0000
251,1,0.0302,3.0000,0.1860,0.0415,1.0000,0.0000,15.0000,1.0000,11.5530,33.0000
252,1,0.0016,2.0000,0.0556,0.0000,1.0000,0.0000,25.0000,1.0000,4.0541,37.0000
253,4,0.0028,2.0000,0.0644,0.0000,1.0000,0.0000,19.0000,1.0000,1.2478,8.5000
254,3,0.0103,2.6667,0.1162,0.1583,1.0000,0.0000,17.0000,1.3333,1.4245,9.0000
255,0,0.0000,0.0000,0.0000,0.0000,0.0000,0.0000,0.0000,0.0000
256,3,0.0079,2.3333,0.1087,0.2039,1.0000,0.0000,18.0000,1.0000,0.9662,8.0000
257,0,0.0000,0.0000,0.0000,0.0000,0.0000,0.0000,0.0000,0.0000
258,3,0.0326,4.0000,0.1784,0.2325,1.0000,0.0000,13.0000,1.6667,2.5556,8.3333
259,0,0.0000,0.0000,0.0000,0.0000,0.0000,0.0000,0.0000,0.0000
260,1,0.0040,2.0000,0.0870,0.7071,1.0000,0.0000,18.0000,1.0000,2.5362,24.0000
261,3,0.0596,4.3333,0.2627,0.1513,1.0000,0.0000,9.0000,2.0000,4.7619,7.0000
262,3,0.0103,2.0000,0.0928,0.0001,1.0000,0.0000,19.0000,1.3333,0.9497,9.0000
263,6,0.0134,2.8333,0.1174,0.2789,1.0000,0.0000,16.0000,1.1667,0.6810,5.1667
264,5,0.0057,2.8000,0.0871,0.2072,1.0000,0.0000,21.2000,1.2000,0.6032,7.2000
265,0,0.0000,0.0000,0.0000,0.0000,0.0000,0.0000,0.0000,0.0000
266,3,0.0193,2.3333,0.1215,0.0000,1.0000,0.0000,14.0000,1.6667,1.8889,8.3333
267,0,0.0000,0.0000,0.0000,0.0000,0.0000,0.0000,0.0000,0.0000
268,1,0.0092,3.0000,0.1190,0.3310,1.0000,0.0000,18.0000,1.0000,4.0860,31.0000
269,1,0.0020,2.0000,0.0625,0.0000,1.0000,0.0000,22.0000,1.0000,3.9773,33.0000
270,4,0.0121,3.7500,0.1309,0.0897,1.0000,0.0000,18.2500,1.2500,1.7519,8.2500
271,0,0.0000,0.0000,0.0000,0.0000,0.0000,0.0000,0.0000,0.0000
272,2,0.1632,4.5000,0.2678,0.1839,1.0000,0.0000,14.0000,4.5000,5.4839,15.5000
273,0,0.0000,0.0000,0.0000,0.0000,0.0000,0.0000,0.0000,0.0000
274,4,0.0414,3.0000,0.1385,0.0359,1.0000,0.0000,18.0000,1.7500,1.6387,8.7500
275,3,0.0131,3.3333,0.1427,0.0377,1.3333,145.3099,14.0000,1.3333,2.9885,10.0000
276,0,0.0000,0.0000,0.0000,0.0000,0.0000,0.0000,0.0000,0.0000
277,5,0.0198,3.4000,0.1352,0.1555,1.0000,0.0000,18.0000,1.4000,0.9462,6.2000
278,2,0.0198,3.0000,0.1585,0.0000,1.0000,0.0000,14.0000,1.5000,3.6232,12.0000
279,2,0.0817,5.5000,0.2762,0.2771,1.0000,0.0000,15.0000,4.5000,4.3077,13.0000
280,3,0.0023,2.0000,0.0667,0.0000,1.3333,158.3945,19.0000,1.0000,1.3620,10.3333
281,2,0.0084,4.0000,0.1143,0.0001,1.0000,0.0000,19.0000,1.0000,2.5397,18.0000
282,1,0.0020,2.0000,0.0625,0.0000,1.0000,0.0000,20.0000,1.0000,8.1439,33.0000
283,1,0.0099,3.0000,0.1232,0.3310,1.0000,0.0000,19.0000,1.0000,3.9080,30.0000
284,6,0.0056,2.3333,0.0783,0.0468,1.0000,0.0000,19.0000,1.1667,0.6614,6.0000
285,3,0.0423,3.0000,0.1482,0.0492,1.0000,0.0000,17.0000,2.3333,2.4955,11.3333
286,3,0.0115,2.6667,0.1089,0.0000,1.0000,0.0000,19.0000,1.3333,1.5326,10.0000
287,4,0.0067,2.5000,0.1000,0.1590,1.0000,0.0000,16.2500,1.0000,0.9231,6.5000
288,3,0.0097,2.6667,0.1106,0.2377,1.0000,0.0000,18.0000,1.3333,1.3136,9.6667
289,0,0.0000,0.0000,0.0000,0.0000,0.0000,0.0000,0.0000,0.0000
290,0,0.0000,0.0000,0.0000,0.0000,0.0000,0.0000,0.0000,0.0000
291,2,0.0062,2.0000,0.0865,0.0000,1.0000,0.0000,19.0000,1.0000,1.8519,13.5000
292,0,0.0000,0.0000,0.0000,0.0000,0.0000,0.0000,0.0000,0.0000
293,0,0.0000,0.0000,0.0000,0.0000,0.0000,0.0000,0.0000,0.0000
294,2,0.1005,6.5000,0.3048,0.1774,1.0000,0.0000,14.0000,4.5000,6.0345,14.5000
295,1,0.0043,2.0000,0.0909,0.0000,1.0000,0.0000,16.0000,1.0000,5.5336,23.0000
296,2,0.0031,2.0000,0.0769,0.0000,1.0000,0.0000,16.0000,1.0000,2.9915,13.5000
297,0,0.0000,0.0000,0.0000,0.0000,0.0000,0.0000,0.0000,0.0000
298,0,0.0000,0.0000,0.0000,0.0000,0.0000,0.0000,0.0000,0.0000
299,1,0.0123,4.0000,0.1603,0.4142,1.0000,0.0000,16.0000,1.0000,6.2678,27.0000
300,1,0.0117,3.0000,0.1579,0.0000,1.0000,0.0000,11.0000,1.0000,10.5263,20.0000
301,0,0.0000,0.0000,0.0000,0.0000,0.0000,0.0000,0.0000,0.0000
302,0,0.0000,0.0000,0.0000,0.0000,0.0000,0.0000,0.0000,0.0000
303,2,0.0327,3.0000,0.2025,0.3566,1.0000,0.0000,13.0000,1.5000,2.9240,9.5000
304,0,0.0000,0.0000,0.0000,0.0000,0.0000,0.0000,0.0000,0.0000
305,0,0.0000,0.0000,0.0000,0.0000,0.0000,0.0000,0.0000,0.0000
306,0,0.0000,0.0000,0.0000,0.0000,0.0000,0.0000,0.0000,0.0000
307,2,0.0062,3.0000,0.1154,0.0000,1.0000,0.0000,14.0000,1.0000,4.5584,13.5000
308,6,0.0209,3.1667,0.1326,0.2414,1.0000,0.0000,18.0000,1.3333,0.6720,5.3333
309,1,0.0181,6.0000,0.2500,0.4183,1.0000,0.0000,17.0000,1.0000,6.3333,25.0000
310,2,0.0257,3.0000,0.1500,0.2309,1.0000,0.0000,16.0000,2.0000,2.5362,12.0000
311,2,0.0238,3.0000,0.1736,0.3566,1.0000,0.0000,16.0000,1.5000,2.1645,11.0000
312,0,0.0000,0.0000,0.0000,0.0000,0.0000,0.0000,0.0000,0.0000
313,2,0.0072,2.0000,0.0938,0.0000,1.0000,0.0000,15.0000,1.0000,6.5000,12.5000
314,6,0.0235,2.5000,0.1243,0.0180,1.0000,0.0000,13.0000,1.8333,1.2942,5.5000
315,0,0.0000,0.0000,0.0000,0.0000,0.0000,0.0000,0.0000,0.0000
316,1,0.0173,5.0000,0.2273,0.4623,1.0000,0.0000,15.0000,1.0000,6.3241,23.0000
317,5,0.0304,2.8000,0.1724,0.2052,1.0000,0.0000,9.2000,1.2000,1.4737,4.0000
318,0,0.0000,0.0000,0.0000,0.0000,0.0000,0.0000,0.0000,0.0000
319,3,0.0164,2.3333,0.1122,0.3844,1.0000,0.0000,17.0000,1.6667,1.3295,9.0000
320,4,0.0523,3.0000,0.2231,0.0911,1.2500,31.5807,10.0000,1.5000,3.1339,6.7500
321,1,0.0023,2.0000,0.0667,0.0000,1.0000,0.0000,16.0000,1.0000,14.4086,31.0000
322,2,0.0300,4.5000,0.2116,0.3241,1.0000,0.0000,16.0000,1.5000,2.7692,13.0000
323,2,0.0530,3.5000,0.2025,0.4412,1.0000,0.0000,15.0000,2.5000,2.5692,11.5000
324,4,0.0252,3.2500,0.1105,0.0000,1.0000,0.0000,17.0000,2.0000,1.3492,9.0000
325,3,0.0041,2.6667,0.0920,0.0000,1.0000,0.0000,16.0000,1.0000,1.7625,10.0000
326,3,0.0043,2.6667,0.0778,0.0000,1.0000,0.0000,24.0000,1.3333,0.9897,13.0000
327,2,0.0016,2.0000,0.0556,0.0000,1.0000,0.0000,27.0000,1.0000,1.3514,18.5000
328,1,0.0023,2.0000,0.0667,0.7071,1.0000,0.0000,24.0000,1.0000,1.7204,31.0000
329,1,0.0079,3.0000,0.1304,0.6116,1.0000,0.0000,17.0000,1.0000,3.6232,24.0000
330,2,0.0087,2.0000,0.1023,0.6015,1.0000,0.0000,16.0000,1.0000,1.5810,11.5000
331,0,0.0000,0.0000,0.0000,0.0000,0.0000,0.0000,0.0000,0.0000
332,4,0.0148,3.0000,0.1200,0.2183,1.0000,0.0000,15.0000,1.2500,1.3218,7.5000
333,1,0.0684,8.0000,0.3086,0.3649,1.0000,0.0000,16.0000,4.0000,9.2593,28.0000
334,3,0.0092,3.0000,0.1236,0.1254,1.0000,0.0000,16.0000,1.0000,2.0893,9.0000
335,1,0.0062,3.0000,0.1154,0.0000,1.0000,0.0000,18.0000,1.0000,4.5584,27.0000
336,2,0.0117,3.0000,0.1579,0.2618,1.0000,0.0000,12.0000,1.0000,3.1579,10.0000
337,2,0.0138,5.5000,0.2115,0.1686,1.0000,0.0000,12.0000,1.0000,6.5527,13.5000
338,1,0.0033,2.0000,0.0800,0.0000,2.0000,530.4844,15.0000,1.0000,5.8462,26.0000
339,0,0.0000,0.0000,0.0000,0.0000,0.0000,0.0000,0.0000,0.0000
340,1,0.0190,4.0000,0.1905,0.0000,1.0000,0.0000,12.0000,2.0000,8.2251,22.0000
341,3,0.0095,2.3333,0.1190,0.2039,1.0000,0.0000,14.0000,1.0000,1.5873,7.3333
342,0,0.0000,0.0000,0.0000,0.0000,0.0000,0.0000,0.0000,0.0000
343,0,0.0000,0.0000,0.0000,0.0000,0.0000,0.0000,0.0000,0.0000
344,1,0.0117,3.0000,0.1579,0.6116,1.0000,0.0000,15.0000,1.0000,4.2105,20.0000
345,1,0.0130,4.0000,0.1818,0.5236,1.0000,0.0000,16.0000,1.0000,5.5336,23.0000
346,4,0.0125,3.0000,0.1324,0.1046,1.0000,0.0000,15.0000,1.2500,1.6923,6.5000
347,4,0.0543,3.2500,0.1956,0.1641,1.0000,0.0000,12.0000,1.5000,2.2645,6.0000
348,1,0.0031,2.0000,0.0769,0.7071,1.0000,0.0000,20.0000,1.0000,2.2792,27.0000
349,2,0.0074,3.0000,0.1103,0.0000,1.0000,0.0000,22.0000,1.0000,1.6092,15.0000
350,0,0.0000,0.0000,0.0000,0.0000,0.0000,0.0000,0.0000,0.0000
351,2,0.0066,3.0000,0.1107,0.0000,1.5000,414.5284,15.0000,1.0000,3.3251,14.5000
352,1,0.0190,4.0000,0.1905,0.6154,1.0000,0.0000,16.0000,2.0000,3.8961,22.0000
353,1,0.0048,2.0000,0.0952,0.0000,1.0000,0.0000,15.0000,1.0000,5.1948,22.0000
354,2,0.0062,2.0000,0.0865,0.0001,1.0000,0.0000,18.0000,1.0000,1.7094,13.5000
355,3,0.0754,3.6667,0.2294,0.3214,1.6667,314.3875,11.0000,2.3333,2.5397,7.0000
356,1,0.0212,3.0000,0.1929,0.1121,3.0000,186.1444,17.0000,1.0000,8.1281,29.0000
357,1,0.0798,8.0000,0.3201,0.3355,1.0000,0.0000,17.0000,3.0000,9.2593,28.0000
358,2,0.0077,3.5000,0.1346,0.2311,1.0000,0.0000,17.0000,1.0000,2.8490,13.5000
359,0,0.0000,0.0000,0.0000,0.0000,0.0000,0.0000,0.0000,0.0000
360,1,0.0145,3.0000,0.1488,0.0000,1.0000,0.0000,16.0000,1.0000,6.6667,25.0000
361,1,0.0159,5.0000,0.1944,0.3022,1.0000,0.0000,17.0000,1.0000,7.1429,29.0000
362,2,0.0167,2.5000,0.1397,0.0000,1.0000,0.0000,10.0000,1.5000,6.2771,11.0000
363,2,0.0942,5.0000,0.2836,0.1805,1.0000,0.0000,10.0000,3.5000,6.8333,12.5000
364,0,0.0000,0.0000,0.0000,0.0000,0.0000,0.0000,0.0000,0.0000
365,3,0.0036,2.0000,0.0833,0.0000,1.3333,90.7149,15.0000,1.0000,2.1111,8.3333
366,0,0.0000,0.0000,0.0000,0.0000,0.0000,0.0000,0.0000,0.0000
367,0,0.0000,0.0000,0.0000,0.0000,0.0000,0.0000,0.0000,0.0000
368,0,0.0000,0.0000,0.0000,0.0000,0.0000,0.0000,0.0000,0.0000
369,1,0.0128,2.0000,0.1538,0.7071,1.0000,0.0000,12.0000,1.0000,3.2967,14.0000
370,1,0.0074,2.0000,0.1176,0.7071,1.0000,0.0000,14.0000,1.0000,3.2680,18.0000
371,0,0.0000,0.0000,0.0000,0.0000,0.0000,0.0000,0.0000,0.0000
372,2,0.0192,4.0000,0.1500,0.0000,1.0000,0.0000,13.0000,1.5000,4.8295,16.5000
373,1,0.0053,3.0000,0.1071,0.0000,1.0000,0.0000,14.0000,1.0000,13.0542,29.0000
374,6,0.0128,2.3333,0.0988,0.0448,1.0000,0.0000,13.0000,1.3333,1.0673,4.8333
375,4,0.0595,2.7500,0.1652,0.3069,1.2500,28.7128,15.0000,2.0000,1.1905,5.5000
376,3,0.0036,2.0000,0.0833,0.0000,1.0000,0.0000,15.0000,1.0000,2.1111,8.3333
377,2,0.0105,2.0000,0.1125,0.0000,1.0000,0.0000,16.0000,1.0000,1.6667,10.5000
378,0,0.0000,0.0000,0.0000,0.0000,0.0000,0.0000,0.0000,0.0000
379,3,0.0036,2.0000,0.0699,0.0000,1.0000,0.0000,16.0000,1.0000,3.6290,10.6667
380,3,0.0254,2.6667,0.1198,0.0000,1.3333,258.1594,18.3333,1.6667,2.2523,12.3333
381,2,0.0025,2.0000,0.0690,0.0000,1.0000,0.0000,21.0000,1.0000,1.3793,15.0000
382,3,0.0229,2.3333,0.1376,0.0387,1.3333,122.4842,16.0000,1.3333,2.3810,9.6667
383,3,0.0688,4.0000,0.1953,0.2901,1.0000,0.0000,14.0000,2.3333,2.0525,9.6667
384,1,0.0644,10.0000,0.3361,0.3759,1.0000,0.0000,15.0000,4.0000,9.8925,31.0000
385,2,0.0107,3.0000,0.1050,0.0000,1.0000,0.0000,17.0000,2.0000,4.1176,17.5000
386,4,0.0648,3.0000,0.1769,0.0903,1.2500,112.0114,15.0000,2.0000,1.6010,7.2500
387,0,0.0000,0.0000,0.0000,0.0000,0.0000,0.0000,0.0000,0.0000
388,1,0.0043,2.0000,0.0909,0.0000,1.0000,0.0000,16.0000,1.0000,4.7431,23.0000
389,3,0.0273,3.3333,0.1644,0.2262,1.0000,0.0000,15.0000,1.3333,2.0525,9.6667
390,0,0.0000,0.0000,0.0000,0.0000,0.0000,0.0000,0.0000,0.0000
391,1,0.0026,2.0000,0.0714,0.0000,1.0000,0.0000,19.0000,1.0000,4.1872,29.0000
392,0,0.0000,0.0000,0.0000,0.0000,0.0000,0.0000,0.0000,0.0000
393,0,0.0000,0.0000,0.0000,0.0000,0.0000,0.0000,0.0000,0.0000
394,1,0.0048,2.0000,0.0952,0.0000,1.0000,0.0000,14.0000,1.0000,4.3290,22.0000
395,2,0.0058,2.0000,0.1053,0.5000,1.0000,0.0000,14.0000,1.0000,1.8421,10.0000
396,3,0.0097,2.6667,0.1204,0.1540,1.0000,0.0000,16.0000,1.0000,1.6667,8.3333
397,1,0.0062,3.0000,0.1154,0.0000,1.0000,0.0000,16.0000,1.0000,7.1225,27.0000
398,1,0.0023,2.0000,0.0667,0.0000,1.0000,0.0000,17.0000,1.0000,5.3763,31.0000
399,0,0.0000,0.0000,0.0000,0.0000,0.0000,0.0000,0.0000,0.0000
400,0,0.0000,0.0000,0.0000,0.0000,0.0000,0.0000,0.0000,0.0000
401,2,0.0114,3.5000,0.1426,0.1883,1.0000,0.0000,17.0000,1.0000,2.7778,14.0000
402,2,0.0108,2.5000,0.1128,0.0000,1.0000,0.0000,17.0000,1.5000,2.7066,13.5000
403,1,0.0026,2.0000,0.0714,0.0000,1.0000,0.0000,19.0000,1.0000,4.1872,29.0000
404,0,0.0000,0.0000,0.0000,0.0000,0.0000,0.0000,0.0000,0.0000
405,2,0.0148,3.0000,0.1232,0.5000,1.0000,0.0000,20.0000,2.0000,1.4943,15.0000
406,2,0.0225,3.5000,0.1518,0.3803,1.0000,0.0000,16.0000,2.5000,2.8325,14.5000
407,1,0.0190,5.0000,0.2381,0.4623,2.0000,429.2778,14.0000,1.0000,6.4935,22.0000
408,0,0.0000,0.0000,0.0000,0.0000,0.0000,0.0000,0.0000,0.0000
409,0,0.0000,0.0000,0.0000,0.0000,0.0000,0.0000,0.0000,0.0000
410,0,0.0000,0.0000,0.0000,0.0000,0.0000,0.0000,0.0000,0.0000
411,3,0.0076,2.3333,0.0971,0.0000,1.0000,0.0000,16.0000,1.3333,1.8519,9.3333
412,0,0.0000,0.0000,0.0000,0.0000,0.0000,0.0000,0.0000,0.0000
413,3,0.0113,3.0000,0.1286,0.1381,1.0000,0.0000,16.0000,1.3333,1.8044,9.0000
414,2,0.0147,2.0000,0.1324,0.6015,1.5000,173.5010,14.0000,1.0000,1.6340,9.0000
415,2,0.0117,2.0000,0.1184,0.0000,1.0000,0.0000,15.0000,1.0000,2.3684,10.0000
416,1,0.0100,4.0000,0.1600,0.5236,1.0000,0.0000,18.0000,1.0000,3.6923,26.0000
417,0,0.0000,0.0000,0.0000,0.0000,0.0000,0.0000,0.0000,0.0000
418,0,0.0000,0.0000,0.0000,0.0000,0.0000,0.0000,0.0000,0.0000
419,2,0.0133,4.0000,0.1633,0.2071,1.0000,0.0000,14.0000,1.5000,3.2308,13.0000
420,0,0.0000,0.0000,0.0000,0.0000,0.0000,0.0000,0.0000,0.0000
421,2,0.0043,2.0000,0.0909,0.5000,1.0000,0.0000,19.0000,1.0000,0.9881,11.5000
422,1,0.0036,2.0000,0.0833,0.7071,1.0000,0.0000,20.0000,1.0000,2.0000,25.0000
423,1,0.0474,5.0000,0.2571,0.5424,1.0000,0.0000,14.0000,3.0000,6.1905,21.0000
424,1,0.0083,2.0000,0.1250,0.0000,1.0000,0.0000,12.0000,1.0000,8.8235,17.0000
425,0,0.0000,0.0000,0.0000,0.0000,0.0000,0.0000,0.0000,0.0000
426,1,0.0131,3.0000,0.1667,0.0000,1.0000,0.0000,11.0000,1.0000,8.1871,19.0000
427,0,0.0000,0.0000,0.0000,0.0000,0.0000,0.0000,0.0000,0.0000
428,2,0.0199,6.0000,0.2239,0.1824,1.0000,0.0000,13.0000,1.0000,5.2910,14.0000
429,0,0.0000,0.0000,0.0000,0.0000,0.0000,0.0000,0.0000,0.0000
430,2,0.0072,2.0000,0.0938,0.0000,1.0000,0.0000,17.0000,1.0000,2.5000,12.5000
431,1,0.0181,4.0000,0.1875,0.3448,1.0000,0.0000,18.0000,1.0000,5.0000,25.0000
432,2,0.0229,2.5000,0.1630,0.4731,1.0000,0.0000,13.0000,1.5000,2.6316,9.5000
433,0,0.0000,0.0000,0.0000,0.0000,0.0000,0.0000,0.0000,0.0000
434,0,0.0000,0.0000,0.0000,0.0000,0.0000,0.0000,0.0000,0.0000
435,0,0.0000,0.0000,0.0000,0.0000,0.0000,0.0000,0.0000,0.0000
436,0,0.0000,0.0000,0.0000,0.0000,0.0000,0.0000,0.0000,0.0000
437,2,0.0033,2.0000,0.0800,0.0000,1.0000,0.0000,13.0000,1.0000,3.2308,13.0000
438,2,0.0100,2.5000,0.1086,0.0000,1.0000,0.0000,15.0000,1.5000,3.0423,14.0000
439,2,0.0260,3.0000,0.1657,0.4744,1.0000,0.0000,17.5000,1.0000,1.5810,11.5000
440,0,0.0000,0.0000,0.0000,0.0000,0.0000,0.0000,0.0000,0.0000
441,4,0.0145,2.0000,0.1155,0.0000,1.0000,0.0000,13.0000,1.2500,1.1905,5.2500
442,0,0.0000,0.0000,0.0000,0.0000,0.0000,0.0000,0.0000,0.0000
443,4,0.0100,2.7500,0.1133,0.2590,1.0000,0.0000,18.0000,1.2500,0.8598,7.0000
444,3,0.0077,3.3333,0.1111,0.1612,1.0000,0.0000,17.0000,1.3333,2.0072,10.3333
445,0,0.0000,0.0000,0.0000,0.0000,0.0000,0.0000,0.0000,0.0000
446,6,0.0887,3.3333,0.1615,0.0145,1.0000,0.0000,10.0000,2.0000,1.6414,5.5000
447,2,0.0414,3.5000,0.1596,0.0759,1.0000,0.0000,18.0000,3.0000,4.0860,15.5000
448,1,0.0022,2.0000,0.0645,0.0000,1.0000,0.0000,17.0000,1.0000,12.2984,32.0000
449,4,0.0214,3.7500,0.1406,0.1278,1.2500,161.8182,18.0000,2.5000,1.4640,9.2500
450,1,0.0036,3.0000,0.0882,0.0000,1.0000,0.0000,23.0000,1.0000,5.8824,35.0000
451,0,0.0000,0.0000,0.0000,0.0000,0.0000,0.0000,0.0000,0.0000
452,2,0.0280,4.5000,0.1873,0.2060,1.0000,0.0000,14.0000,1.0000,3.8462,13.0000
453,2,0.0394,4.0000,0.1896,0.1812,1.0000,0.0000,15.0000,2.5000,3.7931,15.0000
454,1,0.0185,7.0000,0.2540,0.3410,1.0000,0.0000,14.0000,1.0000,9.6059,29.0000
455,0,0.0000,0.0000,0.0000,0.0000,0.0000,0.0000,0.0000,0.0000
456,0,0.0000,0.0000,0.0000,0.0000,0.0000,0.0000,0.0000,0.0000
457,1,0.0217,5.0000,0.2083,0.5526,1.0000,0.0000,18.0000,2.0000,4.0000,25.0000
458,0,0.0000,0.0000,0.0000,0.0000,0.0000,0.0000,0.0000,0.0000
459,2,0.0425,3.5000,0.2429,0.2922,1.0000,0.0000,12.0000,1.5000,4.0936,9.5000
460,0,0.0000,0.0000,0.0000,0.0000,0.0000,0.0000,0.0000,0.0000
461,2,0.0132,2.5000,0.1393,0.1917,1.0000,0.0000,12.0000,1.0000,3.3333,10.5000
462,2,0.0033,2.0000,0.0800,0.0000,1.0000,0.0000,20.0000,1.0000,1.5385,13.0000
463,0,0.0000,0.0000,0.0000,0.0000,0.0000,0.0000,0.0000,0.0000
464,1,0.0017,2.0000,0.0571,0.0000,1.0000,0.0000,16.0000,1.0000,8.5714,36.0000
465,1,0.0181,10.0000,0.3125,0.3192,1.0000,0.0000,19.0000,1.0000,11.1742,33.0000
466,3,0.0051,2.0000,0.0833,0.0000,1.0000,0.0000,14.0000,1.0000,4.7483,9.0000
467,5,0.0158,3.0000,0.1182,0.1105,1.0000,0.0000,17.0000,2.0000,0.9195,6.0000
468,0,0.0000,0.0000,0.0000,0.0000,0.0000,0.0000,0.0000,0.0000
469,2,0.0202,6.5000,0.2321,0.2162,1.0000,0.0000,16.0000,1.5000,4.1872,14.5000
470,0,0.0000,0.0000,0.0000,0.0000,0.0000,0.0000,0.0000,0.0000
471,2,0.0117,2.0000,0.1184,0.6015,1.0000,0.0000,16.0000,1.0000,1.3158,10.0000
472,4,0.0355,2.5000,0.1556,0.0000,1.0000,0.0000,11.0000,1.5000,1.9048,5.2500
473,2,0.0169,5.0000,0.1951,0.1881,1.5000,177.4880,14.0000,1.5000,3.8462,13.5000
474,0,0.0000,0.0000,0.0000,0.0000,0.0000,0.0000,0.0000,0.0000
475,2,0.0119,3.0000,0.1391,0.0000,1.0000,0.0000,16.0000,1.0000,2.8986,12.0000
476,0,0.0000,0.0000,0.0000,0.0000,0.0000,0.0000,0.0000,0.0000
477,3,0.0105,2.3333,0.1250,0.2039,1.0000,0.0000,15.0000,1.0000,1.2698,7.0000
478,1,0.0117,3.0000,0.1579,0.6116,1.0000,0.0000,14.0000,1.0000,4.7368,20.0000
479,2,0.0160,3.5000,0.1507,0.0000,1.5000,268.1875,13.0000,1.5000,4.9425,15.0000
480,4,0.0156,3.5000,0.1249,0.0133,1.0000,0.0000,16.0000,1.2500,2.1429,8.7500
481,1,0.0022,2.0000,0.0645,0.0000,1.0000,0.0000,18.0000,1.0000,6.4516,32.0000
482,5,0.0433,3.6000,0.1582,0.1374,1.0000,0.0000,11.0000,1.8000,1.7931,6.0000
483,1,0.0023,2.0000,0.0667,0.0000,1.0000,0.0000,18.0000,1.0000,5.8065,31.0000
484,7,0.0148,3.1429,0.1144,0.0452,1.1429,58.4545,16.1429,1.4286,0.8128,5.4286
485,4,0.0225,3.0000,0.1331,0.0686,1.7500,130.9913,13.0000,2.0000,1.8473,7.2500
486,2,0.0043,2.0000,0.0726,0.0000,1.0000,0.0000,21.0000,1.0000,1.6129,16.0000
487,1,0.0194,9.0000,0.2933,0.2952,1.0000,0.0000,21.0000,1.0000,9.4758,32.0000
488,1,0.0269,5.0000,0.2031,0.1505,1.0000,0.0000,15.0000,1.0000,9.2803,33.0000
489,0,0.0000,0.0000,0.0000,0.0000,0.0000,0.0000,0.0000,0.0000
490,0,0.0000,0.0000,0.0000,0.0000,0.0000,0.0000,0.0000,0.0000
491,5,0.0111,3.0000,0.1081,0.1373,1.0000,0.0000,18.0000,1.2000,0.9412,7.0000
492,0,0.0000,0.0000,0.0000,0.0000,0.0000,0.0000,0.0000,0.0000
493,4,0.0200,3.0000,0.1437,0.1902,1.0000,0.0000,15.0000,2.0000,1.3077,6.5000
494,0,0.0000,0.0000,0.0000,0.0000,0.0000,0.0000,0.0000,0.0000
495,0,0.0000,0.0000,0.0000,0.0000,0.0000,0.0000,0.0000,0.0000
496,3,0.0119,2.6667,0.1285,0.0000,1.0000,0.0000,18.0000,1.3333,1.0870,8.0000
497,1,0.0145,3.0000,0.1488,0.3310,2.0000,478.5575,18.0000,1.0000,4.3333,25.0000
498,0,0.0000,0.0000,0.0000,0.0000,0.0000,0.0000,0.0000,0.0000
499,0,0.0000,0.0000,0.0000,0.0000,0.0000,0.0000,0.0000,0.0000
500,1,0.0276,5.0000,0.1815,0.4985,1.0000,0.0000,20.0000,3.0000,4.0860,31.0000
501,0,0.0000,0.0000,0.0000,0.0000,0.0000,0.0000,0.0000,0.0000
502,2,0.0150,3.0000,0.1300,0.1889,1.0000,0.0000,15.0000,1.5000,2.7692,13.0000
503,0,0.0000,0.0000,0.0000,0.0000,0.0000,0.0000,0.0000,0.0000
504,1,0.0036,2.0000,0.0833,0.0000,1.0000,0.0000,17.0000,1.0000,6.3333,25.0000
505,3,0.0109,3.3333,0.1458,0.1394,1.0000,0.0000,15.0000,1.0000,2.3333,8.3333
506,0,0.0000,0.0000,0.0000,0.0000,0.0000,0.0000,0.0000,0.0000
507,1,0.0058,2.0000,0.1053,0.0000,1.0000,0.0000,13.0000,1.0000,5.2632,20.0000
508,1,0.0036,2.0000,0.0833,0.0000,1.0000,0.0000,19.0000,1.0000,2.6667,25.0000
509,4,0.0345,2.2500,0.1465,0.1478,1.0000,0.0000,13.0000,1.5000,1.4069,5.5000
510,0,0.0000,0.0000,0.0000,0.0000,0.0000,0.0000,0.0000,0.0000
511,3,0.0508,2.3333,0.1944,0.3844,1.0000,0.0000,11.0000,1.6667,1.9444,5.3333
512,1,0.0048,2.0000,0.0952,0.0000,2.0000,185.5779,16.0000,1.0000,3.4632,22.0000
513,1,0.0036,2.0000,0.0833,0.0000,1.0000,0.0000,15.0000,1.0000,6.0000,25.0000
514,3,0.0067,2.3333,0.1000,0.0000,1.0000,0.0000,13.0000,1.0000,3.5897,8.6667
515,4,0.0617,3.0000,0.1595,0.1555,1.0000,0.0000,15.0000,2.2500,1.4615,6.5000
516,3,0.0082,2.0000,0.0832,0.0000,1.0000,0.0000,20.0000,1.3333,1.6092,10.0000
517,2,0.0075,4.5000,0.1452,0.2311,1.0000,0.0000,19.0000,1.0000,2.4194,16.0000
518,3,0.0077,2.0000,0.0804,0.0000,1.0000,0.0000,17.0000,1.3333,1.5771,10.3333
519,1,0.1140,5.0000,0.2318,0.3516,1.0000,0.0000,15.0000,4.0000,7.9365,28.0000
520,3,0.0275,2.3333,0.1586,0.0321,1.0000,0.0000,14.0000,1.3333,3.8801,9.3333
521,3,0.0057,3.0000,0.1111,0.1745,1.3333,162.6433,17.0000,1.0000,1.4109,9.3333
522,2,0.0079,2.0000,0.0978,0.0000,1.0000,0.0000,15.0000,1.0000,2.8986,12.0000
523,3,0.0338,3.0000,0.1673,0.2056,1.0000,0.0000,17.0000,1.6667,1.6667,8.3333
524,2,0.0344,3.5000,0.2358,0.1662,1.5000,51.9489,14.0000,1.0000,3.9855,12.0000
525,0,0.0000,0.0000,0.0000,0.0000,0.0000,0.0000,0.0000,0.0000
526,1,0.0105,3.0000,0.1500,0.6116,1.0000,0.0000,18.0000,1.0000,2.3810,21.0000
527,0,0.0000,0.0000,0.0000,0.0000,0.0000,0.0000,0.0000,0.0000
528,1,0.0171,7.0000,0.2593,0.3850,1.0000,0.0000,18.0000,1.0000,6.8783,28.0000
529,3,0.0148,3.0000,0.1207,0.0000,1.0000,0.0000,16.0000,2.0000,2.0690,10.0000
530,2,0.0373,4.5000,0.1957,0.3362,1.0000,0.0000,19.0000,2.0000,2.3185,16.0000
531,1,0.0025,2.0000,0.0690,0.0000,1.0000,0.0000,21.0000,1.0000,3.9080,30.0000
532,1,0.0053,2.0000,0.1000,0.0000,1.0000,0.0000,12.0000,1.0000,10.0000,21.0000
533,1,0.0043,2.0000,0.0909,0.0000,1.0000,0.0000,19.0000,1.0000,2.3715,23.0000
534,1,0.0036,2.0000,0.0833,0.0000,1.0000,0.0000,19.0000,1.0000,4.3333,25.0000
535,1,0.0031,2.0000,0.0769,0.0000,1.0000,0.0000,20.0000,1.0000,2.5641,27.0000
536,3,0.0048,2.3333,0.0972,0.0000,1.0000,0.0000,13.0000,1.0000,2.0000,8.3333
537,1,0.0145,5.0000,0.2083,0.4623,2.0000,437.3155,17.0000,1.0000,5.3333,25.0000
538,1,0.0026,2.0000,0.0714,0.0000,1.0000,0.0000,21.0000,1.0000,3.6946,29.0000
539,1,0.0106,3.0000,0.1276,0.0000,1.0000,0.0000,16.0000,1.0000,5.6650,29.0000
540,4,0.0223,2.5000,0.1260,0.1433,1.0000,0.0000,14.0000,1.5000,1.5670,6.7500
541,0,0.0000,0.0000,0.0000,0.0000,0.0000,0.0000,0.0000,0.0000
542,0,0.0000,0.0000,0.0000,0.0000,0.0000,0.0000,0.0000,0.0000
543,3,0.0111,2.0000,0.0965,0.0000,1.0000,0.0000,16.0000,1.3333,1.7436,8.6667
544,4,0.0349,3.5000,0.1688,0.0856,1.0000,0.0000,16.0000,1.5000,2.3690,8.0000
545,3,0.0229,3.0000,0.1241,0.0000,1.6667,301.4964,13.0000,1.6667,3.2841,9.6667
546,1,0.0076,4.0000,0.1212,0.0000,1.0000,0.0000,20.0000,2.0000,4.8128,34.0000
547,1,0.0062,3.0000,0.1154,0.6116,1.0000,0.0000,17.0000,1.0000,3.9886,27.0000
548,1,0.0026,2.0000,0.0714,0.0000,1.0000,0.0000,16.0000,1.0000,7.8818,29.0000
549,0,0.0000,0.0000,0.0000,0.0000,0.0000,0.0000,0.0000,0.0000
550,2,0.0117,2.5000,0.1173,0.4731,1.0000,0.0000,18.0000,1.5000,1.6923,13.0000
551,3,0.0066,2.6667,0.1037,0.3767,1.0000,0.0000,18.0000,1.0000,1.0582,9.3333
552,2,0.0048,2.0000,0.0952,0.0000,1.0000,0.0000,15.0000,1.0000,1.9481,11.0000
553,0,0.0000,0.0000,0.0000,0.0000,0.0000,0.0000,0.0000,0.0000
554,4,0.0168,2.2500,0.1168,0.0000,1.0000,0.0000,12.0000,1.5000,2.0833,6.0000
555,1,0.0346,3.0000,0.2301,0.1394,1.0000,0.0000,15.0000,1.0000,9.4862,23.0000
556,0,0.0000,0.0000,0.0000,0.0000,0.0000,0.0000,0.0000,0.0000
557,1,0.0048,2.0000,0.0952,0.0000,1.0000,0.0000,17.0000,1.0000,3.0303,22.0000
558,5,0.0095,2.8000,0.1140,0.0828,1.0000,0.0000,15.0000,1.2000,1.1330,5.8000
559,3,0.0061,2.6667,0.0963,0.1540,1.0000,0.0000,18.0000,1.0000,1.4337,10.3333
560,3,0.0028,2.0000,0.0741,0.4082,1.3333,211.8489,19.0000,1.0000,0.8818,9.3333
561,1,0.0246,4.0000,0.1731,0.3777,1.0000,0.0000,16.0000,2.0000,4.8433,27.0000
562,1,0.0060,4.0000,0.1250,0.5236,1.0000,0.0000,17.0000,1.0000,4.9242,33.0000
563,2,0.0091,3.5000,0.1458,0.2618,1.0000,0.0000,13.0000,1.0000,3.3333,12.5000
564,2,0.0750,5.5000,0.2788,0.2293,1.0000,0.0000,16.0000,3.5000,4.4615,13.0000
565,0,0.0000,0.0000,0.0000,0.0000,0.0000,0.0000,0.0000,0.0000
566,1,0.0167,3.0000,0.1600,0.0000,1.0000,0.0000,14.0000,1.0000,9.2308,26.0000
567,2,0.0057,3.0000,0.1111,0.0000,1.0000,0.0000,11.0000,1.0000,6.4815,14.0000
568,0,0.0000,0.0000,0.0000,0.0000,0.0000,0.0000,0.0000,0.0000
569,2,0.0036,2.0000,0.0833,0.0000,1.0000,0.0000,15.0000,1.0000,3.0000,12.5000
570,0,0.0000,0.0000,0.0000,0.0000,0.0000,0.0000,0.0000,0.0000
571,1,0.0119,4.0000,0.1739,0.5236,1.0000,0.0000,17.0000,1.0000,3.9855,24.0000
572,0,0.0000,0.0000,0.0000,0.0000,0.0000,0.0000,0.0000,0.0000
573,0,0.0000,0.0000,0.0000,0.0000,0.0000,0.0000,0.0000,0.0000
574,0,0.0000,0.0000,0.0000,0.0000,0.0000,0.0000,0.0000,0.0000
575,5,0.0111,2.2000,0.1008,0.2307,1.0000,0.0000,17.2000,1.2000,0.6268,5.4000
576,0,0.0000,0.0000,0.0000,0.0000,0.0000,0.0000,0.0000,0.0000
577,0,0.0000,0.0000,0.0000,0.0000,0.0000,0.0000,0.0000,0.0000
578,0,0.0000,0.0000,0.0000,0.0000,0.0000,0.0000,0.0000,0.0000
579,0,0.0000,0.0000,0.0000,0.0000,0.0000,0.0000,0.0000,0.0000
580,4,0.0242,2.7500,0.1405,0.1542,1.0000,0.0000,16.0000,1.5000,1.3846,6.5000
581,2,0.0198,4.0000,0.1739,0.4034,1.0000,0.0000,16.0000,1.0000,2.7174,12.0000
582,2,0.0119,3.0000,0.1391,0.0000,1.0000,0.0000,15.0000,1.0000,2.7174,12.0000
583,1,0.0023,2.0000,0.0667,0.0000,1.0000,0.0000,17.0000,1.0000,9.8925,31.0000
584,1,0.0407,8.0000,0.3457,0.3766,1.0000,0.0000,15.0000,1.0000,10.4615,26.0000
585,0,0.0000,0.0000,0.0000,0.0000,0.0000,0.0000,0.0000,0.0000
586,1,0.0067,3.0000,0.1200,0.0000,1.0000,0.0000,14.0000,1.0000,9.5385,26.0000
587,2,0.0435,3.0000,0.1788,0.2359,1.0000,0.0000,14.0000,2.5000,3.4420,12.0000
588,0,0.0000,0.0000,0.0000,0.0000,0.0000,0.0000,0.0000,0.0000
589,4,0.0203,3.0000,0.1203,0.0000,1.0000,0.0000,21.0000,1.7500,1.1345,8.7500
590,3,0.0056,2.0000,0.0867,0.4010,1.0000,0.0000,20.0000,1.0000,0.7179,8.6667
591,1,0.0043,2.0000,0.0909,0.0000,1.0000,0.0000,16.0000,1.0000,5.5336,23.0000
592,1,0.0286,4.0000,0.2333,0.2428,1.0000,0.0000,10.0000,1.0000,12.5541,22.0000
593,1,0.0053,2.0000,0.1000,0.0000,1.0000,0.0000,15.0000,1.0000,5.7143,21.0000
594,0,0.0000,0.0000,0.0000,0.0000,0.0000,0.0000,0.0000,0.0000
595,3,0.0089,2.3333,0.1049,0.0000,1.0000,0.0000,17.0000,1.3333,1.4359,8.6667
596,0,0.0000,0.0000,0.0000,0.0000,0.0000,0.0000,0.0000,0.0000
597,0,0.0000,0.0000,0.0000,0.0000,0.0000,0.0000,0.0000,0.0000
598,3,0.0057,2.6667,0.0966,0.0001,1.0000,0.0000,18.0000,1.0000,1.2261,10.0000
599,2,0.0100,3.0000,0.1280,0.0000,1.0000,0.0000,17.0000,1.0000,2.9231,13.0000
600,1,0.0062,3.0000,0.1154,0.0000,1.0000,0.0000,19.0000,1.0000,4.2735,27.0000
601,4,0.0040,2.5000,0.0755,0.0000,1.0000,0.0000,21.0000,1.2500,1.0886,9.2500
602,3,0.0644,4.3333,0.1786,0.0941,1.0000,0.0000,13.0000,2.6667,3.3333,12.0000
603,0,0.0000,0.0000,0.0000,0.0000,0.0000,0.0000,0.0000,0.0000
604,1,0.0079,3.0000,0.1304,0.6116,1.0000,0.0000,17.0000,1.0000,3.6232,24.0000
605,0,0.0000,0.0000,0.0000,0.0000,0.0000,0.0000,0.0000,0.0000
606,3,0.0105,2.3333,0.1140,0.3154,1.0000,0.0000,16.0000,1.3333,1.2077,8.0000
607,2,0.0095,3.0000,0.1429,0.2618,1.5000,203.4903,16.0000,1.0000,2.1645,11.0000
608,3,0.0127,2.3333,0.1249,0.3154,1.0000,0.0000,12.0000,1.3333,1.8759,7.3333
609,1,0.0181,3.0000,0.1667,0.2316,2.0000,447.9811,15.0000,1.0000,6.3333,25.0000
610,1,0.0237,4.0000,0.1937,0.0000,1.0000,0.0000,14.0000,1.0000,8.6957,24.0000
611,3,0.0032,2.0000,0.0657,0.0000,1.3333,101.8067,24.0000,1.0000,0.7130,11.3333
612,0,0.0000,0.0000,0.0000,0.0000,0.0000,0.0000,0.0000,0.0000
613,2,0.0034,2.0000,0.0643,0.0000,1.0000,0.0000,17.0000,1.0000,3.7302,18.0000
614,1,0.0135,4.0000,0.1502,0.1655,1.0000,0.0000,17.0000,1.0000,7.1124,38.0000
615,2,0.0027,2.5000,0.0735,0.0000,1.0000,0.0000,16.0000,1.0000,3.6134,17.5000
616,1,0.0115,5.0000,0.1667,0.5290,1.0000,0.0000,21.0000,1.0000,3.2258,31.0000
617,3,0.0122,2.3333,0.1113,0.2293,1.0000,0.0000,16.0000,1.3333,1.3333,8.6667
618,4,0.0136,3.7500,0.1367,0.2266,1.0000,0.0000,20.0000,1.7500,1.0417,8.2500
619,0,0.0000,0.0000,0.0000,0.0000,0.0000,0.0000,0.0000,0.0000
620,7,0.0115,3.4286,0.1181,0.1467,1.1429,67.2806,20.0000,1.4286,0.6002,5.0000
621,1,0.0028,2.0000,0.0741,0.0000,1.0000,0.0000,18.0000,1.0000,4.7619,28.0000
622,2,0.0034,2.5000,0.0833,0.0000,1.0000,0.0000,19.0000,1.0000,1.8280,15.5000
623,2,0.0079,2.5000,0.1071,0.0000,1.0000,0.0000,17.0000,1.0000,3.5714,14.5000
624,1,0.0017,2.0000,0.0571,0.0000,1.0000,0.0000,22.0000,1.0000,4.9206,36.0000
625,2,0.0056,2.5000,0.0815,0.0000,1.0000,0.0000,24.0000,1.5000,1.5766,18.5000
626,2,0.0074,3.0000,0.1103,0.5651,1.0000,0.0000,21.0000,1.0000,1.3793,15.0000
627,3,0.0089,2.3333,0.1049,0.3154,1.3333,194.8691,16.0000,1.3333,1.3333,8.6667
628,1,0.0114,5.0000,0.1515,0.5526,1.0000,0.0000,25.0000,2.0000,2.4955,34.0000
629,2,0.0026,2.0000,0.0714,0.0000,1.0000,0.0000,14.0000,1.0000,4.1872,14.5000
630,4,0.0100,2.5000,0.1081,0.0000,1.0000,0.0000,14.0000,1.2500,1.7806,6.7500
631,1,0.0026,2.0000,0.0714,0.0000,1.0000,0.0000,20.0000,1.0000,3.9409,29.0000
632,3,0.0062,2.6667,0.1012,0.1745,1.3333,214.7616,15.0000,1.0000,1.8062,9.6667
633,0,0.0000,0.0000,0.0000,0.0000,0.0000,0.0000,0.0000,0.0000
634,0,0.0000,0.0000,0.0000,0.0000,0.0000,0.0000,0.0000,0.0000
635,3,0.0088,3.3333,0.1210,0.1778,1.0000,0.0000,18.0000,1.3333,1.3957,9.6667
636,2,0.0040,2.5000,0.0893,0.0000,1.0000,0.0000,15.0000,1.0000,4.3103,14.5000
637,3,0.0029,2.3333,0.0753,0.2039,1.0000,0.0000,23.0000,1.0000,0.7392,10.6667
638,1,0.0053,2.0000,0.1000,0.0000,1.0000,0.0000,16.0000,1.0000,3.8095,21.0000
639,3,0.0479,3.0000,0.2013,0.4613,1.0000,0.0000,12.0000,1.6667,1.9493,6.3333
640,0,0.0000,0.0000,0.0000,0.0000,0.0000,0.0000,0.0000,0.0000
641,3,0.0175,2.0000,0.1206,0.5258,1.0000,0.0000,17.0000,1.3333,0.7937,7.0000
642,0,0.0000,0.0000,0.0000,0.0000,0.0000,0.0000,0.0000,0.0000
643,0,0.0000,0.0000,0.0000,0.0000,0.0000,0.0000,0.0000,0.0000
644,3,0.0159,2.0000,0.1149,0.0000,1.0000,0.0000,14.0000,1.3333,1.7316,7.3333
645,0,0.0000,0.0000,0.0000,0.0000,0.0000,0.0000,0.0000,0.0000
646,1,0.0043,2.0000,0.0909,0.0000,1.0000,0.0000,16.0000,1.0000,5.5336,23.0000
647,1,0.0031,2.0000,0.0769,0.0000,1.0000,0.0000,19.0000,1.0000,4.2735,27.0000
648,0,0.0000,0.0000,0.0000,0.0000,0.0000,0.0000,0.0000,0.0000
649,1,0.0138,7.0000,0.2333,0.3850,1.0000,0.0000,17.0000,1.0000,7.3118,31.0000
650,3,0.0097,2.3333,0.1093,0.3154,1.0000,0.0000,16.0000,1.3333,1.3333,8.3333
651,0,0.0000,0.0000,0.0000,0.0000,0.0000,0.0000,0.0000,0.0000
652,0,0.0000,0.0000,0.0000,0.0000,0.0000,0.0000,0.0000,0.0000
653,4,0.0325,3.2500,0.1122,0.0000,1.0000,0.0000,13.0000,2.7500,2.8529,9.2500
654,1,0.0568,8.0000,0.2619,0.3982,1.0000,0.0000,17.0000,5.0000,8.9127,34.0000
655,0,0.0000,0.0000,0.0000,0.0000,0.0000,0.0000,0.0000,0.0000
656,0,0.0000,0.0000,0.0000,0.0000,0.0000,0.0000,0.0000,0.0000
657,1,0.0133,4.0000,0.1600,0.0000,1.0000,0.0000,16.0000,2.0000,7.0769,26.0000
658,3,0.0153,4.0000,0.1540,0.0828,1.0000,0.0000,16.0000,1.0000,2.4866,10.6667
659,2,0.0361,3.0000,0.1223,0.0344,1.0000,0.0000,13.0000,1.5000,3.5038,16.5000
660,1,0.0053,3.0000,0.0941,0.0001,1.0000,0.0000,21.0000,1.0000,3.8655,35.0000
661,1,0.0132,6.0000,0.2143,0.0000,1.0000,0.0000,13.0000,1.0000,10.5911,29.0000
662,0,0.0000,0.0000,0.0000,0.0000,0.0000,0.0000,0.0000,0.0000
663,3,0.0047,2.0000,0.0802,0.0000,1.0000,0.0000,17.0000,1.0000,1.5873,9.3333
664,2,0.0151,4.0000,0.1475,0.4101,1.0000,0.0000,21.0000,1.5000,1.8145,16.0000
665,5,0.0106,2.6000,0.0963,0.2001,1.4000,217.9236,19.0000,1.8000,0.7130,6.8000
666,6,0.0131,2.3333,0.1012,0.1307,1.1667,73.8626,20.0000,1.5000,0.5364,5.0000
667,4,0.0585,2.5000,0.1761,0.2027,1.2500,92.9699,12.0000,1.7500,1.5789,5.0000
668,0,0.0000,0.0000,0.0000,0.0000,0.0000,0.0000,0.0000,0.0000
669,0,0.0000,0.0000,0.0000,0.0000,0.0000,0.0000,0.0000,0.0000
670,2,0.0054,2.5000,0.1042,0.0000,1.0000,0.0000,15.0000,1.0000,2.8333,12.5000
671,2,0.0049,3.0000,0.1034,0.0000,1.0000,0.0000,18.0000,1.0000,2.0690,15.0000
672,4,0.0165,3.2500,0.1055,0.0000,1.0000,0.0000,19.0000,1.7500,1.3141,10.0000
673,1,0.0019,2.0000,0.0606,0.0000,1.0000,0.0000,20.0000,1.0000,4.9911,34.0000
674,0,0.0000,0.0000,0.0000,0.0000,0.0000,0.0000,0.0000,0.0000
675,0,0.0000,0.0000,0.0000,0.0000,0.0000,0.0000,0.0000,0.0000
676,1,0.0065,2.0000,0.1111,0.0000,1.0000,0.0000,10.0000,1.0000,10.5263,19.0000
677,1,0.0043,2.0000,0.0909,0.0000,1.0000,0.0000,13.0000,1.0000,6.3241,23.0000
678,3,0.0079,2.0000,0.1032,0.4010,1.0000,0.0000,17.0000,1.0000,0.8658,7.3333
679,5,0.0333,2.2000,0.1171,0.2749,1.0000,0.0000,14.0000,1.8000,0.9231,5.2000
680,5,0.0411,4.8000,0.2306,0.1531,1.2000,82.1009,8.2000,1.2000,2.5362,4.8000
681,2,0.0714,6.0000,0.2618,0.2340,1.0000,0.0000,17.0000,4.5000,4.0230,15.0000
682,3,0.0072,2.3333,0.0987,0.1582,1.0000,0.0000,15.0000,1.0000,1.7094,9.0000
683,5,0.0206,2.6000,0.1345,0.1518,1.0000,0.0000,12.0000,1.4000,1.2319,4.8000
684,2,0.0077,3.0000,0.1192,0.2374,1.0000,0.0000,16.0000,1.0000,2.2792,13.5000
685,0,0.0000,0.0000,0.0000,0.0000,0.0000,0.0000,0.0000,0.0000
686,2,0.0291,5.0000,0.2149,0.2715,1.0000,0.0000,17.0000,1.5000,3.0788,14.5000
687,1,0.0019,2.0000,0.0606,0.0000,1.0000,0.0000,17.0000,1.0000,8.7344,34.0000
688,5,0.0043,3.6000,0.0950,0.0698,1.0000,0.0000,19.0000,1.0000,1.0513,8.0000
689,4,0.0113,2.7500,0.1008,0.1434,1.2500,58.8558,20.0000,1.0000,0.8824,8.7500
690,3,0.0081,2.6667,0.0938,0.1259,1.3333,174.0681,20.0000,1.3333,1.3889,11.0000
691,2,0.0333,3.0000,0.1425,0.0000,1.0000,0.0000,19.0000,3.0000,2.5202,16.0000
692,6,0.0378,2.8333,0.1682,0.0839,1.0000,0.0000,13.0000,1.5000,1.3027,5.0000
693,1,0.0095,3.0000,0.1429,0.0000,1.0000,0.0000,15.0000,1.0000,5.1948,22.0000
694,3,0.0444,3.0000,0.2387,0.1948,1.0000,0.0000,9.0000,1.3333,3.8889,5.3333
695,0,0.0000,0.0000,0.0000,0.0000,0.0000,0.0000,0.0000,0.0000
696,4,0.0312,3.2500,0.1377,0.1653,1.2500,143.0576,19.0000,2.0000,1.1837,8.2500
697,0,0.0000,0.0000,0.0000,0.0000,0.0000,0.0000,0.0000,0.0000
698,0,0.0000,0.0000,0.0000,0.0000,0.0000,0.0000,0.0000,0.0000
699,0,0.0000,0.0000,0.0000,0.0000,0.0000,0.0000,0.0000,0.0000
700,1,0.0053,2.0000,0.1000,0.0000,1.0000,0.0000,15.0000,1.0000,6.1905,21.0000
701,5,0.0111,2.4000,0.1098,0.1073,1.0000,0.0000,11.0000,1.2000,1.4815,5.4000
702,2,0.0114,4.0000,0.1543,0.0000,1.0000,0.0000,16.0000,1.0000,5.8201,14.0000
703,1,0.0028,2.0000,0.0741,0.0000,2.0000,717.4784,20.0000,1.0000,3.1746,28.0000
704,4,0.0395,3.2500,0.1661,0.2331,1.2500,74.4186,12.0000,1.5000,1.6798,5.7500
705,0,0.0000,0.0000,0.0000,0.0000,0.0000,0.0000,0.0000,0.0000
706,1,0.0040,2.0000,0.0870,0.0000,1.0000,0.0000,16.0000,1.0000,4.3478,24.0000
707,2,0.0117,3.0000,0.1579,0.0000,1.5000,261.5519,11.0000,1.0000,4.7368,10.0000
708,1,0.0791,6.0000,0.2935,0.4064,1.0000,0.0000,12.0000,4.0000,9.4203,24.0000
709,0,0.0000,0.0000,0.0000,0.0000,0.0000,0.0000,0.0000,0.0000
710,3,0.0131,2.3333,0.1049,0.0003,1.0000,0.0000,19.3333,1.0000,0.9962,10.0000
711,1,0.0026,2.0000,0.0714,0.0000,1.0000,0.0000,19.0000,1.0000,5.1724,29.0000
712,0,0.0000,0.0000,0.0000,0.0000,0.0000,0.0000,0.0000,0.0000
713,3,0.0343,3.3333,0.1847,0.2608,1.0000,0.0000,10.0000,1.3333,3.1401,8.0000
714,3,0.0105,2.3333,0.1170,0.1103,1.0000,0.0000,17.0000,1.0000,1.4493,8.0000
715,1,0.0028,2.0000,0.0741,0.0000,1.0000,0.0000,20.0000,1.0000,3.1746,28.0000
716,2,0.0159,4.0000,0.1604,0.3282,1.0000,0.0000,17.0000,1.0000,2.5862,14.5000
717,1,0.0092,4.0000,0.1538,0.0000,1.0000,0.0000,16.0000,1.0000,9.6866,27.0000
718,1,0.0036,2.0000,0.0833,0.0000,1.0000,0.0000,18.0000,1.0000,4.0000,25.0000
719,0,0.0000,0.0000,0.0000,0.0000,0.0000,0.0000,0.0000,0.0000
720,1,0.0065,2.0000,0.1111,0.0000,1.0000,0.0000,12.0000,1.0000,10.5263,19.0000
721,0,0.0000,0.0000,0.0000,0.0000,0.0000,0.0000,0.0000,0.0000
722,0,0.0000,0.0000,0.0000,0.0000,0.0000,0.0000,0.0000,0.0000
723,1,0.0025,2.0000,0.0690,0.0000,1.0000,0.0000,16.0000,1.0000,11.7241,30.0000
724,4,0.0195,5.5000,0.1948,0.1880,1.0000,0.0000,13.0000,1.5000,2.2254,8.2500
725,1,0.0016,2.0000,0.0556,0.0000,1.0000,0.0000,16.0000,1.0000,10.0601,37.0000
726,2,0.0172,4.0000,0.1487,0.1018,1.0000,0.0000,17.0000,1.5000,3.0108,15.5000
727,2,0.0106,4.0000,0.1531,0.2311,1.0000,0.0000,17.0000,1.0000,2.8325,14.5000
728,4,0.0163,3.7500,0.1159,0.1434,1.5000,118.6059,20.0000,1.7500,1.2421,11.0000
729,4,0.0179,3.5000,0.1034,0.0969,1.0000,0.0000,17.0000,2.2500,1.8769,9.2500
730,0,0.0000,0.0000,0.0000,0.0000,0.0000,0.0000,0.0000,0.0000
731,3,0.0209,2.6667,0.1280,0.2615,1.0000,0.0000,21.0000,1.6667,0.9700,9.3333
732,1,0.0036,2.0000,0.0833,0.0000,1.0000,0.0000,18.0000,1.0000,4.6667,25.0000
733,1,0.0197,4.0000,0.1552,0.4506,1.0000,0.0000,17.0000,2.0000,4.8276,30.0000
734,1,0.0033,2.0000,0.0800,0.0000,1.0000,0.0000,18.0000,1.0000,4.3077,26.0000
735,0,0.0000,0.0000,0.0000,0.0000,0.0000,0.0000,0.0000,0.0000
736,0,0.0000,0.0000,0.0000,0.0000,0.0000,0.0000,0.0000,0.0000
737,0,0.0000,0.0000,0.0000,0.0000,0.0000,0.0000,0.0000,0.0000
738,3,0.0390,3.6667,0.1798,0.2162,1.0000,0.0000,18.0000,2.0000,1.6144,9.0000
739,0,0.0000,0.0000,0.0000,0.0000,0.0000,0.0000,0.0000,0.0000
740,4,0.0154,2.0000,0.0971,0.0001,1.0000,0.0000,17.0000,1.5000,0.8547,6.7500
741,1,0.0423,4.0000,0.1838,0.0000,1.0000,0.0000,17.0000,3.0000,7.1970,33.0000
742,0,0.0000,0.0000,0.0000,0.0000,0.0000,0.0000,0.0000,0.0000
743,2,0.1056,7.5000,0.3242,0.1797,1.0000,0.0000,12.0000,3.0000,6.8548,16.0000
744,1,0.0887,9.0000,0.3310,0.4089,1.0000,0.0000,17.0000,5.0000,8.7356,30.0000
745,2,0.0509,5.0000,0.2146,0.0000,1.0000,0.0000,16.0000,2.0000,3.3251,14.5000
746,4,0.0119,2.0000,0.1050,0.0000,1.0000,0.0000,10.0000,1.2500,2.2727,5.7500
747,1,0.0870,6.0000,0.2976,0.2421,1.0000,0.0000,12.0000,4.0000,11.3333,25.0000
748,2,0.0069,3.0000,0.1095,0.0000,1.0000,0.0000,19.0000,1.0000,2.1505,15.5000
749,1,0.0143,3.0000,0.1429,0.0001,1.0000,0.0000,13.0000,1.0000,6.0606,22.0000
750,1,0.0615,5.0000,0.2396,0.3337,1.0000,0.0000,17.0000,4.0000,6.5527,27.0000
751,1,0.0028,2.0000,0.0741,0.0000,1.0000,0.0000,20.0000,1.0000,3.1746,28.0000
752,2,0.0057,2.0000,0.0833,0.0000,1.0000,0.0000,15.0000,1.0000,2.9101,14.0000
753,1,0.0036,2.0000,0.0833,0.0000,2.0000,425.6996,17.0000,1.0000,6.3333,25.0000
754,2,0.0048,2.0000,0.0952,0.0000,1.0000,0.0000,16.0000,1.0000,1.9481,11.0000
755,4,0.0108,2.5000,0.1134,0.1783,1.0000,0.0000,17.0000,1.2500,0.9972,6.7500
756,2,0.0108,2.5000,0.1128,0.0000,1.0000,0.0000,17.0000,1.5000,3.1339,13.5000
757,0,0.0000,0.0000,0.0000,0.0000,0.0000,0.0000,0.0000,0.0000
758,4,0.0083,2.5000,0.1087,0.2367,1.0000,0.0000,16.0000,1.2500,1.0000,6.5000
759,3,0.0095,2.3333,0.1190,0.0000,1.0000,0.0000,12.0000,1.0000,3.1746,7.3333
760,2,0.0053,2.0000,0.0804,0.0000,1.0000,0.0000,16.0000,1.0000,3.2020,14.5000
761,1,0.0053,2.0000,0.1000,0.0000,1.0000,0.0000,14.0000,1.0000,4.7619,21.0000
762,2,0.0067,3.0000,0.1200,0.2618,1.0000,0.0000,15.0000,1.0000,2.7692,13.0000
763,2,0.0067,2.0000,0.0900,0.0000,1.0000,0.0000,17.0000,1.0000,2.4615,13.0000
764,4,0.0145,2.5000,0.1001,0.1586,1.0000,0.0000,19.0000,1.2500,1.0081,8.0000
765,0,0.0000,0.0000,0.0000,0.0000,0.0000,0.0000,0.0000,0.0000
766,1,0.0031,2.0000,0.0769,0.0000,1.0000,0.0000,17.0000,1.0000,4.8433,27.0000
767,7,0.0292,3.8571,0.1504,0.1400,1.0000,0.0000,11.0000,2.2857,1.2385,4.5714
768,2,0.0373,5.5000,0.2221,0.2063,1.5000,192.6476,20.0000,2.5000,3.4091,16.5000
769,3,0.0232,3.6667,0.1355,0.2016,1.0000,0.0000,16.0000,1.3333,1.9571,11.0000
770,5,0.0460,2.4000,0.1450,0.0000,1.0000,0.0000,12.2000,1.6000,1.6256,5.8000
771,0,0.0000,0.0000,0.0000,0.0000,0.0000,0.0000,0.0000,0.0000
772,2,0.0211,2.5000,0.1467,0.5766,1.0000,0.0000,15.5000,1.0000,1.6667,10.5000
773,2,0.0087,2.0000,0.1023,0.0000,1.0000,0.0000,17.0000,1.0000,1.5810,11.5000
774,0,0.0000,0.0000,0.0000,0.0000,0.0000,0.0000,0.0000,0.0000
775,2,0.0148,5.0000,0.1690,0.3711,1.0000,0.0000,20.0000,1.0000,2.4138,15.0000
776,2,0.0271,4.0000,0.1940,0.1674,1.0000,0.0000,15.0000,1.5000,4.7126,15.0000
777,0,0.0000,0.0000,0.0000,0.0000,0.0000,0.0000,0.0000,0.0000
778,1,0.0040,2.0000,0.0870,0.0000,1.0000,0.0000,16.0000,1.0000,6.8841,24.0000
779,4,0.0037,2.0000,0.0733,0.3008,1.0000,0.0000,21.0000,1.0000,0.5747,7.5000
780,1,0.0033,2.0000,0.0800,0.0000,1.0000,0.0000,21.0000,1.0000,2.1538,26.0000
781,2,0.0152,4.0000,0.1847,0.1744,1.0000,0.0000,14.0000,1.0000,4.7431,11.5000
782,0,0.0000,0.0000,0.0000,0.0000,0.0000,0.0000,0.0000,0.0000
783,1,0.0379,6.0000,0.2045,0.4064,1.0000,0.0000,23.0000,4.0000,4.4563,34.0000
784,4,0.0050,2.2500,0.0880,0.0000,1.2500,58.7271,12.0000,1.0000,1.9841,7.0000
785,7,0.0059,2.5714,0.0892,0.0604,1.2857,92.6919,14.0000,1.1429,0.8641,4.5714
786,1,0.0645,5.0000,0.2296,0.2318,1.0000,0.0000,20.0000,5.0000,6.4516,32.0000
787,0,0.0000,0.0000,0.0000,0.0000,0.0000,0.0000,0.0000,0.0000
788,0,0.0000,0.0000,0.0000,0.0000,0.0000,0.0000,0.0000,0.0000
789,2,0.0043,2.5000,0.0926,0.0000,1.0000,0.0000,14.0000,1.0000,4.2328,14.0000
790,1,0.0145,3.0000,0.1488,0.3310,1.0000,0.0000,17.0000,1.0000,4.3333,25.0000
791,4,0.0085,2.2500,0.0948,0.1529,1.0000,0.0000,19.0000,1.2500,0.7275,7.0000
792,3,0.0077,2.0000,0.0804,0.0000,1.0000,0.0000,16.0000,1.3333,2.0072,10.3333
793,1,0.0145,5.0000,0.2083,0.4623,1.0000,0.0000,18.0000,1.0000,5.0000,25.0000
794,1,0.0106,3.0000,0.1276,0.3310,1.0000,0.0000,21.0000,1.0000,3.2020,29.0000
795,1,0.0028,2.0000,0.0741,0.0000,1.0000,0.0000,18.0000,1.0000,4.2328,28.0000
796,0,0.0000,0.0000,0.0000,0.0000,0.0000,0.0000,0.0000,0.0000
797,1,0.0667,4.0000,0.2314,0.2988,1.0000,0.0000,13.0000,3.0000,8.6154,26.0000
798,1,0.0023,2.0000,0.0667,0.0000,1.0000,0.0000,17.0000,1.0000,7.9570,31.0000
799,2,0.0308,3.5000,0.1771,0.3803,1.0000,0.0000,16.0000,2.5000,2.5000,12.5000
800,2,0.0074,3.0000,0.1103,0.5651,1.5000,206.0876,21.0000,1.0000,1.3793,15.0000
801,1,0.0200,5.0000,0.2000,0.5526,1.0000,0.0000,16.0000,2.0000,5.5385,26.0000
802,4,0.0216,2.0000,0.1148,0.4695,1.2500,19.5116,17.0000,1.5000,0.6917,5.7500
803,1,0.0109,3.0000,0.1250,0.7071,1.0000,0.0000,18.0000,1.0000,3.0000,25.0000
804,1,0.0062,3.0000,0.1154,0.0000,1.0000,0.0000,15.0000,1.0000,7.6923,27.0000
805,6,0.0043,2.6667,0.0887,0.1234,1.0000,0.0000,15.0000,1.0000,0.8065,5.3333
806,2,0.0484,4.5000,0.2091,0.2895,1.0000,0.0000,16.0000,2.0000,2.7778,14.0000
807,2,0.0283,3.5000,0.1700,0.3803,1.5000,240.1121,17.0000,2.5000,2.1538,13.0000
808,4,0.0453,3.5000,0.1696,0.3010,1.0000,0.0000,11.0000,1.7500,1.9167,6.2500
809,2,0.0040,2.5000,0.0893,0.3058,1.5000,245.8341,19.0000,1.0000,1.6010,14.5000
810,1,0.0046,3.0000,0.1000,0.0000,1.0000,0.0000,17.0000,1.0000,6.4516,31.0000
811,1,0.0613,6.0000,0.2783,0.4789,1.0000,0.0000,15.0000,2.0000,6.5217,24.0000
812,2,0.0129,4.5000,0.1525,0.1590,1.0000,0.0000,20.0000,1.5000,2.5202,16.0000
813,3,0.0106,3.3333,0.0990,0.2478,1.0000,0.0000,23.0000,1.6667,1.0053,12.0000
814,0,0.0000,0.0000,0.0000,0.0000,0.0000,0.0000,0.0000,0.0000
815,0,0.0000,0.0000,0.0000,0.0000,0.0000,0.0000,0.0000,0.0000
816,1,0.0049,3.0000,0.1034,0.0000,1.0000,0.0000,20.0000,1.0000,5.2874,30.0000
817,0,0.0000,0.0000,0.0000,0.0000,0.0000,0.0000,0.0000,0.0000
818,2,0.0053,2.0000,0.0804,0.0000,1.0000,0.0000,19.0000,1.0000,2.5862,14.5000
819,1,0.0533,6.0000,0.2560,0.4774,1.0000,0.0000,15.0000,4.0000,6.7692,26.0000
820,0,0.0000,0.0000,0.0000,0.0000,0.0000,0.0000,0.0000,0.0000
821,0,0.0000,0.0000,0.0000,0.0000,0.0000,0.0000,0.0000,0.0000
822,0,0.0000,0.0000,0.0000,0.0000,0.0000,0.0000,0.0000,0.0000
823,1,0.0031,2.0000,0.0769,0.0000,1.0000,0.0000,20.0000,1.0000,3.1339,27.0000
824,0,0.0000,0.0000,0.0000,0.0000,0.0000,0.0000,0.0000,0.0000
825,1,0.0043,2.0000,0.0909,0.0000,1.0000,0.0000,15.0000,1.0000,4.7431,23.0000
826,1,0.0033,2.0000,0.0800,0.0000,1.0000,0.0000,17.0000,1.0000,4.0000,26.0000
827,1,0.0046,3.0000,0.1000,0.0000,1.0000,0.0000,17.0000,1.0000,5.5914,31.0000
828,2,0.0151,3.5000,0.1410,0.0000,1.0000,0.0000,20.0000,1.5000,2.4194,16.0000
829,2,0.0200,5.5000,0.2200,0.1831,1.5000,224.8703,15.0000,1.0000,5.2308,13.0000
830,3,0.0066,2.0000,0.0942,0.0000,1.0000,0.0000,14.0000,1.0000,2.1739,8.0000
831,1,0.0133,4.0000,0.1600,0.6154,1.0000,0.0000,18.0000,2.0000,3.6923,26.0000
832,1,0.0043,2.0000,0.0909,0.0000,1.0000,0.0000,16.0000,1.0000,3.9526,23.0000
833,2,0.0257,2.5000,0.1725,0.4731,1.0000,0.0000,13.0000,1.5000,2.2876,9.0000
834,1,0.0087,3.0000,0.1364,0.0000,1.0000,0.0000,15.0000,1.0000,6.3241,23.0000
835,3,0.0060,2.6667,0.1111,0.2883,1.0000,0.0000,15.0000,1.0000,1.5556,8.3333
836,0,0.0000,0.0000,0.0000,0.0000,0.0000,0.0000,0.0000,0.0000
837,2,0.0598,5.0000,0.2269,0.2069,1.0000,0.0000,17.0000,3.0000,3.7634,15.5000
838,0,0.0000,0.0000,0.0000,0.0000,0.0000,0.0000,0.0000,0.0000
839,8,0.0241,2.6250,0.1019,0.0001,1.0000,0.0000,17.0000,1.6250,0.5570,4.2500
840,1,0.0114,4.0000,0.1481,0.0000,1.0000,0.0000,16.0000,2.0000,5.8201,28.0000
841,0,0.0000,0.0000,0.0000,0.0000,0.0000,0.0000,0.0000,0.0000
842,2,0.0367,4.0000,0.2017,0.2791,1.5000,260.5913,15.0000,1.5000,2.9231,13.0000
843,1,0.0048,2.0000,0.0952,0.0000,1.0000,0.0000,15.0000,1.0000,6.0606,22.0000
844,1,0.0158,4.0000,0.1739,0.6154,1.0000,0.0000,17.0000,2.0000,3.9855,24.0000
845,4,0.0860,3.7500,0.1887,0.1352,1.0000,0.0000,16.0000,2.5000,1.7241,7.2500
846,2,0.0172,4.0000,0.1583,0.0952,1.0000,0.0000,11.0000,1.0000,7.4194,15.5000
847,2,0.0040,2.0000,0.0703,0.0000,1.0000,0.0000,18.0000,1.0000,3.5985,16.5000
848,0,0.0000,0.0000,0.0000,0.0000,0.0000,0.0000,0.0000,0.0000
849,1,0.0036,2.0000,0.0833,0.0000,1.0000,0.0000,14.0000,1.0000,6.6667,25.0000
850,2,0.0067,2.0000,0.0900,0.0000,1.0000,0.0000,19.0000,1.0000,1.6923,13.0000
851,1,0.0421,4.0000,0.2250,0.3777,1.0000,0.0000,14.0000,2.0000,6.1905,21.0000
852,2,0.0263,3.5000,0.1875,0.1889,1.0000,0.0000,12.0000,1.5000,3.8095,10.5000
853,0,0.0000,0.0000,0.0000,0.0000,0.0000,0.0000,0.0000,0.0000
854,1,0.0092,4.0000,0.1389,0.0000,1.0000,0.0000,18.0000,1.0000,5.3763,31.0000
855,3,0.0074,2.6667,0.0968,0.0000,1.0000,0.0000,13.0000,1.3333,3.9141,11.0000
856,0,0.0000,0.0000,0.0000,0.0000,0.0000,0.0000,0.0000,0.0000
857,3,0.0053,2.3333,0.0893,0.0000,1.0000,0.0000,18.0000,1.0000,1.3957,9.6667
858,0,0.0000,0.0000,0.0000,0.0000,0.0000,0.0000,0.0000,0.0000
859,0,0.0000,0.0000,0.0000,0.0000,0.0000,0.0000,0.0000,0.0000
860,0,0.0000,0.0000,0.0000,0.0000,0.0000,0.0000,0.0000,0.0000
861,2,0.0524,3.5000,0.2139,0.2791,1.0000,0.0000,12.0000,2.5000,3.8961,11.0000
862,1,0.0033,2.0000,0.0800,0.0000,1.0000,0.0000,17.0000,1.0000,7.6923,26.0000
863,2,0.0028,2.0000,0.0741,0.0000,1.0000,0.0000,16.0000,1.0000,2.7778,14.0000
864,2,0.0111,3.5000,0.1334,0.5066,1.0000,0.0000,22.0000,1.0000,1.3793,15.0000
865,5,0.0095,2.2000,0.0845,0.0000,1.0000,0.0000,19.0000,1.4000,1.2097,6.4000
866,2,0.0086,3.0000,0.1150,0.1795,1.0000,0.0000,20.0000,1.0000,1.9355,15.5000
867,0,0.0000,0.0000,0.0000,0.0000,0.0000,0.0000,0.0000,0.0000
868,1,0.0062,3.0000,0.1154,0.0000,1.0000,0.0000,15.0000,1.0000,8.5470,27.0000
869,0,0.0000,0.0000,0.0000,0.0000,0.0000,0.0000,0.0000,0.0000
870,0,0.0000,0.0000,0.0000,0.0000,0.0000,0.0000,0.0000,0.0000
871,4,0.0380,2.5000,0.1676,0.4144,1.0000,0.0000,12.0000,1.5000,1.3158,5.0000
872,0,0.0000,0.0000,0.0000,0.0000,0.0000,0.0000,0.0000,0.0000
873,3,0.0188,2.6667,0.1385,0.3333,1.0000,0.0000,12.0000,1.6667,2.1080,7.6667
874,0,0.0000,0.0000,0.0000,0.0000,0.0000,0.0000,0.0000,0.0000
875,1,0.0087,3.0000,0.1364,0.6116,1.0000,0.0000,18.0000,1.0000,3.1621,23.0000
876,0,0.0000,0.0000,0.0000,0.0000,0.0000,0.0000,0.0000,0.0000
877,1,0.0095,3.0000,0.1429,0.0000,1.0000,0.0000,12.0000,1.0000,6.9264,22.0000
878,0,0.0000,0.0000,0.0000,0.0000,0.0000,0.0000,0.0000,0.0000
879,3,0.0157,2.6667,0.1270,0.3333,1.0000,0.0000,19.0000,1.6667,1.0000,8.3333
880,1,0.0020,2.0000,0.0625,0.0000,2.0000,413.2968,17.0000,1.0000,7.1970,33.0000
881,2,0.0063,3.0000,0.1035,0.0000,1.0000,0.0000,13.0000,1.0000,4.9550,18.5000
882,4,0.0125,2.5000,0.1147,0.3514,1.0000,0.0000,14.0000,1.2500,1.2308,6.5000
883,0,0.0000,0.0000,0.0000,0.0000,0.0000,0.0000,0.0000,0.0000
884,0,0.0000,0.0000,0.0000,0.0000,0.0000,0.0000,0.0000,0.0000
885,2,0.0236,4.0000,0.1693,0.2428,1.0000,0.0000,15.0000,2.0000,3.1667,12.5000
886,4,0.0215,3.7500,0.1670,0.0962,1.0000,0.0000,14.0000,1.5000,2.2792,6.7500
887,3,0.0148,2.6667,0.1080,0.0000,1.0000,0.0000,18.0000,1.6667,1.8308,11.0000
888,3,0.0025,2.0000,0.0586,0.0000,1.0000,0.0000,23.0000,1.0000,1.0906,12.6667
889,4,0.0067,3.0000,0.0885,0.0629,1.0000,0.0000,21.0000,1.2500,1.3514,9.2500
890,4,0.0144,2.7500,0.1146,0.0604,1.0000,0.0000,12.0000,1.5000,1.9355,7.7500
891,2,0.0554,5.0000,0.2246,0.2501,1.0000,0.0000,20.0000,3.5000,2.8736,15.0000
892,2,0.0125,5.0000,0.1580,0.3124,1.0000,0.0000,22.0000,1.0000,2.2689,17.5000
893,2,0.0034,2.5000,0.0833,0.3058,1.0000,0.0000,17.0000,1.0000,2.0430,15.5000
894,1,0.0040,2.0000,0.0870,0.0000,1.0000,0.0000,14.0000,1.0000,5.4348,24.0000
895,1,0.0049,3.0000,0.1034,0.6116,1.0000,0.0000,21.0000,1.0000,2.5287,30.0000
896,0,0.0000,0.0000,0.0000,0.0000,0.0000,0.0000,0.0000,0.0000
897,0,0.0000,0.0000,0.0000,0.0000,0.0000,0.0000,0.0000,0.0000
898,4,0.0344,2.7500,0.1483,0.3965,1.0000,0.0000,16.0000,1.7500,1.0833,6.2500
899,3,0.0115,2.6667,0.1111,0.1776,1.0000,0.0000,21.0000,1.3333,1.0753,10.3333
900,2,0.0040,2.5000,0.0893,0.0000,1.0000,0.0000,15.0000,1.0000,3.8177,14.5000
901,1,0.0023,2.0000,0.0667,0.0000,1.0000,0.0000,16.0000,1.0000,9.2473,31.0000
902,2,0.0108,3.5000,0.1346,0.2763,1.0000,0.0000,19.0000,1.5000,1.8519,13.5000
903,0,0.0000,0.0000,0.0000,0.0000,0.0000,0.0000,0.0000,0.0000
904,0,0.0000,0.0000,0.0000,0.0000,0.0000,0.0000,0.0000,0.0000
905,4,0.0329,2.7500,0.1671,0.1961,1.0000,0.0000,12.2500,1.5000,1.5476,5.2500
906,2,0.0291,3.5000,0.1604,0.2791,1.0000,0.0000,19.0000,2.5000,2.2167,14.5000
907,1,0.0043,3.0000,0.0968,0.0000,1.0000,0.0000,21.0000,1.0000,5.6452,32.0000
908,5,0.0061,2.8000,0.0899,0.0633,1.0000,0.0000,21.0000,1.2000,0.8571,7.2000
909,1,0.0246,7.0000,0.2200,0.3262,1.0000,0.0000,17.0000,1.0000,9.0909,34.0000
910,2,0.0098,3.0000,0.1050,0.0000,1.0000,0.0000,21.0000,1.5000,4.1963,19.0000
911,7,0.0085,2.7143,0.0865,0.0362,1.1429,54.2283,21.0000,1.5714,0.5591,5.5714
912,1,0.0123,5.0000,0.1773,0.3763,1.0000,0.0000,19.0000,1.0000,5.0575,30.0000
913,3,0.0448,4.3333,0.2391,0.2148,1.0000,0.0000,9.0000,1.3333,4.3860,6.6667
914,0,0.0000,0.0000,0.0000,0.0000,0.0000,0.0000,0.0000,0.0000
915,2,0.0171,3.0000,0.1323,0.0000,1.0000,0.0000,16.0000,2.0000,3.3069,14.0000
916,2,0.0043,2.0000,0.0909,0.0000,1.0000,0.0000,17.0000,1.0000,1.5810,11.5000
917,1,0.0211,5.0000,0.2500,0.4623,2.0000,309.3708,14.0000,1.0000,6.6667,21.0000
918,1,0.0684,6.0000,0.2646,0.3182,1.0000,0.0000,17.0000,4.0000,7.6720,28.0000
919,3,0.0069,3.3333,0.1111,0.1842,1.0000,0.0000,18.0000,1.3333,1.3620,10.3333
920,1,0.0072,3.0000,0.1250,0.6116,1.0000,0.0000,19.0000,1.0000,3.0000,25.0000
921,1,0.0049,3.0000,0.1034,0.0000,1.0000,0.0000,22.0000,1.0000,2.9885,30.0000
922,2,0.0071,2.5000,0.1032,0.0000,1.0000,0.0000,16.0000,1.0000,2.6455,14.0000
923,4,0.0339,3.0000,0.1316,0.1533,1.2500,167.0763,20.0000,2.2500,1.0753,7.7500
924,2,0.0527,4.5000,0.2549,0.1592,1.0000,0.0000,12.0000,1.5000,6.3492,14.0000
925,2,0.0228,4.0000,0.1890,0.2526,1.0000,0.0000,19.0000,1.5000,2.7778,14.0000
926,0,0.0000,0.0000,0.0000,0.0000,0.0000,0.0000,0.0000,0.0000
927,1,0.0033,2.0000,0.0800,0.0000,1.0000,0.0000,20.0000,1.0000,2.7692,26.0000
928,2,0.0117,2.0000,0.1184,0.0000,1.0000,0.0000,15.0000,1.0000,2.3684,10.0000
929,2,0.0257,3.0000,0.1690,0.0000,1.0000,0.0000,10.0000,1.5000,5.2536,12.0000
930,1,0.0855,6.0000,0.2490,0.3982,1.0000,0.0000,16.0000,3.0000,7.4074,28.0000
931,5,0.0121,2.8000,0.1014,0.0788,1.0000,0.0000,16.0000,1.6000,1.2121,6.6000
932,5,0.0225,2.8000,0.1137,0.0725,1.2000,28.6939,19.2000,1.2000,0.8889,7.2000
933,3,0.0845,4.6667,0.2469,0.3117,1.3333,139.8155,12.0000,3.0000,3.0000,8.3333
934,1,0.0053,2.0000,0.1000,0.0000,1.0000,0.0000,14.0000,1.0000,5.2381,21.0000
935,0,0.0000,0.0000,0.0000,0.0000,0.0000,0.0000,0.0000,0.0000
936,3,0.0047,2.0000,0.0802,0.0000,1.0000,0.0000,19.0000,1.0000,0.9700,9.3333
937,0,0.0000,0.0000,0.0000,0.0000,0.0000,0.0000,0.0000,0.0000
938,4,0.0194,3.5000,0.1300,0.0257,1.2500,134.5634,13.0000,2.0000,2.0053,8.5000
939,2,0.0038,2.5000,0.0788,0.0000,1.0000,0.0000,18.0000,1.0000,3.5651,17.0000
940,3,0.0122,3.6667,0.1467,0.1613,1.0000,0.0000,13.0000,1.3333,2.3590,8.6667
941,2,0.0074,3.0000,0.1034,0.0000,1.0000,0.0000,18.5000,1.0000,2.2989,15.0000
942,0,0.0000,0.0000,0.0000,0.0000,0.0000,0.0000,0.0000,0.0000
943,0,0.0000,0.0000,0.0000,0.0000,0.0000,0.0000,0.0000,0.0000
944,4,0.0132,3.0000,0.1214,0.0699,1.0000,0.0000,17.0000,1.5000,1.6667,7.7500
945,1,0.0026,2.0000,0.0714,0.0000,1.0000,0.0000,18.0000,1.0000,5.6650,29.0000
946,0,0.0000,0.0000,0.0000,0.0000,0.0000,0.0000,0.0000,0.0000
947,5,0.0114,2.8000,0.1007,0.0000,1.0000,0.0000,18.0000,1.4000,1.0339,6.8000
948,2,0.0086,2.5000,0.0946,0.0000,1.5000,164.3007,18.5000,1.0000,3.6290,16.0000
949,2,0.0040,2.0000,0.0870,0.0000,1.0000,0.0000,16.0000,1.0000,2.1739,12.0000
950,3,0.0038,3.0000,0.0909,0.1541,1.0000,0.0000,20.0000,1.0000,1.3666,11.3333
951,2,0.1032,7.5000,0.2708,0.3555,1.0000,0.0000,14.0000,4.0000,4.9261,14.5000
952,4,0.0307,3.0000,0.1198,0.0000,1.0000,0.0000,19.2500,1.7500,1.4706,8.7500
953,2,0.0344,4.5000,0.1905,0.2073,1.5000,102.5797,16.0000,2.5000,4.6371,16.0000
954,3,0.0073,4.3333,0.1316,0.0814,1.0000,0.0000,19.0000,1.0000,2.4339,12.0000
955,2,0.0222,4.0000,0.1547,0.0001,1.0000,0.0000,18.0000,2.5000,2.9356,16.5000
956,0,0.0000,0.0000,0.0000,0.0000,0.0000,0.0000,0.0000,0.0000
957,0,0.0000,0.0000,0.0000,0.0000,0.0000,0.0000,0.0000,0.0000
958,0,0.0000,0.0000,0.0000,0.0000,0.0000,0.0000,0.0000,0.0000
959,0,0.0000,0.0000,0.0000,0.0000,0.0000,0.0000,0.0000,0.0000
960,1,0.0123,4.0000,0.1379,0.0000,1.0000,0.0000,20.0000,1.0000,4.5977,30.0000
961,1,0.0036,2.0000,0.0833,0.0000,1.0000,0.0000,13.0000,1.0000,9.6667,25.0000
962,0,0.0000,0.0000,0.0000,0.0000,0.0000,0.0000,0.0000,0.0000
963,0,0.0000,0.0000,0.0000,0.0000,0.0000,0.0000,0.0000,0.0000
964,1,0.0058,2.0000,0.1053,0.7071,1.0000,0.0000,15.0000,1.0000,3.1579,20.0000
965,2,0.0507,3.5000,0.1758,0.2161,1.0000,0.0000,15.0000,2.0000,3.0000,12.5000
966,0,0.0000,0.0000,0.0000,0.0000,0.0000,0.0000,0.0000,0.0000
967,7,0.0337,2.4286,0.1047,0.0000,1.0000,0.0000,14.0000,1.8571,1.1905,4.7143
968,4,0.0165,3.0000,0.1283,0.0000,1.2500,114.9730,11.0000,1.5000,2.2167,7.2500
969,5,0.0382,3.4000,0.1667,0.0762,1.2000,14.8853,12.0000,2.2000,2.2222,5.4000
970,3,0.0057,2.3333,0.0885,0.0000,1.0000,0.0000,16.0000,1.0000,1.6092,10.0000
971,0,0.0000,0.0000,0.0000,0.0000,0.0000,0.0000,0.0000,0.0000
972,0,0.0000,0.0000,0.0000,0.0000,0.0000,0.0000,0.0000,0.0000
973,0,0.0000,0.0000,0.0000,0.0000,0.0000,0.0000,0.0000,0.0000
974,3,0.0164,2.3333,0.1122,0.3844,1.0000,0.0000,16.0000,1.6667,1.3295,9.0000
975,2,0.0079,3.0000,0.1304,0.2618,1.0000,0.0000,13.0000,1.0000,3.0797,12.0000
976,2,0.0085,3.0000,0.1185,0.0000,1.0000,0.0000,17.0000,1.0000,2.5132,14.0000
977,1,0.0217,3.0000,0.1856,0.1776,1.0000,0.0000,15.0000,1.0000,7.0000,25.0000
978,3,0.0533,5.0000,0.2176,0.2671,1.0000,0.0000,14.0000,1.6667,2.3742,9.0000
979,1,0.0079,3.0000,0.1304,0.0000,1.0000,0.0000,15.0000,1.0000,6.5217,24.0000
980,0,0.0000,0.0000,0.0000,0.0000,0.0000,0.0000,0.0000,0.0000
981,0,0.0000,0.0000,0.0000,0.0000,0.0000,0.0000,0.0000,0.0000
982,0,0.0000,0.0000,0.0000,0.0000,0.0000,0.0000,0.0000,0.0000
983,2,0.0810,3.0000,0.2533,0.3928,1.0000,0.0000,11.0000,2.5000,3.7500,8.0000
984,1,0.0263,6.0000,0.3000,0.4183,1.0000,0.0000,14.0000,1.0000,9.0476,21.0000
985,1,0.0026,2.0000,0.0714,0.0000,1.0000,0.0000,19.0000,1.0000,4.1872,29.0000
986,1,0.0158,4.0000,0.1812,0.0000,1.0000,0.0000,14.0000,1.0000,7.6087,24.0000
987,1,0.0036,2.0000,0.0833,0.0000,1.0000,0.0000,17.0000,1.0000,6.0000,25.0000
988,2,0.0100,2.5000,0.1120,0.1567,1.0000,0.0000,18.0000,1.0000,2.0000,13.0000
989,1,0.0200,4.0000,0.1667,0.5334,2.0000,443.7018,18.0000,2.0000,4.0000,26.0000
990,2,0.0023,2.0000,0.0667,0.0000,1.0000,0.0000,18.0000,1.0000,2.1505,15.5000
991,0,0.0000,0.0000,0.0000,0.0000,0.0000,0.0000,0.0000,0.0000
992,2,0.0046,2.5000,0.0962,0.0000,1.0000,0.0000,18.0000,1.0000,2.2792,13.5000
993,4,0.0184,2.2500,0.1222,0.2883,1.0000,0.0000,14.0000,1.5000,1.0870,5.7500
994,1,0.0031,2.0000,0.0769,0.0000,2.0000,431.8319,18.0000,1.0000,3.1339,27.0000
995,1,0.0087,3.0000,0.1364,0.0000,1.0000,0.0000,16.0000,1.0000,4.7431,23.0000
996,0,0.0000,0.0000,0.0000,0.0000,0.0000,0.0000,0.0000,0.0000
997,1,0.0036,2.0000,0.0833,0.0000,1.0000,0.0000,16.0000,1.0000,5.3333,25.0000
998,2,0.0048,2.0000,0.0952,0.0000,1.0000,0.0000,14.0000,1.0000,2.3810,11.0000
999,0,0.0000,0.0000,0.0000,0.0000,0.0000,0.0000,0.0000,0.0000
1000,5,0.0120,2.0000,0.0896,0.0000,1.0000,0.0000,14.0000,1.4000,1.6402,5.6000
1001,4,0.0073,2.2500,0.0926,0.0000,1.0000,0.0000,16.0000,1.2500,1.1700,7.2500
1002,1,0.0053,2.0000,0.1000,0.0000,2.0000,471.5906,15.0000,1.0000,3.8095,21.0000
1003,2,0.0079,2.0000,0.0978,0.0000,1.0000,0.0000,17.0000,1.0000,2.1739,12.0000
1004,4,0.0075,2.2500,0.0987,0.2366,1.0000,0.0000,17.0000,1.2500,0.8462,6.5000
1005,1,0.1108,5.0000,0.2637,0.2608,1.0000,0.0000,16.0000,4.0000,8.5470,27.0000
1006,1,0.0023,2.0000,0.0667,0.0000,1.0000,0.0000,19.0000,1.0000,7.5269,31.0000
1007,0,0.0000,0.0000,0.0000,0.0000,0.0000,0.0000,0.0000,0.0000
1008,2,0.0040,2.5000,0.0781,0.0000,1.0000,0.0000,21.5000,1.0000,1.7045,16.5000
1009,0,0.0000,0.0000,0.0000,0.0000,0.0000,0.0000,0.0000,0.0000
1010,1,0.0087,3.0000,0.1364,0.0000,1.0000,0.0000,15.0000,1.0000,6.3241,23.0000
1011,0,0.0000,0.0000,0.0000,0.0000,0.0000,0.0000,0.0000,0.0000
1012,1,0.0028,2.0000,0.0741,0.0000,1.0000,0.0000,19.0000,1.0000,3.4392,28.0000
1013,2,0.0173,2.5000,0.1333,0.5766,1.0000,0.0000,15.5000,1.0000,1.7787,11.5000
1014,1,0.0040,2.0000,0.0870,0.0000,1.0000,0.0000,11.0000,1.0000,8.6957,24.0000
1015,3,0.0290,3.3333,0.1665,0.3078,1.0000,0.0000,16.0000,1.3333,1.8116,8.0000
1016,0,0.0000,0.0000,0.0000,0.0000,0.0000,0.0000,0.0000,0.0000
1017,2,0.0280,4.0000,0.1621,0.0000,1.0000,0.0000,18.0000,2.0000,3.2258,16.0000
1018,1,0.0025,2.0000,0.0690,0.0000,1.0000,0.0000,18.0000,1.0000,7.8161,30.0000
1019,1,0.0423,4.0000,0.1953,0.1364,1.0000,0.0000,16.0000,3.0000,7.1970,33.0000
1020,1,0.0067,3.0000,0.1200,0.0000,1.0000,0.0000,13.0000,1.0000,9.5385,26.0000
1021,2,0.0025,2.0000,0.0690,0.0000,1.0000,0.0000,20.0000,1.0000,1.9540,15.0000
1022,5,0.0371,3.0000,0.1256,0.1277,1.0000,0.0000,21.0000,2.0000,0.7843,6.8000
1023,0,0.0000,0.0000,0.0000,0.0000,0.0000,0.0000,0.0000,0.0000
1024,1,0.0053,2.0000,0.1000,0.7071,1.0000,0.0000,17.0000,1.0000,2.3810,21.0000
1025,1,0.0346,5.0000,0.2338,0.4460,1.0000,0.0000,13.0000,2.0000,6.7194,23.0000
1026,2,0.0080,2.5000,0.0978,0.4731,1.0000,0.0000,21.0000,1.5000,1.5054,15.5000
1027,5,0.0063,2.4000,0.0963,0.1047,1.0000,0.0000,14.0000,1.0000,1.1111,5.6000
1028,2,0.0072,3.0000,0.1250,0.2618,1.0000,0.0000,16.0000,1.0000,2.5000,12.5000
1029,1,0.0800,9.0000,0.3636,0.4104,1.0000,0.0000,14.0000,4.0000,10.4615,26.0000
1030,0,0.0000,0.0000,0.0000,0.0000,0.0000,0.0000,0.0000,0.0000
1031,3,0.0047,2.0000,0.0802,0.0000,1.0000,0.0000,18.0000,1.0000,1.3228,9.3333
1032,5,0.0069,2.4000,0.0916,0.0000,1.2000,104.0374,13.0000,1.4000,1.4194,6.2000
1033,0,0.0000,0.0000,0.0000,0.0000,0.0000,0.0000,0.0000,0.0000
1034,3,0.0467,3.0000,0.1623,0.0535,1.3333,210.9026,14.0000,2.6667,2.7915,9.6667
1035,0,0.0000,0.0000,0.0000,0.0000,0.0000,0.0000,0.0000,0.0000
1036,2,0.0296,5.0000,0.1824,0.2428,1.0000,0.0000,15.0000,2.5000,2.9885,15.0000
1037,0,0.0000,0.0000,0.0000,0.0000,0.0000,0.0000,0.0000,0.0000
1038,1,0.0228,4.0000,0.1875,0.1945,1.0000,0.0000,14.0000,1.0000,8.9947,28.0000
1039,0,0.0000,0.0000,0.0000,0.0000,0.0000,0.0000,0.0000,0.0000
1040,4,0.0906,3.0000,0.1705,0.1449,1.0000,0.0000,12.0000,2.7500,1.8333,6.2500
1041,0,0.0000,0.0000,0.0000,0.0000,0.0000,0.0000,0.0000,0.0000
1042,0,0.0000,0.0000,0.0000,0.0000,0.0000,0.0000,0.0000,0.0000
1043,0,0.0000,0.0000,0.0000,0.0000,0.0000,0.0000,0.0000,0.0000
1044,2,0.0083,3.5000,0.1400,0.2618,1.0000,0.0000,17.0000,1.0000,2.1538,13.0000
1045,1,0.0099,4.0000,0.1437,0.4142,1.0000,0.0000,23.0000,1.0000,3.2184,30.0000
1046,1,0.0181,5.0000,0.2143,0.3763,1.0000,0.0000,14.0000,1.0000,8.0000,25.0000
1047,0,0.0000,0.0000,0.0000,0.0000,0.0000,0.0000,0.0000,0.0000
1048,0,0.0000,0.0000,0.0000,0.0000,0.0000,0.0000,0.0000,0.0000
1049,3,0.0051,2.0000,0.0833,0.0000,1.0000,0.0000,19.0000,1.0000,1.1396,9.0000
1050,3,0.0344,3.0000,0.1787,0.0000,1.0000,0.0000,14.0000,1.3333,2.4444,8.3333
1051,1,0.0430,12.0000,0.3871,0.3068,1.0000,0.0000,18.0000,2.0000,12.2984,32.0000
1052,3,0.0184,2.6667,0.1373,0.0000,1.0000,0.0000,11.0000,1.3333,2.5362,8.0000
1053,2,0.0184,2.5000,0.1467,0.4731,1.0000,0.0000,16.0000,1.5000,1.6667,10.5000
1054,1,0.0158,4.0000,0.2000,0.5236,1.0000,0.0000,15.0000,1.0000,6.1905,21.0000
1055,0,0.0000,0.0000,0.0000,0.0000,0.0000,0.0000,0.0000,0.0000
1056,2,0.0043,2.0000,0.0909,0.5000,1.0000,0.0000,17.0000,1.0000,1.3834,11.5000
1057,2,0.0138,3.0000,0.1341,0.2667,1.0000,0.0000,16.0000,1.5000,2.1739,12.0000
1058,5,0.0299,3.2000,0.1392,0.0973,1.2000,36.8249,15.0000,2.4000,1.3333,6.2000
1059,4,0.0363,3.7500,0.1670,0.0758,1.2500,128.3366,13.0000,2.2500,2.1839,7.5000
1060,5,0.0094,3.4000,0.1091,0.0674,1.2000,69.5997,15.0000,1.4000,1.6508,7.2000
1061,4,0.0186,3.0000,0.1199,0.0000,1.2500,131.5959,11.0000,1.5000,1.9886,8.2500
1062,3,0.0317,4.3333,0.1526,0.1407,1.0000,0.0000,15.0000,3.0000,2.3524,12.3333
1063,4,0.0080,2.7500,0.1106,0.0594,1.0000,0.0000,15.0000,1.0000,1.5517,7.5000
1064,4,0.0179,3.2500,0.1361,0.2154,1.0000,0.0000,16.2500,1.5000,1.1084,7.2500
1065,0,0.0000,0.0000,0.0000,0.0000,0.0000,0.0000,0.0000,0.0000
1066,0,0.0000,0.0000,0.0000,0.0000,0.0000,0.0000,0.0000,0.0000
1067,1,0.0053,3.0000,0.1071,0.6116,1.0000,0.0000,21.0000,1.0000,2.4631,29.0000
1068,4,0.0356,3.7500,0.1565,0.1150,1.0000,0.0000,17.0000,2.5000,1.8817,7.7500
1069,2,0.0059,2.5000,0.0838,0.4731,1.0000,0.0000,26.0000,1.5000,1.1111,18.0000
1070,1,0.0033,2.0000,0.0800,0.0000,1.0000,0.0000,19.0000,1.0000,3.0769,26.0000
1071,0,0.0000,0.0000,0.0000,0.0000,0.0000,0.0000,0.0000,0.0000
1072,7,0.0381,2.4286,0.0964,0.0000,1.0000,0.0000,18.0000,1.8571,1.0082,5.2857
1073,6,0.0270,3.1667,0.1288,0.0217,1.0000,0.0000,14.1667,1.8333,1.4765,6.1667
1074,0,0.0000,0.0000,0.0000,0.0000,0.0000,0.0000,0.0000,0.0000
1075,1,0.0053,2.0000,0.1000,0.0000,1.0000,0.0000,14.0000,1.0000,5.2381,21.0000
1076,2,0.0095,2.0000,0.1071,0.0000,1.5000,232.1951,15.0000,1.0000,2.1645,11.0000
1077,3,0.0236,4.0000,0.1690,0.1926,1.0000,0.0000,13.0000,1.3333,2.6591,9.0000
1078,0,0.0000,0.0000,0.0000,0.0000,0.0000,0.0000,0.0000,0.0000
1079,0,0.0000,0.0000,0.0000,0.0000,0.0000,0.0000,0.0000,0.0000
1080,2,0.0067,2.0000,0.0900,0.0000,1.0000,0.0000,14.0000,1.0000,4.6154,13.0000
1081,3,0.0048,2.3333,0.0791,0.0000,1.0000,0.0000,20.0000,1.0000,1.5686,11.6667
1082,6,0.0167,3.0000,0.1071,0.2537,1.5000,277.2272,19.0000,1.5000,0.5942,5.6667
1083,2,0.0099,5.0000,0.1724,0.1793,1.0000,0.0000,19.0000,1.0000,3.9080,15.0000
1084,2,0.0362,4.0000,0.1855,0.2733,1.0000,0.0000,18.0000,2.5000,2.5862,14.5000
1085,1,0.0033,2.0000,0.0800,0.0000,1.0000,0.0000,18.0000,1.0000,4.9231,26.0000
1086,1,0.0476,5.0000,0.2225,0.1985,1.0000,0.0000,17.0000,3.0000,6.8966,29.0000
1087,0,0.0000,0.0000,0.0000,0.0000,0.0000,0.0000,0.0000,0.0000
1088,1,0.0017,2.0000,0.0571,0.0000,1.0000,0.0000,15.0000,1.0000,6.8254,36.0000
1089,2,0.0613,3.0000,0.1731,0.1093,1.0000,0.0000,13.0000,3.5000,5.1587,14.0000
1090,4,0.0109,2.0000,0.1004,0.0000,1.0000,0.0000,11.0000,1.2500,2.2645,6.0000
1091,2,0.0435,3.0000,0.1901,0.1876,1.5000,225.6388,14.0000,1.5000,3.6232,12.0000
1092,3,0.0628,3.6667,0.2170,0.0000,1.0000,0.0000,11.3333,2.3333,3.1111,8.3333
1093,3,0.0051,2.6667,0.1026,0.0000,1.0000,0.0000,15.0000,1.0000,2.3742,9.0000
1094,1,0.0028,2.0000,0.0741,0.0000,2.0000,256.6396,18.0000,1.0000,4.4974,28.0000
1095,0,0.0000,0.0000,0.0000,0.0000,0.0000,0.0000,0.0000,0.0000
1096,0,0.0000,0.0000,0.0000,0.0000,0.0000,0.0000,0.0000,0.0000
1097,1,0.0022,2.0000,0.0645,0.0000,1.0000,0.0000,21.0000,1.0000,3.4274,32.0000
1098,0,0.0000,0.0000,0.0000,0.0000,0.0000,0.0000,0.0000,0.0000
1099,1,0.0026,2.0000,0.0714,0.0000,1.0000,0.0000,19.0000,1.0000,5.6650,29.0000
1100,2,0.0368,3.0000,0.1519,0.1281,1.0000,0.0000,18.0000,2.5000,2.4731,15.5000
1101,0,0.0000,0.0000,0.0000,0.0000,0.0000,0.0000,0.0000,0.0000
1102,1,0.0040,2.0000,0.0870,0.0000,1.0000,0.0000,15.0000,1.0000,4.7101,24.0000
1103,2,0.1140,4.0000,0.3017,0.3022,1.0000,0.0000,11.0000,3.0000,5.2288,9.0000
1104,1,0.0409,3.0000,0.2591,0.1306,1.0000,0.0000,13.0000,1.0000,12.6316,20.0000
1105,1,0.0048,2.0000,0.0952,0.0000,1.0000,0.0000,16.0000,1.0000,3.4632,22.0000
1106,2,0.0079,2.5000,0.1250,0.3058,1.0000,0.0000,14.0000,1.0000,2.1429,10.5000
1107,1,0.0200,3.0000,0.1782,0.1699,1.0000,0.0000,17.0000,1.0000,6.7692,26.0000
1108,0,0.0000,0.0000,0.0000,0.0000,0.0000,0.0000,0.0000,0.0000
1109,1,0.0065,2.0000,0.1111,0.7071,1.0000,0.0000,17.0000,1.0000,1.7544,19.0000
1110,1,0.0167,4.0000,0.1905,0.5825,1.0000,0.0000,13.0000,1.0000,6.0606,22.0000
1111,2,0.0095,3.0000,0.1429,0.2618,1.0000,0.0000,16.0000,1.0000,2.1645,11.0000
1112,0,0.0000,0.0000,0.0000,0.0000,0.0000,0.0000,0.0000,0.0000
1113,3,0.0114,3.3333,0.1234,0.1670,1.0000,0.0000,22.0000,1.3333,1.3072,11.3333
1114,2,0.0027,2.5000,0.0735,0.0000,1.0000,0.0000,22.0000,1.0000,2.1008,17.5000
1115,0,0.0000,0.0000,0.0000,0.0000,0.0000,0.0000,0.0000,0.0000
1116,0,0.0000,0.0000,0.0000,0.0000,0.0000,0.0000,0.0000,0.0000
1117,3,0.0066,3.3333,0.1235,0.1541,1.0000,0.0000,16.0000,1.0000,1.8519,9.3333
1118,0,0.0000,0.0000,0.0000,0.0000,0.0000,0.0000,0.0000,0.0000
1119,2,0.0338,4.0000,0.1904,0.0000,1.0000,0.0000,14.0000,2.5000,3.8462,13.5000
1120,3,0.0074,2.6667,0.0826,0.0728,1.0000,0.0000,19.0000,1.3333,1.5516,12.3333
1121,4,0.0124,3.0000,0.1189,0.1332,1.0000,0.0000,19.0000,1.5000,0.9577,8.0000
1122,0,0.0000,0.0000,0.0000,0.0000,0.0000,0.0000,0.0000,0.0000
1123,3,0.0350,3.3333,0.1771,0.0001,1.0000,0.0000,14.0000,1.6667,2.0000,8.3333
1124,2,0.0190,2.5000,0.1397,0.0000,1.0000,0.0000,16.5000,1.0000,2.1645,11.0000
1125,1,0.0040,2.0000,0.0870,0.7071,1.0000,0.0000,18.0000,1.0000,2.5362,24.0000
1126,2,0.0079,3.0000,0.1304,0.2618,1.0000,0.0000,15.0000,1.0000,2.5362,12.0000
1127,2,0.0217,3.0000,0.1488,0.5000,1.5000,215.0305,16.0000,2.0000,2.0000,12.5000
1128,2,0.0057,3.0000,0.1111,0.2618,1.0000,0.0000,17.0000,1.0000,2.1164,14.0000
1129,6,0.0213,3.8333,0.1429,0.0934,1.0000,0.0000,13.0000,1.5000,1.3258,5.5000
1130,4,0.0370,3.2500,0.1820,0.1544,1.5000,169.6417,11.0000,1.5000,2.6478,7.2500
1131,2,0.0172,5.5000,0.1833,0.1827,1.0000,0.0000,18.0000,1.5000,3.9785,15.5000
1132,1,0.0161,4.0000,0.1406,0.0000,1.0000,0.0000,18.0000,2.0000,6.6288,33.0000
1133,6,0.0104,3.1667,0.1064,0.2029,1.0000,0.0000,19.0000,1.5000,0.6833,5.6667
1134,1,0.0462,7.0000,0.2735,0.4213,1.0000,0.0000,14.0000,3.0000,7.9772,27.0000
1135,2,0.0133,5.0000,0.2000,0.3269,1.0000,0.0000,15.0000,1.0000,3.6923,13.0000
1136,1,0.0036,2.0000,0.0833,0.0000,1.0000,0.0000,17.0000,1.0000,3.3333,25.0000
1137,0,0.0000,0.0000,0.0000,0.0000,0.0000,0.0000,0.0000,0.0000
1138,0,0.0000,0.0000,0.0000,0.0000,0.0000,0.0000,0.0000,0.0000
1139,0,0.0000,0.0000,0.0000,0.0000,0.0000,0.0000,0.0000,0.0000
1140,1,0.0067,3.0000,0.1200,0.0000,1.0000,0.0000,17.0000,1.0000,5.2308,26.0000
1141,0,0.0000,0.0000,0.0000,0.0000,0.0000,0.0000,0.0000,0.0000
1142,2,0.0079,3.0000,0.1304,0.2618,1.0000,0.0000,17.0000,1.0000,1.9928,12.0000
1143,0,0.0000,0.0000,0.0000,0.0000,0.0000,0.0000,0.0000,0.0000
1144,1,0.0048,2.0000,0.0952,0.0000,1.0000,0.0000,17.0000,1.0000,3.8961,22.0000
1145,3,0.0050,2.3333,0.0860,0.0772,1.0000,0.0000,18.0000,1.0000,1.5457,10.6667
1146,0,0.0000,0.0000,0.0000,0.0000,0.0000,0.0000,0.0000,0.0000
1147,2,0.0038,2.0000,0.0682,0.0000,1.0000,0.0000,18.0000,1.0000,4.2781,17.0000
1148,3,0.0205,3.3333,0.1441,0.1127,1.0000,0.0000,14.0000,1.3333,2.1456,10.0000
1149,3,0.0107,2.6667,0.1053,0.4685,1.3333,229.4873,21.0000,1.3333,0.9319,10.3333
1150,2,0.0299,4.5000,0.1620,0.1141,1.0000,0.0000,17.0000,2.0000,3.5484,15.5000
1151,0,0.0000,0.0000,0.0000,0.0000,0.0000,0.0000,0.0000,0.0000
1152,2,0.0138,2.5000,0.1275,0.0000,1.0000,0.0000,14.0000,1.5000,3.8043,12.0000
1153,0,0.0000,0.0000,0.0000,0.0000,0.0000,0.0000,0.0000,0.0000
1154,2,0.0152,2.5000,0.1333,0.4731,1.0000,0.0000,12.0000,1.5000,2.9644,11.5000
1155,0,0.0000,0.0000,0.0000,0.0000,0.0000,0.0000,0.0000,0.0000
1156,3,0.0476,3.3333,0.1970,0.2989,1.0000,0.0000,12.0000,2.0000,2.3088,7.3333
1157,3,0.0215,3.3333,0.1509,0.1540,1.0000,0.0000,16.0000,2.0000,1.8044,9.0000
1158,3,0.0313,4.0000,0.1823,0.1513,1.0000,0.0000,15.0000,2.0000,2.6455,9.3333
1159,0,0.0000,0.0000,0.0000,0.0000,0.0000,0.0000,0.0000,0.0000
1160,4,0.0092,2.0000,0.0924,0.0000,1.0000,0.0000,15.0000,1.2500,1.1538,6.5000
1161,3,0.0263,3.3333,0.1415,0.0001,1.0000,0.0000,19.0000,2.0000,1.3793,10.0000
1162,1,0.0026,2.0000,0.0714,0.0000,1.0000,0.0000,18.0000,1.0000,4.9261,29.0000
1163,4,0.0331,3.5000,0.1605,0.2067,1.0000,0.0000,16.0000,1.5000,1.3547,7.2500
1164,2,0.0145,3.5000,0.1493,0.2667,1.0000,0.0000,17.0000,1.5000,2.1667,12.5000
1165,0,0.0000,0.0000,0.0000,0.0000,0.0000,0.0000,0.0000,0.0000
1166,3,0.0144,2.0000,0.1097,0.5258,1.0000,0.0000,15.0000,1.3333,1.1858,7.6667
1167,4,0.0099,2.5000,0.1051,0.1342,1.0000,0.0000,19.0000,1.2500,0.9852,7.2500
1168,1,0.0043,3.0000,0.0968,0.0000,1.0000,0.0000,15.0000,1.0000,10.2823,32.0000
1169,2,0.0484,5.0000,0.2101,0.2501,1.0000,0.0000,16.0000,3.5000,3.8306,16.0000
1170,1,0.0570,8.0000,0.3000,0.4579,1.0000,0.0000,19.0000,4.0000,6.6138,28.0000
1171,1,0.0031,2.0000,0.0769,0.0000,1.0000,0.0000,18.0000,1.0000,3.7037,27.0000
1172,3,0.0144,2.0000,0.1097,0.0000,1.0000,0.0000,13.0000,1.3333,2.1080,7.6667
1173,0,0.0000,0.0000,0.0000,0.0000,0.0000,0.0000,0.0000,0.0000
1174,3,0.0122,2.6667,0.1239,0.2378,1.0000,0.0000,18.0000,1.3333,1.2308,8.6667
1175,3,0.0145,3.0000,0.1370,0.2052,1.3333,257.5413,15.3333,1.3333,1.4444,8.3333
1176,0,0.0000,0.0000,0.0000,0.0000,0.0000,0.0000,0.0000,0.0000
1177,1,0.0316,6.0000,0.2935,0.2676,1.0000,0.0000,11.0000,1.0000,14.1304,24.0000
1178,2,0.0057,2.5000,0.0929,0.1655,1.0000,0.0000,22.0000,1.0000,1.5054,15.5000
1179,4,0.0063,2.0000,0.0770,0.0000,1.0000,0.0000,20.0000,1.2500,0.8065,7.7500
1180,1,0.0072,3.0000,0.1250,0.0000,1.0000,0.0000,14.0000,1.0000,6.6667,25.0000
1181,1,0.0049,3.0000,0.1034,0.0001,1.0000,0.0000,20.0000,1.0000,3.6782,30.0000
1182,4,0.0150,2.5000,0.1175,0.2884,1.0000,0.0000,14.0000,1.5000,1.1538,6.5000
1183,0,0.0000,0.0000,0.0000,0.0000,0.0000,0.0000,0.0000,0.0000
1184,1,0.0062,3.0000,0.1154,0.0000,1.0000,0.0000,16.0000,1.0000,5.9829,27.0000
1185,0,0.0000,0.0000,0.0000,0.0000,0.0000,0.0000,0.0000,0.0000
1186,5,0.0215,2.4000,0.1206,0.0463,1.0000,0.0000,15.0000,1.6000,1.1966,5.4000
1187,1,0.0346,4.0000,0.2045,0.3777,1.0000,0.0000,14.0000,2.0000,6.3241,23.0000
1188,2,0.0053,2.0000,0.0804,0.0000,1.0000,0.0000,21.0000,1.0000,1.4778,14.5000
1189,3,0.0689,4.3333,0.2413,0.1292,1.3333,171.3052,14.0000,2.0000,3.4872,8.6667
1190,3,0.0359,3.3333,0.1702,0.2240,1.0000,0.0000,14.0000,1.6667,2.1842,9.0000
1191,1,0.0197,5.0000,0.1773,0.4460,1.0000,0.0000,20.0000,2.0000,4.1379,30.0000
1192,0,0.0000,0.0000,0.0000,0.0000,0.0000,0.0000,0.0000,0.0000
1193,3,0.0132,4.0000,0.1546,0.2188,1.0000,0.0000,15.0000,1.0000,2.0525,9.6667
1194,1,0.0336,8.0000,0.2314,0.4555,1.0000,0.0000,20.0000,4.0000,5.8730,36.0000
1195,0,0.0000,0.0000,0.0000,0.0000,0.0000,0.0000,0.0000,0.0000
1196,2,0.0043,2.5000,0.0926,0.3058,1.0000,0.0000,17.0000,1.0000,1.8519,14.0000
1197,1,0.0228,4.0000,0.1667,0.0001,1.0000,0.0000,14.0000,2.0000,7.6720,28.0000
1198,6,0.0388,3.1667,0.1349,0.0652,1.0000,0.0000,17.1667,1.6667,1.1884,5.6667
1199,1,0.0504,6.0000,0.2664,0.1064,1.0000,0.0000,15.0000,2.0000,13.4921,36.0000
1200,2,0.0021,2.5000,0.0658,0.0000,1.0000,0.0000,19.0000,1.0000,3.9136,19.5000
1201,1,0.0026,2.0000,0.0714,0.0000,1.0000,0.0000,18.0000,1.0000,4.4335,29.0000
1202,0,0.0000,0.0000,0.0000,0.0000,0.0000,0.0000,0.0000,0.0000
1203,1,0.0036,2.0000,0.0833,0.0000,1.0000,0.0000,19.0000,1.0000,3.0000,25.0000
1204,5,0.0113,2.2000,0.0917,0.0950,1.0000,0.0000,17.0000,1.4000,0.7356,6.0000
1205,4,0.0055,2.7500,0.0991,0.1309,1.2500,114.9403,17.0000,1.0000,1.0345,7.5000
1206,0,0.0000,0.0000,0.0000,0.0000,0.0000,0.0000,0.0000,0.0000
1207,0,0.0000,0.0000,0.0000,0.0000,0.0000,0.0000,0.0000,0.0000
1208,1,0.0087,3.0000,0.1364,0.0000,1.0000,0.0000,13.0000,1.0000,6.3241,23.0000
1209,0,0.0000,0.0000,0.0000,0.0000,0.0000,0.0000,0.0000,0.0000
1210,0,0.0000,0.0000,0.0000,0.0000,0.0000,0.0000,0.0000,0.0000
1211,2,0.0200,2.5000,0.1346,0.0000,1.0000,0.0000,16.0000,1.5000,3.7037,13.5000
1212,2,0.0281,3.0000,0.1767,0.2683,1.0000,0.0000,17.0000,1.5000,2.3715,11.5000
1213,2,0.0234,4.5000,0.2014,0.2254,1.0000,0.0000,21.0000,1.5000,2.8736,15.0000
1214,0,0.0000,0.0000,0.0000,0.0000,0.0000,0.0000,0.0000,0.0000
1215,2,0.0065,2.5000,0.1136,0.0000,1.0000,0.0000,13.0000,1.0000,2.9644,11.5000
1216,3,0.0145,3.0000,0.1507,0.0772,1.0000,0.0000,14.0000,1.0000,2.2947,8.0000
1217,4,0.0048,2.2500,0.0796,0.2365,1.0000,0.0000,20.0000,1.2500,0.7560,8.0000
1218,2,0.0066,3.5000,0.1250,0.0000,1.0000,0.0000,16.0000,1.0000,3.4483,14.5000
1219,2,0.0385,4.5000,0.1864,0.1576,1.0000,0.0000,13.0000,2.5000,4.7009,13.5000
1220,1,0.0072,3.0000,0.1250,0.0000,1.0000,0.0000,14.0000,1.0000,7.3333,25.0000
1221,0,0.0000,0.0000,0.0000,0.0000,0.0000,0.0000,0.0000,0.0000
1222,1,0.0053,3.0000,0.1071,0.0000,1.0000,0.0000,19.0000,1.0000,4.6798,29.0000
1223,1,0.0040,2.0000,0.0870,0.0000,1.0000,0.0000,15.0000,1.0000,5.0725,24.0000
1224,1,0.0260,4.0000,0.1894,0.5334,1.0000,0.0000,16.0000,2.0000,4.7431,23.0000
1225,1,0.0031,2.0000,0.0769,0.0000,1.0000,0.0000,19.0000,1.0000,3.4188,27.0000
1226,2,0.0040,2.0000,0.0870,0.0000,1.0000,0.0000,16.0000,1.0000,2.1739,12.0000
1227,1,0.0033,2.0000,0.0800,0.0000,1.0000,0.0000,16.0000,1.0000,8.9231,26.0000
1228,0,0.0000,0.0000,0.0000,0.0000,0.0000,0.0000,0.0000,0.0000
1229,4,0.0258,3.0000,0.1505,0.0728,1.0000,0.0000,13.0000,2.0000,1.9704,7.2500
1230,1,0.0105,3.0000,0.1500,0.6116,1.0000,0.0000,15.0000,1.0000,3.8095,21.0000
1231,0,0.0000,0.0000,0.0000,0.0000,0.0000,0.0000,0.0000,0.0000
1232,1,0.0058,2.0000,0.1053,0.0000,1.0000,0.0000,12.0000,1.0000,9.4737,20.0000
1233,0,0.0000,0.0000,0.0000,0.0000,0.0000,0.0000,0.0000,0.0000
1234,2,0.0062,2.0000,0.0865,0.0000,1.0000,0.0000,17.0000,1.0000,2.9915,13.5000
1235,2,0.0114,4.5000,0.1667,0.2120,1.0000,0.0000,13.0000,1.0000,3.8360,14.0000
1236,0,0.0000,0.0000,0.0000,0.0000,0.0000,0.0000,0.0000,0.0000
1237,0,0.0000,0.0000,0.0000,0.0000,0.0000,0.0000,0.0000,0.0000
1238,2,0.0099,2.5000,0.1011,0.0000,1.0000,0.0000,19.5000,1.0000,2.6437,15.0000
1239,2,0.0057,2.0000,0.0833,0.0000,1.0000,0.0000,19.0000,1.0000,1.8519,14.0000
1240,0,0.0000,0.0000,0.0000,0.0000,0.0000,0.0000,0.0000,0.0000
1241,2,0.0109,3.0000,0.1369,0.1917,1.0000,0.0000,16.0000,1.0000,2.5000,12.5000
1242,1,0.0500,6.0000,0.2560,0.3966,1.0000,0.0000,17.0000,3.0000,6.4615,26.0000
1243,0,0.0000,0.0000,0.0000,0.0000,0.0000,0.0000,0.0000,0.0000
1244,3,0.0076,2.6667,0.1083,0.1278,1.0000,0.0000,17.0000,1.0000,1.4991,9.3333
1245,4,0.0236,2.5000,0.1327,0.0000,1.2500,102.6840,12.0000,1.5000,2.0833,6.2500
1246,1,0.0265,4.0000,0.1750,0.3092,1.0000,0.0000,19.0000,2.0000,4.1872,29.0000
1247,2,0.0100,3.0000,0.1278,0.1214,1.5000,270.0222,16.0000,1.0000,3.4392,14.0000
1248,0,0.0000,0.0000,0.0000,0.0000,0.0000,0.0000,0.0000,0.0000
1249,2,0.0117,2.5000,0.1173,0.0000,1.0000,0.0000,18.0000,1.5000,2.0000,13.0000
1250,0,0.0000,0.0000,0.0000,0.0000,0.0000,0.0000,0.0000,0.0000
1251,1,0.0133,5.0000,0.2000,0.4623,1.0000,0.0000,16.0000,1.0000,5.8462,26.0000
1252,0,0.0000,0.0000,0.0000,0.0000,0.0000,0.0000,0.0000,0.0000
1253,4,0.0165,3.0000,0.1489,0.0261,1.0000,0.0000,13.0000,1.2500,3.3251,7.2500
1254,1,0.0462,7.0000,0.2735,0.4213,1.0000,0.0000,17.0000,3.0000,6.5527,27.0000
1255,2,0.0313,3.5000,0.1943,0.1418,1.0000,0.0000,16.0000,1.5000,4.4974,14.0000
1256,2,0.0542,3.5000,0.1933,0.2621,1.0000,0.0000,13.0000,2.0000,3.5385,13.0000
1257,1,0.0397,5.0000,0.2078,0.3002,1.0000,0.0000,19.0000,3.0000,5.4187,29.0000
1258,1,0.0074,3.0000,0.1103,0.0000,1.0000,0.0000,18.0000,1.0000,5.0575,30.0000
1259,6,0.0874,3.0000,0.1559,0.0661,1.0000,0.0000,17.1667,2.1667,1.0101,5.5000
1260,2,0.0014,2.0000,0.0526,0.0000,1.0000,0.0000,17.0000,1.0000,5.1957,19.5000
1261,2,0.0016,2.0000,0.0556,0.0000,1.0000,0.0000,23.0000,1.0000,2.3273,18.5000
1262,6,0.0082,2.1667,0.0812,0.1020,1.0000,0.0000,22.0000,1.3333,0.4032,5.3333
1263,0,0.0000,0.0000,0.0000,0.0000,0.0000,0.0000,0.0000,0.0000
1264,2,0.0062,4.5000,0.1324,0.2091,1.0000,0.0000,22.0000,1.0000,2.1849,17.5000
1265,2,0.0034,2.5000,0.0833,0.0000,1.0000,0.0000,20.0000,1.0000,1.7204,15.5000
1266,1,0.0133,3.0000,0.1429,0.3310,1.0000,0.0000,20.0000,1.0000,3.3846,26.0000
1267,1,0.0324,7.0000,0.2540,0.4176,1.0000,0.0000,14.0000,2.0000,8.6207,29.0000
1268,5,0.0202,3.2000,0.1378,0.0924,1.0000,0.0000,18.0000,1.6000,1.2500,6.4000
1269,1,0.0712,7.0000,0.2849,0.4346,1.0000,0.0000,17.0000,5.0000,7.6720,28.0000
1270,0,0.0000,0.0000,0.0000,0.0000,0.0000,0.0000,0.0000,0.0000
1271,2,0.0216,3.0000,0.1657,0.3566,1.0000,0.0000,18.0000,1.5000,1.7787,11.5000
1272,1,0.0108,3.0000,0.1290,0.2316,1.0000,0.0000,19.0000,1.0000,5.0403,32.0000
1273,3,0.0090,3.3333,0.1026,0.0000,1.0000,0.0000,21.0000,1.3333,2.6091,13.0000
1274,3,0.0088,2.3333,0.0909,0.0000,1.3333,175.2613,15.0000,1.3333,2.4361,11.3333
1275,0,0.0000,0.0000,0.0000,0.0000,0.0000,0.0000,0.0000,0.0000
1276,1,0.0033,2.0000,0.0800,0.0000,1.0000,0.0000,15.0000,1.0000,12.3077,26.0000
1277,2,0.0142,4.5000,0.1667,0.2419,1.0000,0.0000,16.0000,1.5000,3.1746,14.0000
1278,0,0.0000,0.0000,0.0000,0.0000,0.0000,0.0000,0.0000,0.0000
1279,1,0.0058,2.0000,0.1053,0.0000,1.0000,0.0000,14.0000,1.0000,6.8421,20.0000
1280,2,0.0450,3.5000,0.1968,0.0912,1.5000,364.3980,13.0000,1.5000,4.1872,14.5000
1281,0,0.0000,0.0000,0.0000,0.0000,0.0000,0.0000,0.0000,0.0000
1282,2,0.0028,2.0000,0.0741,0.0000,1.0000,0.0000,17.0000,1.0000,2.1164,14.0000
1283,2,0.0057,2.0000,0.0833,0.0000,1.0000,0.0000,16.0000,1.0000,2.3810,14.0000
1284,1,0.1186,8.0000,0.3758,0.3892,1.0000,0.0000,11.0000,5.0000,13.4058,24.0000
1285,1,0.0222,4.0000,0.1690,0.0000,1.0000,0.0000,17.0000,1.0000,6.6667,30.0000
1286,0,0.0000,0.0000,0.0000,0.0000,0.0000,0.0000,0.0000,0.0000
1287,0,0.0000,0.0000,0.0000,0.0000,0.0000,0.0000,0.0000,0.0000
1288,1,0.0067,3.0000,0.1200,0.0000,1.0000,0.0000,18.0000,1.0000,4.9231,26.0000
1289,3,0.0133,2.6667,0.1291,0.2378,1.0000,0.0000,18.0000,1.3333,1.2222,8.3333
1290,2,0.0046,2.5000,0.0833,0.0000,1.0000,0.0000,17.5000,1.0000,2.6882,15.5000
1291,3,0.0184,3.0000,0.1557,0.1948,1.3333,146.0218,15.0000,1.3333,1.9324,8.0000
1292,2,0.0053,3.0000,0.1071,0.4325,1.0000,0.0000,17.0000,1.0000,1.9704,14.5000
1293,2,0.0108,3.5000,0.1591,0.2311,1.0000,0.0000,15.0000,1.0000,2.9644,11.5000
1294,0,0.0000,0.0000,0.0000,0.0000,0.0000,0.0000,0.0000,0.0000
1295,1,0.0474,4.0000,0.2250,0.5164,1.0000,0.0000,14.0000,3.0000,5.7143,21.0000
1296,1,0.0048,2.0000,0.0952,0.0000,1.0000,0.0000,16.0000,1.0000,4.3290,22.0000
1297,5,0.0280,2.6000,0.1269,0.3227,1.0000,0.0000,13.2000,1.6000,0.9846,5.2000
1298,1,0.0092,5.0000,0.1667,0.4623,1.0000,0.0000,20.0000,1.0000,4.3011,31.0000
1299,0,0.0000,0.0000,0.0000,0.0000,0.0000,0.0000,0.0000,0.0000
1300,0,0.0000,0.0000,0.0000,0.0000,0.0000,0.0000,0.0000,0.0000
1301,3,0.0036,2.3333,0.0753,0.0000,1.0000,0.0000,15.3333,1.0000,2.0161,10.6667
1302,0,0.0000,0.0000,0.0000,0.0000,0.0000,0.0000,0.0000,0.0000
1303,4,0.0063,2.2500,0.0864,0.2366,1.0000,0.0000,21.0000,1.2500,0.6452,7.7500
1304,3,0.0204,3.6667,0.1638,0.0000,1.0000,0.0000,16.0000,1.3333,2.5090,10.3333
1305,0,0.0000,0.0000,0.0000,0.0000,0.0000,0.0000,0.0000,0.0000
1306,5,0.0084,2.2000,0.0904,0.1893,1.0000,0.0000,19.0000,1.4000,0.5977,6.0000
1307,0,0.0000,0.0000,0.0000,0.0000,0.0000,0.0000,0.0000,0.0000
1308,2,0.0018,2.0000,0.0588,0.0000,1.0000,0.0000,18.0000,1.0000,2.9412,17.5000
1309,4,0.0059,2.5000,0.0838,0.0000,1.0000,0.0000,18.0000,1.5000,1.5079,9.0000
1310,2,0.0048,2.5000,0.0778,0.0000,1.5000,242.4473,16.0000,1.0000,3.6787,18.5000
1311,1,0.1587,10.0000,0.3975,0.2846,1.0000,0.0000,14.0000,6.0000,15.2709,29.0000
1312,1,0.0151,4.0000,0.1720,0.1909,1.0000,0.0000,16.0000,1.0000,8.0645,32.0000
1313,2,0.0173,4.0000,0.1818,0.2763,1.0000,0.0000,14.0000,1.5000,2.9644,11.5000
1314,0,0.0000,0.0000,0.0000,0.0000,0.0000,0.0000,0.0000,0.0000
1315,1,0.0036,2.0000,0.0833,0.0000,1.0000,0.0000,19.0000,1.0000,3.6667,25.0000
1316,0,0.0000,0.0000,0.0000,0.0000,0.0000,0.0000,0.0000,0.0000
1317,1,0.0123,3.0000,0.1374,0.0000,1.0000,0.0000,12.0000,1.0000,9.4017,27.0000
1318,3,0.0066,2.3333,0.0904,0.0000,1.0000,0.0000,20.0000,1.3333,1.3793,10.0000
1319,4,0.0385,2.7500,0.1459,0.1564,1.0000,0.0000,16.0000,1.7500,1.4245,6.7500
1320,1,0.0043,2.0000,0.0909,0.7071,1.0000,0.0000,18.0000,1.0000,2.3715,23.0000
1321,2,0.0072,2.0000,0.0938,0.0000,1.0000,0.0000,18.0000,1.0000,1.6667,12.5000
1322,1,0.0345,5.0000,0.1877,0.4064,1.0000,0.0000,18.0000,1.0000,5.0575,30.0000
1323,3,0.0079,3.0000,0.1169,0.0814,1.0000,0.0000,15.0000,1.0000,2.7094,9.6667
1324,2,0.0071,3.0000,0.1148,0.0000,1.0000,0.0000,15.0000,1.0000,4.2328,14.0000
1325,1,0.0143,4.0000,0.1324,0.4464,1.0000,0.0000,20.0000,2.0000,3.6975,35.0000
1326,3,0.0205,2.6667,0.1423,0.1120,1.0000,0.0000,17.0000,1.3333,1.9943,9.0000
1327,3,0.0178,3.6667,0.1619,0.1541,1.3333,135.9080,16.0000,1.6667,1.9487,8.6667
1328,4,0.0080,2.5000,0.0983,0.1783,1.0000,0.0000,19.0000,1.2500,0.9677,7.7500
1329,2,0.0215,4.0000,0.1317,0.0000,1.0000,0.0000,14.0000,2.0000,7.1573,16.0000
1330,2,0.0036,2.0000,0.0662,0.0000,1.0000,0.0000,23.0000,1.0000,3.4454,17.5000
1331,3,0.0123,2.6667,0.1128,0.0000,1.0000,0.0000,16.0000,1.3333,1.7241,9.6667
1332,0,0.0000,0.0000,0.0000,0.0000,0.0000,0.0000,0.0000,0.0000
1333,4,0.0168,2.2500,0.1168,0.0000,1.0000,0.0000,11.0000,1.5000,3.0797,6.0000
1334,3,0.0158,3.0000,0.1492,0.2378,1.0000,0.0000,15.0000,1.3333,1.6908,8.0000
1335,0,0.0000,0.0000,0.0000,0.0000,0.0000,0.0000,0.0000,0.0000
1336,0,0.0000,0.0000,0.0000,0.0000,0.0000,0.0000,0.0000,0.0000
1337,0,0.0000,0.0000,0.0000,0.0000,0.0000,0.0000,0.0000,0.0000
1338,2,0.0435,4.0000,0.2152,0.2998,1.0000,0.0000,15.0000,2.5000,3.0797,12.0000
1339,0,0.0000,0.0000,0.0000,0.0000,0.0000,0.0000,0.0000,0.0000
1340,3,0.0181,3.0000,0.1496,0.1789,1.0000,0.0000,15.0000,1.3333,2.0000,8.3333
1341,6,0.0326,3.1667,0.1304,0.1222,1.1667,65.3422,18.0000,1.5000,0.9409,5.3333
1342,2,0.0075,2.5000,0.0946,0.0000,1.0000,0.0000,21.0000,1.5000,1.6129,16.0000
1343,4,0.0188,4.0000,0.1501,0.1891,1.0000,0.0000,18.2500,1.5000,1.2097,8.0000
1344,0,0.0000,0.0000,0.0000,0.0000,0.0000,0.0000,0.0000,0.0000
1345,4,0.0245,2.7500,0.1687,0.2500,1.0000,0.0000,9.0000,1.5000,2.0468,4.7500
1346,2,0.0205,2.5000,0.1544,0.4731,1.0000,0.0000,14.0000,1.5000,2.1053,10.0000
1347,0,0.0000,0.0000,0.0000,0.0000,0.0000,0.0000,0.0000,0.0000
1348,1,0.0023,2.0000,0.0667,0.0000,1.0000,0.0000,16.0000,1.0000,13.1183,31.0000
1349,6,0.1075,4.5000,0.1639,0.0523,1.1667,33.5665,17.1667,2.0000,0.9756,6.8333
1350,2,0.0025,2.0000,0.0690,0.0000,1.0000,0.0000,15.0000,1.0000,3.2184,15.0000
1351,1,0.0053,2.0000,0.1000,0.0000,2.0000,673.6968,15.0000,1.0000,4.7619,21.0000
1352,3,0.0087,2.3333,0.1136,0.2039,1.0000,0.0000,15.0000,1.0000,1.3175,7.6667
1353,0,0.0000,0.0000,0.0000,0.0000,0.0000,0.0000,0.0000,0.0000
1354,0,0.0000,0.0000,0.0000,0.0000,0.0000,0.0000,0.0000,0.0000
1355,6,0.0134,3.0000,0.1096,0.1589,1.0000,0.0000,15.0000,1.3333,0.8207,5.5000
1356,0,0.0000,0.0000,0.0000,0.0000,0.0000,0.0000,0.0000,0.0000
1357,0,0.0000,0.0000,0.0000,0.0000,0.0000,0.0000,0.0000,0.0000
1358,3,0.0287,3.3333,0.1328,0.0000,1.0000,0.0000,13.0000,2.0000,2.8352,10.0000
1359,0,0.0000,0.0000,0.0000,0.0000,0.0000,0.0000,0.0000,0.0000
1360,6,0.0304,2.3333,0.1123,0.0000,1.1667,107.9068,16.0000,1.6667,1.0263,4.8333
1361,3,0.0144,3.0000,0.1495,0.1745,1.0000,0.0000,13.0000,1.3333,1.9763,7.6667
1362,0,0.0000,0.0000,0.0000,0.0000,0.0000,0.0000,0.0000,0.0000
1363,2,0.0072,2.0000,0.0938,0.0001,1.0000,0.0000,17.0000,1.0000,1.8333,12.5000
1364,1,0.0065,2.0000,0.1111,0.0000,1.0000,0.0000,14.0000,1.0000,4.6784,19.0000
1365,2,0.0167,2.5000,0.1397,0.0000,1.0000,0.0000,11.0000,1.5000,4.3290,11.0000
1366,0,0.0000,0.0000,0.0000,0.0000,0.0000,0.0000,0.0000,0.0000
1367,1,0.0033,2.0000,0.0800,0.0000,1.0000,0.0000,15.0000,1.0000,6.1538,26.0000
1368,0,0.0000,0.0000,0.0000,0.0000,0.0000,0.0000,0.0000,0.0000
1369,1,0.0131,3.0000,0.1667,0.6116,1.0000,0.0000,16.0000,1.0000,2.9240,19.0000
1370,2,0.0105,2.0000,0.1125,0.6015,1.0000,0.0000,15.0000,1.0000,1.6667,10.5000
1371,0,0.0000,0.0000,0.0000,0.0000,0.0000,0.0000,0.0000,0.0000
1372,1,0.0053,3.0000,0.1071,0.0000,1.0000,0.0000,18.0000,1.0000,5.1724,29.0000
1373,2,0.0291,4.5000,0.1847,0.0001,1.0000,0.0000,17.0000,2.0000,2.8325,14.5000
1374,1,0.0101,3.0000,0.1250,0.0002,1.0000,0.0000,18.0000,1.0000,5.4924,33.0000
1375,0,0.0000,0.0000,0.0000,0.0000,0.0000,0.0000,0.0000,0.0000
1376,3,0.0054,3.0000,0.1019,0.1540,1.0000,0.0000,18.0000,1.0000,1.4337,10.3333
1377,1,0.0033,2.0000,0.0800,0.0000,1.0000,0.0000,13.0000,1.0000,9.2308,26.0000
1378,0,0.0000,0.0000,0.0000,0.0000,0.0000,0.0000,0.0000,0.0000
1379,4,0.0285,2.7500,0.1284,0.4104,1.0000,0.0000,18.0000,2.0000,0.9259,7.0000
1380,1,0.0033,2.0000,0.0800,0.0000,1.0000,0.0000,17.0000,1.0000,4.9231,26.0000
1381,2,0.0087,2.0000,0.1023,0.0000,1.0000,0.0000,13.0000,1.0000,4.3478,11.5000
1382,3,0.0435,4.3333,0.2323,0.3019,1.3333,153.7149,16.0000,1.6667,2.1111,8.3333
1383,0,0.0000,0.0000,0.0000,0.0000,0.0000,0.0000,0.0000,0.0000
1384,2,0.0086,2.5000,0.1011,0.0000,1.0000,0.0000,18.0000,1.5000,2.0690,15.0000
1385,0,0.0000,0.0000,0.0000,0.0000,0.0000,0.0000,0.0000,0.0000
1386,0,0.0000,0.0000,0.0000,0.0000,0.0000,0.0000,0.0000,0.0000
1387,2,0.0095,2.0000,0.1071,0.0000,1.0000,0.0000,13.0000,1.0000,3.4632,11.0000
1388,0,0.0000,0.0000,0.0000,0.0000,0.0000,0.0000,0.0000,0.0000
1389,2,0.0198,3.0000,0.1585,0.3566,1.0000,0.0000,15.0000,1.5000,2.5362,12.0000
1390,3,0.0194,3.0000,0.1464,0.0969,1.0000,0.0000,14.0000,1.3333,2.6273,9.6667
1391,5,0.0343,3.8000,0.1699,0.1315,1.2000,96.3600,12.0000,2.0000,1.5914,6.2000
1392,0,0.0000,0.0000,0.0000,0.0000,0.0000,0.0000,0.0000,0.0000
1393,1,0.0062,3.0000,0.1154,0.0000,1.0000,0.0000,18.0000,1.0000,5.9829,27.0000
1394,1,0.0040,2.0000,0.0870,0.0000,1.0000,0.0000,16.0000,1.0000,4.3478,24.0000
1395,1,0.0028,2.0000,0.0741,0.0000,1.0000,0.0000,15.0000,1.0000,8.7302,28.0000
1396,0,0.0000,0.0000,0.0000,0.0000,0.0000,0.0000,0.0000,0.0000
1397,2,0.0023,2.0000,0.0667,0.0000,1.0000,0.0000,23.0000,1.0000,1.1828,15.5000
1398,3,0.0508,4.0000,0.1595,0.2722,1.3333,97.1168,20.0000,2.6667,1.5516,12.3333
1399,1,0.0016,2.0000,0.0556,0.0000,1.0000,0.0000,19.0000,1.0000,6.1562,37.0000
1400,2,0.0086,4.0000,0.1362,0.0000,1.0000,0.0000,16.0000,1.0000,4.6371,16.0000
1401,3,0.0483,2.3333,0.1614,0.0807,1.0000,0.0000,14.0000,1.6667,2.4444,8.3333
1402,3,0.0448,2.6667,0.1735,0.1524,1.0000,0.0000,13.0000,1.6667,2.8986,8.0000
1403,2,0.0198,3.0000,0.1585,0.3566,1.0000,0.0000,15.0000,1.5000,2.3551,12.0000
1404,0,0.0000,0.0000,0.0000,0.0000,0.0000,0.0000,0.0000,0.0000
1405,4,0.0102,2.2500,0.0841,0.0000,1.0000,0.0000,22.0000,1.5000,1.0924,8.7500
1406,2,0.0025,2.5000,0.0714,0.0000,1.0000,0.0000,19.0000,1.0000,2.9365,18.0000
1407,2,0.0556,4.0000,0.2101,0.1609,1.0000,0.0000,15.0000,2.5000,4.0640,14.5000
1408,0,0.0000,0.0000,0.0000,0.0000,0.0000,0.0000,0.0000,0.0000
1409,3,0.0194,2.6667,0.1267,0.0000,1.0000,0.0000,15.0000,1.3333,2.5452,9.6667
1410,0,0.0000,0.0000,0.0000,0.0000,0.0000,0.0000,0.0000,0.0000
1411,3,0.0111,2.0000,0.0965,0.0000,1.0000,0.0000,18.0000,1.3333,1.2308,8.6667
1412,2,0.0091,3.5000,0.1458,0.2311,1.0000,0.0000,17.0000,1.0000,2.5000,12.5000
1413,1,0.0652,5.0000,0.2966,0.1321,2.0000,359.6826,14.0000,2.0000,14.0000,25.0000
1414,1,0.0040,2.0000,0.0870,0.0000,1.0000,0.0000,17.0000,1.0000,3.9855,24.0000
1415,1,0.0292,4.0000,0.2368,0.3765,1.0000,0.0000,13.0000,1.0000,7.3684,20.0000
1416,1,0.0316,3.0000,0.2042,0.1959,1.0000,0.0000,14.0000,1.0000,7.6190,21.0000
1417,0,0.0000,0.0000,0.0000,0.0000,0.0000,0.0000,0.0000,0.0000
1418,1,0.0519,4.0000,0.2424,0.0000,1.0000,0.0000,9.0000,2.0000,11.8577,23.0000
1419,1,0.0040,2.0000,0.0870,0.0000,1.0000,0.0000,16.0000,1.0000,5.4348,24.0000
1420,1,0.0028,2.0000,0.0741,0.0000,1.0000,0.0000,20.0000,1.0000,6.3492,28.0000
1421,2,0.0289,3.5000,0.1987,0.3205,1.0000,0.0000,15.0000,1.5000,2.7668,11.5000
1422,0,0.0000,0.0000,0.0000,0.0000,0.0000,0.0000,0.0000,0.0000
1423,1,0.0036,2.0000,0.0833,0.0000,1.0000,0.0000,17.0000,1.0000,5.3333,25.0000
1424,0,0.0000,0.0000,0.0000,0.0000,0.0000,0.0000,0.0000,0.0000
1425,2,0.0132,3.0000,0.1302,0.3566,1.0000,0.0000,21.0000,1.5000,1.6010,14.5000
1426,1,0.0033,2.0000,0.0800,0.0000,1.0000,0.0000,16.0000,1.0000,7.3846,26.0000
1427,0,0.0000,0.0000,0.0000,0.0000,0.0000,0.0000,0.0000,0.0000
1428,0,0.0000,0.0000,0.0000,0.0000,0.0000,0.0000,0.0000,0.0000
1429,2,0.0291,3.0000,0.1653,0.1565,1.0000,0.0000,12.0000,1.5000,4.0640,14.5000
1430,2,0.0143,4.0000,0.1501,0.0001,1.0000,0.0000,18.0000,1.5000,3.6134,17.5000
1431,1,0.0022,2.0000,0.0645,0.0000,1.0000,0.0000,19.0000,1.0000,8.0645,32.0000
1432,0,0.0000,0.0000,0.0000,0.0000,0.0000,0.0000,0.0000,0.0000
1433,3,0.0290,4.3333,0.1952,0.2282,1.0000,0.0000,18.3333,1.0000,1.8419,11.3333
1434,1,0.0784,5.0000,0.3025,0.4518,1.0000,0.0000,13.0000,3.0000,8.1871,19.0000
1435,2,0.0105,2.0000,0.1125,0.6015,1.0000,0.0000,19.0000,1.0000,0.7143,10.5000
1436,0,0.0000,0.0000,0.0000,0.0000,0.0000,0.0000,0.0000,0.0000
1437,1,0.0062,3.0000,0.1154,0.6116,1.0000,0.0000,17.0000,1.0000,3.9886,27.0000
1438,2,0.0247,5.5000,0.1866,0.3154,1.0000,0.0000,16.5000,1.0000,3.8306,16.0000
1439,0,0.0000,0.0000,0.0000,0.0000,0.0000,0.0000,0.0000,0.0000
1440,4,0.0425,3.0000,0.1595,0.0001,1.0000,0.0000,15.0000,2.0000,1.3846,6.5000
