tempo,quantidadePAs,betweenness,degree,closeness,eigenvector,lifespan,mobility,fragmentationImpact,kConnectivity,density,number_of_cars
0,0,0.0000,0.0000,0.0000,0.0000,0.0000,0.0000,0.0000,0.0000
1,0,0.0000,0.0000,0.0000,0.0000,0.0000,0.0000,0.0000,0.0000
2,0,0.0000,0.0000,0.0000,0.0000,0.0000,0.0000,0.0000,0.0000
3,0,0.0000,0.0000,0.0000,0.0000,0.0000,0.0000,0.0000,0.0000
4,4,0.0303,3.7500,0.1590,0.1201,1.0000,0.0000,16.0000,2.2500,1.8966,7.5000
5,4,0.0296,3.5000,0.1555,0.1233,1.2500,163.7412,15.0000,1.2500,1.6633,8.0000
6,4,0.0599,4.5000,0.2450,0.1497,1.0000,0.0000,12.0000,1.5000,2.9101,7.0000
7,11,0.0625,2.1818,0.1108,0.0557,1.2727,84.3584,12.0909,1.6364,0.4478,2.6364
8,0,0.0000,0.0000,0.0000,0.0000,0.0000,0.0000,0.0000,0.0000
9,5,0.0093,2.0000,0.0939,0.3155,1.0000,0.0000,20.0000,1.2000,0.4308,5.2000
10,5,0.0239,3.6000,0.1734,0.2145,1.2000,39.6755,11.0000,1.2000,1.5333,5.0000
11,6,0.0186,2.5000,0.1223,0.0656,1.3333,206.4206,12.0000,1.5000,1.1494,4.8333
12,1,0.0277,7.0000,0.2959,0.2378,2.0000,101.8970,15.0000,1.0000,13.3903,27.0000
13,1,0.0023,2.0000,0.0667,0.0000,1.0000,0.0000,20.0000,1.0000,6.6667,31.0000
14,2,0.0221,5.0000,0.2051,0.3479,1.0000,0.0000,18.0000,1.0000,2.8490,13.5000
15,3,0.0386,3.3333,0.1864,0.3269,1.0000,0.0000,12.0000,1.3333,2.0531,8.0000
16,0,0.0000,0.0000,0.0000,0.0000,0.0000,0.0000,0.0000,0.0000
17,2,0.0228,4.0000,0.1890,0.2526,1.0000,0.0000,17.0000,1.5000,3.3069,14.0000
18,5,0.0400,2.6000,0.1295,0.3628,1.0000,0.0000,15.0000,1.8000,0.9687,5.4000
19,1,0.0215,4.0000,0.1758,0.3179,1.0000,0.0000,11.0000,1.0000,8.2621,27.0000
20,3,0.0056,2.0000,0.0867,0.0000,1.3333,258.8804,12.0000,1.0000,2.9744,8.6667
21,1,0.0286,5.0000,0.2381,0.5526,1.0000,0.0000,13.0000,2.0000,7.7922,22.0000
22,3,0.0942,4.6667,0.2705,0.1822,1.0000,0.0000,9.0000,2.0000,3.8889,8.3333
23,2,0.0185,3.5000,0.1703,0.0599,1.0000,0.0000,12.0000,1.0000,6.7734,14.5000
24,1,0.0020,2.0000,0.0625,0.0000,2.0000,709.6566,16.0000,1.0000,5.8712,33.0000
25,2,0.0177,4.5000,0.1731,0.2851,1.0000,0.0000,16.0000,1.5000,2.5641,13.5000
26,2,0.0331,4.0000,0.1768,0.3888,1.0000,0.0000,17.5000,1.5000,2.3399,14.5000
27,3,0.0378,3.3333,0.1828,0.2444,1.0000,0.0000,14.0000,1.3333,1.9487,8.6667
28,2,0.0656,6.5000,0.2403,0.2461,1.0000,0.0000,15.0000,2.5000,3.7879,16.5000
29,4,0.0662,3.7500,0.1756,0.3370,1.2500,89.0396,12.0000,2.2500,1.7196,7.0000
30,5,0.0063,2.4000,0.0953,0.0000,1.2000,38.0640,14.0000,1.2000,1.0053,5.6000
31,1,0.0233,8.0000,0.3200,0.3587,1.0000,0.0000,15.0000,1.0000,10.1538,26.0000
32,7,0.1775,2.5714,0.1828,0.0426,1.1429,40.5728,9.2857,1.5714,1.2850,4.0000
33,4,0.0529,3.5000,0.1869,0.1810,1.2500,99.3188,16.2500,1.5000,1.5212,7.0000
34,2,0.0033,2.0000,0.0800,0.0000,1.5000,262.2060,18.0000,1.0000,1.5385,13.0000
35,0,0.0000,0.0000,0.0000,0.0000,0.0000,0.0000,0.0000,0.0000
36,7,0.0283,3.0000,0.1351,0.2064,1.0000,0.0000,14.1429,1.5714,0.7389,4.1429
37,3,0.0113,2.6667,0.1162,0.1583,1.3333,120.6937,18.3333,1.0000,1.1396,9.0000
38,0,0.0000,0.0000,0.0000,0.0000,0.0000,0.0000,0.0000,0.0000
39,3,0.0082,2.3333,0.1009,0.0000,1.0000,0.0000,16.0000,1.3333,1.8044,9.0000
40,3,0.0231,2.3333,0.1326,0.0000,1.0000,0.0000,15.0000,1.6667,1.7128,7.6667
41,3,0.0741,5.3333,0.2530,0.3475,1.0000,0.0000,14.3333,2.0000,2.2928,9.3333
42,1,0.0031,2.0000,0.0769,0.0000,1.0000,0.0000,14.0000,1.0000,7.9772,27.0000
43,3,0.0322,4.0000,0.1516,0.1248,1.3333,229.3567,14.0000,2.3333,2.5090,10.3333
44,1,0.0049,3.0000,0.1034,0.0000,1.0000,0.0000,16.0000,1.0000,6.8966,30.0000
45,1,0.0022,2.0000,0.0645,0.0000,1.0000,0.0000,16.0000,1.0000,9.8790,32.0000
46,5,0.0097,2.8000,0.0968,0.1847,1.0000,0.0000,17.0000,1.2000,0.9470,6.6000
47,5,0.0176,3.2000,0.1393,0.1261,1.2000,124.9478,18.0000,1.2000,1.1765,6.8000
48,1,0.0952,7.0000,0.3025,0.4057,1.0000,0.0000,14.0000,5.0000,8.8670,29.0000
49,2,0.0279,4.5000,0.1716,0.0000,1.0000,0.0000,16.0000,2.0000,3.9216,17.0000
50,3,0.0032,2.3333,0.0694,0.0000,1.0000,0.0000,13.0000,1.0000,3.6036,12.3333
51,7,0.0609,3.0000,0.1388,0.0000,1.0000,0.0000,15.1429,1.8571,0.7066,4.4286
52,5,0.0069,2.8000,0.1060,0.2024,1.2000,110.0800,17.0000,1.0000,0.7882,5.8000
53,1,0.0278,4.0000,0.2314,0.2471,1.0000,0.0000,16.0000,1.0000,7.0769,26.0000
54,3,0.0353,3.6667,0.1731,0.0992,1.0000,0.0000,14.0000,2.0000,3.1418,10.0000
55,1,0.0031,2.0000,0.0769,0.0000,1.0000,0.0000,15.0000,1.0000,8.5470,27.0000
56,3,0.0215,3.6667,0.1452,0.4058,1.3333,224.7299,19.0000,2.0000,1.2903,10.3333
57,3,0.0446,4.0000,0.1682,0.2125,1.3333,362.9254,17.0000,2.3333,1.8817,10.6667
58,4,0.0330,3.0000,0.1286,0.1412,1.0000,0.0000,19.2500,1.5000,1.1345,8.7500
59,3,0.0127,3.3333,0.1277,0.0371,1.0000,0.0000,14.6667,1.0000,2.5884,11.0000
60,9,0.0342,2.7778,0.1290,0.2513,1.2222,211.0540,16.0000,1.4444,0.4540,3.4444
61,3,0.0564,4.6667,0.2104,0.1912,1.0000,0.0000,15.0000,2.0000,2.6273,9.6667
62,2,0.0529,2.5000,0.1566,0.0065,1.5000,365.8301,14.0000,1.5000,5.0493,14.5000
63,3,0.0107,3.0000,0.1287,0.0634,1.0000,0.0000,12.0000,1.0000,3.8314,10.0000
64,4,0.0456,3.2500,0.1673,0.1274,1.0000,0.0000,13.0000,1.5000,2.0320,7.2500
65,3,0.0789,2.6667,0.1823,0.0387,1.0000,0.0000,13.3333,2.0000,3.0303,11.3333
66,2,0.1339,5.0000,0.2721,0.2760,1.0000,0.0000,16.0000,1.0000,3.9683,14.0000
67,0,0.0000,0.0000,0.0000,0.0000,0.0000,0.0000,0.0000,0.0000
68,1,0.0230,5.0000,0.2241,0.2025,1.0000,0.0000,13.0000,1.0000,11.3978,31.0000
69,6,0.0655,4.6667,0.2045,0.1118,1.0000,0.0000,12.0000,2.0000,1.6414,5.5000
70,0,0.0000,0.0000,0.0000,0.0000,0.0000,0.0000,0.0000,0.0000
71,5,0.0202,3.0000,0.1301,0.1569,1.2000,135.3375,19.2000,1.6000,0.7816,6.0000
72,4,0.0150,2.2500,0.1155,0.0541,1.0000,0.0000,15.0000,1.2500,1.5873,7.0000
73,2,0.0184,3.0000,0.1542,0.2667,1.0000,0.0000,11.0000,1.5000,3.5714,10.5000
74,2,0.0088,2.5000,0.1316,0.3058,1.0000,0.0000,13.0000,1.0000,2.3684,10.0000
75,2,0.0048,2.0000,0.0952,0.0000,1.0000,0.0000,12.0000,1.0000,2.8139,11.0000
76,3,0.0317,2.6667,0.1571,0.2615,1.0000,0.0000,15.0000,1.6667,1.5810,7.6667
77,3,0.0862,3.6667,0.2183,0.0296,1.0000,0.0000,13.0000,1.6667,2.9119,10.0000
78,5,0.0552,4.2000,0.2148,0.0817,1.0000,0.0000,11.0000,1.6000,2.1505,6.2000
79,6,0.0568,5.1667,0.2112,0.1863,1.6667,253.1490,12.1667,2.0000,1.4854,5.6667
80,0,0.0000,0.0000,0.0000,0.0000,0.0000,0.0000,0.0000,0.0000
81,1,0.0062,3.0000,0.1154,0.0000,1.0000,0.0000,14.0000,1.0000,11.3960,27.0000
82,4,0.0086,4.0000,0.1360,0.0897,1.2500,133.3906,15.0000,1.2500,2.0665,8.0000
83,3,0.0072,2.6667,0.1077,0.0000,1.0000,0.0000,14.0000,1.0000,2.7540,9.0000
84,2,0.0557,4.5000,0.2362,0.0955,1.0000,0.0000,14.0000,1.0000,5.2956,14.5000
85,0,0.0000,0.0000,0.0000,0.0000,0.0000,0.0000,0.0000,0.0000
86,1,0.0291,7.0000,0.3025,0.2576,1.0000,0.0000,14.0000,1.0000,12.3153,29.0000
87,4,0.0280,3.0000,0.1392,0.1780,1.0000,0.0000,15.0000,1.7500,1.2644,7.5000
88,1,0.0265,4.0000,0.2274,0.1563,1.0000,0.0000,13.0000,1.0000,11.0837,29.0000
89,1,0.0057,4.0000,0.1212,0.0000,1.0000,0.0000,15.0000,1.0000,10.1604,34.0000
90,0,0.0000,0.0000,0.0000,0.0000,0.0000,0.0000,0.0000,0.0000
91,8,0.0532,3.6250,0.1837,0.1391,1.0000,0.0000,15.0000,1.5000,0.8690,4.2500
92,3,0.0265,3.3333,0.1500,0.1323,1.3333,98.2328,15.3333,1.6667,2.4631,9.6667
93,3,0.0437,3.0000,0.1800,0.1128,2.0000,312.9971,17.0000,1.6667,2.3810,9.3333
94,2,0.0177,4.0000,0.1566,0.2818,1.0000,0.0000,17.0000,1.5000,2.2792,13.5000
95,0,0.0000,0.0000,0.0000,0.0000,0.0000,0.0000,0.0000,0.0000
96,1,0.0300,6.0000,0.2400,0.5577,1.0000,0.0000,16.0000,3.0000,5.2308,26.0000
97,1,0.0256,4.0000,0.2315,0.1449,1.0000,0.0000,19.0000,1.0000,9.7884,28.0000
98,4,0.0786,5.5000,0.2611,0.1423,1.0000,0.0000,11.0000,2.5000,3.5714,7.0000
99,2,0.0331,3.0000,0.1892,0.1129,1.5000,140.8653,17.0000,1.5000,3.8177,14.5000
100,1,0.0033,2.0000,0.0800,0.0000,1.0000,0.0000,15.0000,1.0000,6.1538,26.0000
101,5,0.0114,2.6000,0.1099,0.1540,1.0000,0.0000,17.0000,1.2000,0.8466,5.6000
102,1,0.0031,2.0000,0.0769,0.0000,1.0000,0.0000,19.0000,1.0000,4.2735,27.0000
103,1,0.0025,2.0000,0.0690,0.0000,1.0000,0.0000,13.0000,1.0000,10.1149,30.0000
104,4,0.0223,2.7500,0.1216,0.2852,1.2500,153.2077,16.0000,1.7500,1.0684,6.7500
105,2,0.0150,3.5000,0.1339,0.1035,2.0000,344.2920,14.0000,1.0000,3.9409,14.5000
106,0,0.0000,0.0000,0.0000,0.0000,0.0000,0.0000,0.0000,0.0000
107,4,0.0055,2.2500,0.0851,0.2365,1.0000,0.0000,20.0000,1.2500,0.7471,7.5000
108,2,0.0067,3.0000,0.1200,0.2618,1.0000,0.0000,17.0000,1.0000,2.1538,13.0000
109,1,0.0313,6.0000,0.2807,0.1960,2.0000,290.7167,14.0000,1.0000,13.7566,28.0000
110,2,0.0111,4.0000,0.1500,0.1843,1.0000,0.0000,14.0000,1.0000,4.1872,14.5000
111,1,0.0025,2.0000,0.0690,0.0000,1.0000,0.0000,15.0000,1.0000,7.8161,30.0000
112,1,0.0033,2.0000,0.0800,0.0000,1.0000,0.0000,16.0000,1.0000,7.3846,26.0000
113,2,0.0923,7.0000,0.3990,0.1806,1.0000,0.0000,10.0000,1.5000,9.2308,13.0000
114,2,0.0028,2.0000,0.0741,0.0000,1.0000,0.0000,14.0000,1.0000,3.0423,14.0000
115,3,0.0044,2.0000,0.0774,0.0000,1.0000,0.0000,17.0000,1.0000,1.7241,9.6667
116,2,0.0123,2.5000,0.1331,0.0761,1.0000,0.0000,17.0000,1.0000,3.5613,13.5000
117,6,0.0755,4.0000,0.2058,0.0988,1.0000,0.0000,12.0000,1.6667,1.5126,5.8333
118,5,0.0736,3.4000,0.1854,0.1004,1.2000,102.6921,11.0000,2.0000,1.8925,6.2000
119,1,0.0023,2.0000,0.0667,0.0000,1.0000,0.0000,19.0000,1.0000,5.8065,31.0000
120,1,0.1452,4.0000,0.2580,0.1348,3.0000,524.3644,15.0000,4.0000,9.8485,33.0000
121,1,0.0038,3.0000,0.0909,0.0000,2.0000,1001.6369,21.0000,1.0000,5.1693,34.0000
122,1,0.0022,2.0000,0.0645,0.0000,1.0000,0.0000,17.0000,1.0000,5.6452,32.0000
123,1,0.0720,6.0000,0.2749,0.1100,1.0000,0.0000,14.0000,2.0000,10.8871,32.0000
124,2,0.0172,4.0000,0.1697,0.0826,1.0000,0.0000,15.0000,1.0000,6.8966,15.0000
125,2,0.0097,3.5000,0.1328,0.1205,1.0000,0.0000,14.0000,1.0000,5.6452,16.0000
126,2,0.0356,3.5000,0.2076,0.1350,1.5000,117.8944,13.0000,1.5000,5.0265,14.0000
127,6,0.0284,3.5000,0.1383,0.2036,1.3333,110.9043,13.1667,1.5000,0.9677,5.1667
128,1,0.0053,3.0000,0.1071,0.0000,1.0000,0.0000,13.0000,1.0000,8.6207,29.0000
129,1,0.0043,2.0000,0.0909,0.0000,1.0000,0.0000,16.0000,1.0000,5.5336,23.0000
130,1,0.0062,3.0000,0.1154,0.0000,1.0000,0.0000,16.0000,1.0000,6.5527,27.0000
131,3,0.0152,2.3333,0.1080,0.0000,1.0000,0.0000,15.0000,1.6667,2.4691,9.3333
132,1,0.0246,5.0000,0.2196,0.2124,1.0000,0.0000,16.0000,1.0000,7.8161,30.0000
133,2,0.0222,4.0000,0.1758,0.1993,1.0000,0.0000,19.0000,1.5000,2.9356,16.5000
134,5,0.0594,4.0000,0.1664,0.1866,1.0000,0.0000,15.2000,1.8000,1.2903,6.4000
135,2,0.0505,3.5000,0.1669,0.0732,1.0000,0.0000,13.0000,2.5000,4.5977,15.0000
136,0,0.0000,0.0000,0.0000,0.0000,0.0000,0.0000,0.0000,0.0000
137,3,0.0033,2.3333,0.0805,0.2039,1.0000,0.0000,19.0000,1.0000,1.1494,10.0000
138,3,0.0338,5.0000,0.2268,0.2865,1.0000,0.0000,14.0000,1.6667,2.5556,8.3333
139,1,0.0277,6.0000,0.2783,0.3787,1.0000,0.0000,16.0000,1.0000,7.9710,24.0000
140,2,0.0046,3.0000,0.1000,0.0000,1.0000,0.0000,13.0000,1.0000,6.5591,15.5000
141,2,0.0038,2.0000,0.0682,0.0000,1.0000,0.0000,16.0000,1.0000,6.5954,17.0000
142,2,0.0222,4.0000,0.1458,0.3571,1.0000,0.0000,17.0000,2.0000,2.2727,16.5000
143,4,0.0055,2.2500,0.0856,0.0543,1.0000,0.0000,18.0000,1.0000,1.2784,8.2500
144,4,0.0193,2.7500,0.1239,0.0000,1.5000,353.4746,17.0000,1.5000,1.4516,7.7500
145,3,0.0366,4.3333,0.1991,0.1556,1.0000,0.0000,16.3333,1.0000,2.6210,10.6667
146,1,0.0138,4.0000,0.1633,0.2428,1.0000,0.0000,17.0000,1.0000,6.6667,31.0000
147,4,0.0283,4.5000,0.1781,0.1708,1.0000,0.0000,13.0000,2.0000,1.8391,7.5000
148,1,0.0580,5.0000,0.2451,0.2961,1.0000,0.0000,13.0000,2.0000,8.0000,25.0000
149,3,0.0103,2.3333,0.1148,0.0592,1.0000,0.0000,14.0000,1.0000,2.2792,9.0000
150,3,0.0444,3.3333,0.1634,0.1527,1.0000,0.0000,13.0000,2.0000,2.2939,10.3333
151,2,0.0406,3.5000,0.1523,0.0000,1.0000,0.0000,12.0000,2.0000,3.7931,15.0000
152,0,0.0000,0.0000,0.0000,0.0000,0.0000,0.0000,0.0000,0.0000
153,6,0.0798,3.6667,0.2007,0.0870,1.0000,0.0000,11.0000,1.6667,1.7921,5.1667
154,5,0.0090,2.0000,0.0781,0.0000,1.2000,60.5727,18.0000,1.4000,0.8468,6.4000
155,7,0.0426,3.2857,0.1463,0.2358,1.4286,74.2282,12.0000,1.7143,0.8210,4.2857
156,1,0.0033,2.0000,0.0800,0.0000,2.0000,540.2090,16.0000,1.0000,6.4615,26.0000
157,2,0.0167,3.0000,0.1458,0.0000,1.0000,0.0000,15.0000,1.5000,3.3846,13.0000
158,5,0.0085,3.6000,0.1352,0.1658,1.2000,213.5515,15.0000,1.0000,1.2698,5.6000
159,0,0.0000,0.0000,0.0000,0.0000,0.0000,0.0000,0.0000,0.0000
160,1,0.0028,2.0000,0.0741,0.0000,2.0000,821.6132,18.0000,1.0000,5.5556,28.0000
161,3,0.0094,2.6667,0.1045,0.0564,1.0000,0.0000,16.0000,1.0000,2.6515,11.0000
162,3,0.0272,3.6667,0.1682,0.2254,1.3333,159.8311,17.0000,1.3333,1.6420,9.6667
163,1,0.0286,4.0000,0.2121,0.2933,1.0000,0.0000,12.0000,1.0000,9.9567,22.0000
164,1,0.0799,5.0000,0.2222,0.3226,1.0000,0.0000,15.0000,2.0000,6.6138,28.0000
165,4,0.0188,3.0000,0.1438,0.0728,1.0000,0.0000,13.0000,1.2500,2.3690,8.0000
166,4,0.0151,2.5000,0.1134,0.0122,1.0000,0.0000,13.2500,1.0000,1.8817,7.7500
167,6,0.0046,2.6667,0.0917,0.0770,1.1667,69.5404,16.0000,1.0000,0.8244,5.1667
168,6,0.0410,3.0000,0.1409,0.1295,1.0000,0.0000,14.0000,1.5000,0.9852,4.8333
169,2,0.0314,5.5000,0.2049,0.1212,1.5000,211.0897,12.0000,2.0000,4.3678,15.0000
170,0,0.0000,0.0000,0.0000,0.0000,0.0000,0.0000,0.0000,0.0000
171,3,0.0168,3.3333,0.1507,0.1895,1.0000,0.0000,14.0000,1.3333,2.1164,9.3333
172,1,0.0036,2.0000,0.0833,0.0000,1.0000,0.0000,14.0000,1.0000,9.6667,25.0000
173,3,0.0532,3.6667,0.2109,0.1104,1.0000,0.0000,13.0000,1.6667,3.6155,9.3333
174,2,0.0241,4.0000,0.1470,0.2443,1.5000,105.0112,16.5000,1.0000,2.4731,15.5000
175,0,0.0000,0.0000,0.0000,0.0000,0.0000,0.0000,0.0000,0.0000
176,3,0.0584,4.3333,0.2608,0.1956,1.0000,0.0000,11.0000,1.3333,3.3846,8.6667
177,5,0.0303,3.2000,0.1502,0.3944,1.0000,0.0000,18.0000,1.8000,0.7312,6.2000
178,5,0.0148,2.4000,0.1141,0.0464,1.0000,0.0000,14.0000,1.2000,1.5172,6.0000
179,5,0.0596,2.4000,0.1686,0.0229,1.0000,0.0000,10.0000,1.6000,2.8966,6.0000
180,3,0.0082,2.3333,0.0950,0.0690,1.0000,0.0000,16.0000,1.0000,1.7625,10.0000
181,4,0.0236,3.0000,0.1347,0.0784,1.2500,194.6138,16.0000,1.7500,1.7742,7.7500
182,5,0.0365,3.4000,0.1582,0.0936,1.6000,144.3229,12.2000,1.8000,1.7011,6.0000
183,1,0.0023,2.0000,0.0667,0.0000,1.0000,0.0000,16.0000,1.0000,5.8065,31.0000
184,2,0.0085,2.5000,0.1037,0.1404,1.5000,267.2930,20.0000,1.0000,1.8519,14.0000
185,1,0.0158,3.0000,0.1553,0.3834,1.0000,0.0000,15.0000,1.0000,4.7101,24.0000
186,3,0.0203,3.0000,0.1399,0.0436,1.0000,0.0000,14.0000,1.6667,2.8736,9.6667
187,2,0.0080,2.5000,0.0978,0.0000,1.0000,0.0000,14.0000,1.5000,4.6237,15.5000
188,1,0.0067,3.0000,0.1200,0.0001,1.0000,0.0000,18.0000,1.0000,3.6923,26.0000
189,0,0.0000,0.0000,0.0000,0.0000,0.0000,0.0000,0.0000,0.0000
190,1,0.0036,2.0000,0.0833,0.0000,1.0000,0.0000,16.0000,1.0000,9.0000,25.0000
191,5,0.0370,3.2000,0.1677,0.2328,1.0000,0.0000,14.0000,1.4000,1.1077,5.2000
192,3,0.0056,2.0000,0.0867,0.0000,1.3333,298.3870,14.0000,1.0000,2.1538,8.6667
193,2,0.0291,3.0000,0.1653,0.1666,1.0000,0.0000,13.0000,1.5000,3.9409,14.5000
194,1,0.0028,2.0000,0.0741,0.0000,1.0000,0.0000,18.0000,1.0000,3.7037,28.0000
195,4,0.0516,3.5000,0.1745,0.1208,1.0000,0.0000,15.2500,1.7500,1.6626,7.2500
196,0,0.0000,0.0000,0.0000,0.0000,0.0000,0.0000,0.0000,0.0000
197,1,0.0031,2.0000,0.0769,0.0000,1.0000,0.0000,14.0000,1.0000,11.3960,27.0000
198,4,0.0351,3.5000,0.1665,0.3921,1.2500,66.5162,17.0000,2.0000,1.0345,7.5000
199,0,0.0000,0.0000,0.0000,0.0000,0.0000,0.0000,0.0000,0.0000
200,3,0.0326,4.0000,0.1786,0.1314,1.0000,0.0000,14.0000,1.3333,2.6820,10.0000
201,6,0.0330,2.8333,0.1224,0.1771,1.0000,0.0000,16.1667,1.6667,0.7885,5.1667
202,0,0.0000,0.0000,0.0000,0.0000,0.0000,0.0000,0.0000,0.0000
203,1,0.0291,6.0000,0.2707,0.2043,1.0000,0.0000,14.0000,1.0000,12.8079,29.0000
204,1,0.0065,3.0000,0.1032,0.0000,1.0000,0.0000,22.0000,1.0000,3.6290,32.0000
205,5,0.0148,2.8000,0.1239,0.0858,1.0000,0.0000,12.0000,1.2000,1.6256,5.8000
206,2,0.0291,4.0000,0.2009,0.1938,1.0000,0.0000,18.0000,1.5000,3.4483,14.5000
207,3,0.0156,3.6667,0.1441,0.2312,1.0000,0.0000,17.0000,1.0000,1.6487,10.3333
208,0,0.0000,0.0000,0.0000,0.0000,0.0000,0.0000,0.0000,0.0000
209,1,0.0085,3.0000,0.1185,0.4747,1.0000,0.0000,19.0000,1.0000,3.1746,28.0000
210,3,0.0211,2.3333,0.1268,0.3844,1.0000,0.0000,16.0000,1.6667,1.3285,8.0000
211,1,0.0260,4.0000,0.1894,0.5334,1.0000,0.0000,16.0000,2.0000,4.7431,23.0000
212,5,0.0689,3.4000,0.1775,0.1216,1.0000,0.0000,10.0000,2.0000,1.9943,5.4000
213,1,0.0774,5.0000,0.2503,0.0611,1.0000,0.0000,13.0000,3.0000,10.6855,32.0000
214,1,0.0302,5.0000,0.2162,0.0798,1.0000,0.0000,14.0000,1.0000,9.6591,33.0000
215,1,0.0079,4.0000,0.1429,0.0000,1.0000,0.0000,14.0000,1.0000,10.5911,29.0000
216,5,0.0511,2.8000,0.1417,0.2698,1.0000,0.0000,13.0000,1.8000,1.1396,5.4000
217,0,0.0000,0.0000,0.0000,0.0000,0.0000,0.0000,0.0000,0.0000
218,1,0.0345,5.0000,0.2943,0.1217,1.0000,0.0000,14.0000,1.0000,15.4839,31.0000
219,3,0.0339,5.0000,0.1945,0.2236,1.0000,0.0000,19.0000,2.0000,2.0521,12.3333
220,2,0.0066,2.5000,0.0889,0.0000,1.0000,0.0000,19.0000,1.5000,2.0499,17.0000
221,1,0.0909,6.0000,0.3247,0.2083,1.0000,0.0000,13.0000,3.0000,12.2530,23.0000
222,1,0.0571,5.0000,0.2593,0.4629,1.0000,0.0000,14.0000,3.0000,6.9264,22.0000
223,2,0.0031,2.0000,0.0769,0.0000,1.0000,0.0000,20.0000,1.0000,1.2821,13.5000
224,0,0.0000,0.0000,0.0000,0.0000,0.0000,0.0000,0.0000,0.0000
225,7,0.0416,2.4286,0.1389,0.0349,1.0000,0.0000,12.0000,1.5714,1.4426,4.1429
226,0,0.0000,0.0000,0.0000,0.0000,0.0000,0.0000,0.0000,0.0000
227,2,0.0053,2.0000,0.0804,0.0000,1.0000,0.0000,19.0000,1.0000,2.0936,14.5000
228,3,0.0142,3.3333,0.1450,0.1948,1.0000,0.0000,17.0000,1.3333,1.6755,9.3333
229,3,0.0176,2.3333,0.1183,0.1014,1.0000,0.0000,16.0000,1.3333,1.8062,9.6667
230,1,0.0285,4.0000,0.2490,0.1835,1.0000,0.0000,15.0000,1.0000,9.5238,28.0000
231,2,0.0431,5.0000,0.2720,0.1498,1.0000,0.0000,15.0000,1.5000,6.6952,13.5000
232,0,0.0000,0.0000,0.0000,0.0000,0.0000,0.0000,0.0000,0.0000
233,0,0.0000,0.0000,0.0000,0.0000,0.0000,0.0000,0.0000,0.0000
234,0,0.0000,0.0000,0.0000,0.0000,0.0000,0.0000,0.0000,0.0000
235,1,0.0026,2.0000,0.0714,0.0000,1.0000,0.0000,20.0000,1.0000,5.4187,29.0000
236,2,0.0246,4.0000,0.1408,0.3586,1.0000,0.0000,15.0000,2.0000,2.8736,15.0000
237,3,0.0138,2.6667,0.1191,0.1077,1.0000,0.0000,17.0000,1.3333,1.6487,10.3333
238,1,0.0271,4.0000,0.2069,0.0705,1.0000,0.0000,15.0000,1.0000,10.1149,30.0000
239,0,0.0000,0.0000,0.0000,0.0000,0.0000,0.0000,0.0000,0.0000
240,2,0.0074,4.0000,0.1379,0.2091,1.0000,0.0000,16.0000,1.0000,3.1034,15.0000
241,1,0.0286,4.0000,0.1984,0.5335,1.0000,0.0000,15.0000,2.0000,4.7619,22.0000
242,0,0.0000,0.0000,0.0000,0.0000,0.0000,0.0000,0.0000,0.0000
243,3,0.0097,2.3333,0.1093,0.3154,1.0000,0.0000,17.0000,1.3333,1.1111,8.3333
244,0,0.0000,0.0000,0.0000,0.0000,0.0000,0.0000,0.0000,0.0000
245,2,0.0095,2.5000,0.1238,0.2374,1.0000,0.0000,15.0000,1.0000,2.1645,11.0000
246,1,0.0333,3.0000,0.2344,0.1313,1.0000,0.0000,13.0000,1.0000,9.9567,22.0000
247,3,0.0060,2.6667,0.1111,0.2883,1.0000,0.0000,15.0000,1.0000,1.5556,8.3333
248,2,0.0524,4.5000,0.2857,0.1689,1.0000,0.0000,9.0000,1.0000,7.7922,11.0000
249,4,0.0344,3.0000,0.1713,0.1058,1.2500,87.1322,14.0000,1.5000,1.9089,7.2500
250,3,0.0448,4.0000,0.2259,0.2447,1.0000,0.0000,14.0000,1.6667,2.2167,9.6667
251,2,0.0308,4.0000,0.1571,0.4472,1.0000,0.0000,18.0000,2.0000,1.9943,13.5000
252,2,0.0321,4.5000,0.1758,0.3800,1.0000,0.0000,19.5000,1.0000,1.9841,14.0000
253,4,0.0108,2.2500,0.1039,0.0828,1.2500,63.6550,18.0000,1.2500,0.9972,6.7500
254,3,0.0164,3.3333,0.1509,0.1789,1.0000,0.0000,16.0000,1.3333,1.8993,9.0000
255,3,0.0057,2.6667,0.0977,0.0000,1.0000,0.0000,11.0000,1.0000,3.5249,10.0000
256,3,0.0302,3.3333,0.1492,0.0244,1.0000,0.0000,11.0000,1.6667,4.5455,11.0000
257,3,0.0049,3.0000,0.1034,0.1541,1.0000,0.0000,13.0000,1.0000,2.0690,10.0000
258,2,0.0072,2.0000,0.0938,0.6015,1.5000,295.0216,17.0000,1.0000,1.5000,12.5000
259,1,0.0033,2.0000,0.0800,0.0000,1.0000,0.0000,17.0000,1.0000,7.3846,26.0000
260,0,0.0000,0.0000,0.0000,0.0000,0.0000,0.0000,0.0000,0.0000
261,4,0.0118,2.5000,0.1005,0.0800,1.0000,0.0000,16.0000,1.2500,1.2097,8.0000
262,1,0.0246,3.0000,0.1731,0.1302,1.0000,0.0000,17.0000,1.0000,5.9829,27.0000
263,9,0.0431,2.7778,0.1565,0.0888,1.0000,0.0000,8.2222,1.6667,0.8864,3.0000
264,5,0.0163,2.8000,0.1267,0.0740,1.4000,164.5318,13.0000,1.2000,1.5632,6.0000
265,1,0.0277,7.0000,0.2700,0.1866,1.0000,0.0000,16.0000,1.0000,10.6952,34.0000
266,5,0.0439,4.4000,0.1901,0.1384,1.0000,0.0000,12.0000,1.6000,1.9704,5.8000
267,5,0.0584,3.2000,0.1484,0.0000,1.2000,216.9826,10.2000,1.8000,1.6344,6.2000
268,4,0.0325,4.0000,0.1829,0.1659,1.2500,113.5949,13.0000,1.7500,1.8817,7.7500
269,3,0.0176,3.6667,0.1327,0.0000,1.0000,0.0000,17.3333,1.3333,1.7921,10.3333
270,3,0.0047,2.6667,0.0875,0.0000,1.3333,105.3756,14.0000,1.0000,2.2096,11.0000
271,4,0.0161,2.2500,0.1091,0.0304,1.0000,0.0000,15.0000,1.2500,1.7137,8.0000
272,4,0.0086,3.5000,0.1232,0.2565,1.5000,171.4136,15.0000,1.0000,1.3218,7.5000
273,0,0.0000,0.0000,0.0000,0.0000,0.0000,0.0000,0.0000,0.0000
274,6,0.0239,2.6667,0.1395,0.0680,1.0000,0.0000,10.0000,1.1667,1.6923,4.3333
275,1,0.0031,2.0000,0.0769,0.0000,1.0000,0.0000,20.0000,1.0000,3.4188,27.0000
276,4,0.0638,4.7500,0.2459,0.1921,1.0000,0.0000,14.0000,1.7500,2.3504,6.7500
277,2,0.0541,4.5000,0.2154,0.2661,1.0000,0.0000,14.0000,3.5000,3.5714,14.0000
278,4,0.0440,4.0000,0.2167,0.1329,1.0000,0.0000,13.0000,1.5000,2.6353,6.7500
279,1,0.0072,3.0000,0.1250,0.0000,2.0000,414.9322,13.0000,1.0000,7.6667,25.0000
280,5,0.0300,3.2000,0.1613,0.2956,1.0000,0.0000,12.0000,1.4000,1.1692,5.2000
281,7,0.0858,3.1429,0.2101,0.1101,1.1429,43.5897,9.0000,1.5714,1.5824,3.7143
282,5,0.0304,2.8000,0.1586,0.2233,1.0000,0.0000,14.0000,1.4000,1.0667,5.0000
283,0,0.0000,0.0000,0.0000,0.0000,0.0000,0.0000,0.0000,0.0000
284,3,0.0167,3.3333,0.1370,0.2937,1.0000,0.0000,14.0000,1.3333,1.8462,8.6667
285,1,0.0028,2.0000,0.0741,0.0000,1.0000,0.0000,16.0000,1.0000,5.2910,28.0000
286,2,0.0299,4.5000,0.1758,0.3359,1.0000,0.0000,17.0000,2.0000,2.5806,15.5000
287,5,0.0146,3.4000,0.1165,0.0753,1.0000,0.0000,14.0000,1.8000,1.4118,7.0000
288,3,0.0100,3.3333,0.1257,0.1291,1.0000,0.0000,20.0000,1.3333,1.5771,10.3333
289,0,0.0000,0.0000,0.0000,0.0000,0.0000,0.0000,0.0000,0.0000
290,3,0.0035,2.3333,0.0833,0.2039,1.0000,0.0000,17.0000,1.0000,1.1494,9.6667
291,3,0.0350,3.6667,0.2116,0.2739,1.0000,0.0000,15.0000,1.3333,2.1111,8.3333
292,0,0.0000,0.0000,0.0000,0.0000,0.0000,0.0000,0.0000,0.0000
293,3,0.0254,4.3333,0.1948,0.1239,1.0000,0.0000,13.0000,1.0000,3.5249,10.0000
294,2,0.0129,5.5000,0.1871,0.1212,1.5000,456.4471,13.0000,1.0000,7.2581,16.0000
295,4,0.0290,3.7500,0.1492,0.1664,1.0000,0.0000,12.0000,2.0000,1.6633,8.0000
296,1,0.0370,4.0000,0.1808,0.1506,1.0000,0.0000,16.0000,2.0000,6.8966,29.0000
297,5,0.0839,3.2000,0.1796,0.0852,1.0000,0.0000,14.0000,2.0000,1.5632,6.0000
298,1,0.0400,3.0000,0.2094,0.0445,1.0000,0.0000,10.0000,1.0000,13.6752,27.0000
299,2,0.0138,2.5000,0.1333,0.0346,1.0000,0.0000,16.0000,1.0000,4.8387,15.5000
300,1,0.0212,5.0000,0.1837,0.4460,1.0000,0.0000,17.0000,2.0000,4.9261,29.0000
301,5,0.0120,2.8000,0.1041,0.1045,1.0000,0.0000,13.0000,1.2000,1.1613,6.2000
302,0,0.0000,0.0000,0.0000,0.0000,0.0000,0.0000,0.0000,0.0000
303,2,0.0591,3.5000,0.1935,0.0984,1.0000,0.0000,15.0000,1.5000,3.3333,15.0000
304,1,0.0602,6.0000,0.2848,0.0587,1.0000,0.0000,13.0000,2.0000,15.1210,32.0000
305,4,0.0322,3.0000,0.1798,0.0221,1.0000,0.0000,13.0000,1.2500,2.7184,8.5000
306,1,0.0016,2.0000,0.0556,0.0000,1.0000,0.0000,21.0000,1.0000,7.9580,37.0000
307,4,0.0142,3.0000,0.1207,0.3078,1.2500,90.8381,19.0000,1.5000,0.8621,7.5000
308,1,0.0369,6.0000,0.2462,0.3142,1.0000,0.0000,15.0000,2.0000,7.6923,27.0000
309,1,0.0026,2.0000,0.0714,0.0000,1.0000,0.0000,15.0000,1.0000,8.3744,29.0000
310,3,0.0389,3.6667,0.1719,0.3052,1.0000,0.0000,15.0000,2.0000,1.7637,9.3333
311,5,0.0618,4.4000,0.2106,0.1353,1.2000,174.8207,11.0000,2.2000,2.0690,5.8000
312,2,0.0067,2.0000,0.0900,0.0000,1.0000,0.0000,16.0000,1.0000,2.6154,13.0000
313,2,0.0304,5.0000,0.2269,0.2405,1.0000,0.0000,17.0000,1.5000,3.3333,15.0000
314,0,0.0000,0.0000,0.0000,0.0000,0.0000,0.0000,0.0000,0.0000
315,2,0.0167,2.5000,0.1397,0.4731,1.0000,0.0000,15.0000,1.5000,2.1645,11.0000
316,2,0.0541,4.0000,0.2706,0.1822,1.0000,0.0000,13.0000,1.5000,5.7312,11.5000
317,4,0.0185,2.2500,0.1006,0.0000,1.0000,0.0000,15.0000,1.7500,1.7816,7.5000
318,3,0.0142,3.6667,0.1235,0.1682,1.0000,0.0000,16.0000,1.3333,1.7921,10.3333
319,0,0.0000,0.0000,0.0000,0.0000,0.0000,0.0000,0.0000,0.0000
320,4,0.0263,2.2500,0.1272,0.0000,1.0000,0.0000,13.2500,1.2500,2.2500,6.2500
321,5,0.0659,3.8000,0.1758,0.2697,1.2000,77.7323,12.0000,2.4000,1.5344,5.6000
322,4,0.0169,4.2500,0.1819,0.1262,1.2500,73.7389,11.0000,1.0000,2.8490,6.7500
323,1,0.0043,2.0000,0.0909,0.0000,1.0000,0.0000,16.0000,1.0000,5.5336,23.0000
324,2,0.0173,3.0000,0.1573,0.1781,1.5000,440.1610,13.0000,1.0000,3.5573,11.5000
325,2,0.0097,3.0000,0.1364,0.0000,1.0000,0.0000,15.0000,1.0000,2.7668,11.5000
326,1,0.0158,4.0000,0.1739,0.6154,1.0000,0.0000,20.0000,2.0000,2.5362,24.0000
327,1,0.0216,6.0000,0.2727,0.4183,1.0000,0.0000,14.0000,1.0000,7.9051,23.0000
328,0,0.0000,0.0000,0.0000,0.0000,0.0000,0.0000,0.0000,0.0000
329,2,0.0079,2.0000,0.0978,0.0000,1.0000,0.0000,15.0000,1.0000,2.8986,12.0000
330,1,0.0031,2.0000,0.0769,0.0000,1.0000,0.0000,14.0000,1.0000,9.1168,27.0000
331,0,0.0000,0.0000,0.0000,0.0000,0.0000,0.0000,0.0000,0.0000
332,4,0.0981,4.0000,0.1774,0.1100,1.0000,0.0000,15.0000,2.2500,1.8649,8.0000
333,8,0.0101,2.6250,0.1031,0.0951,1.1250,50.9265,14.0000,1.6250,0.6452,3.8750
334,1,0.0025,2.0000,0.0690,0.0000,1.0000,0.0000,12.0000,1.0000,11.4943,30.0000
335,4,0.0172,3.7500,0.1603,0.0907,1.2500,34.7890,14.0000,1.2500,2.5287,7.5000
336,1,0.0065,3.0000,0.1032,0.0000,1.0000,0.0000,18.0000,1.0000,7.8629,32.0000
337,4,0.0254,4.0000,0.1640,0.0977,1.0000,0.0000,13.0000,1.7500,2.5806,7.7500
338,5,0.0440,3.4000,0.1436,0.2323,1.2000,47.2324,18.0000,1.8000,0.9462,6.2000
339,2,0.0308,4.0000,0.2053,0.1375,1.5000,133.8511,15.0000,1.5000,5.1724,15.0000
340,3,0.0108,2.6667,0.1121,0.0442,1.3333,219.7408,17.0000,1.0000,2.2727,11.0000
341,4,0.0234,3.0000,0.1440,0.0976,1.5000,162.0457,13.2500,1.5000,1.6092,7.5000
342,3,0.0264,4.6667,0.1767,0.1582,1.3333,193.8694,16.0000,1.6667,2.0072,10.3333
343,0,0.0000,0.0000,0.0000,0.0000,0.0000,0.0000,0.0000,0.0000
344,3,0.0031,2.0000,0.0769,0.0000,1.0000,0.0000,14.0000,1.0000,1.9943,9.0000
345,0,0.0000,0.0000,0.0000,0.0000,0.0000,0.0000,0.0000,0.0000
346,1,0.0211,5.0000,0.2500,0.4623,1.0000,0.0000,14.0000,1.0000,6.6667,21.0000
347,5,0.0345,2.4000,0.1658,0.1214,1.0000,0.0000,8.0000,1.6000,1.6842,4.0000
348,0,0.0000,0.0000,0.0000,0.0000,0.0000,0.0000,0.0000,0.0000
349,1,0.1000,6.0000,0.3380,0.1577,1.0000,0.0000,12.0000,3.0000,16.0000,26.0000
350,2,0.0074,3.0000,0.1133,0.1917,1.0000,0.0000,16.0000,1.0000,2.4138,15.0000
351,0,0.0000,0.0000,0.0000,0.0000,0.0000,0.0000,0.0000,0.0000
352,1,0.0040,2.0000,0.0870,0.0000,1.0000,0.0000,17.0000,1.0000,5.4348,24.0000
353,2,0.0217,3.5000,0.1455,0.0000,1.0000,0.0000,17.0000,1.5000,2.7692,13.0000
354,0,0.0000,0.0000,0.0000,0.0000,0.0000,0.0000,0.0000,0.0000
355,1,0.0085,4.0000,0.1481,0.0000,1.0000,0.0000,17.0000,1.0000,5.5556,28.0000
356,4,0.0555,4.2500,0.2331,0.1035,1.0000,0.0000,13.0000,1.5000,3.0788,7.2500
357,4,0.0714,4.7500,0.2350,0.0650,1.0000,0.0000,10.0000,2.5000,3.5714,7.2500
358,4,0.0200,3.7500,0.1284,0.0746,1.0000,0.0000,14.0000,1.5000,2.2254,8.2500
359,1,0.0046,3.0000,0.1000,0.0000,1.0000,0.0000,19.0000,1.0000,3.6559,31.0000
360,4,0.0086,2.7500,0.1135,0.0708,1.0000,0.0000,13.0000,1.0000,1.9540,7.5000
361,6,0.0066,3.0000,0.0932,0.0121,1.0000,0.0000,15.0000,1.3333,1.3474,7.1667
362,9,0.0140,3.5556,0.1065,0.0318,1.0000,0.0000,17.1111,1.4444,0.8006,6.3333
363,9,0.0074,3.5556,0.0904,0.0153,1.1111,87.8429,15.0000,1.4444,1.0252,7.4444
364,7,0.0070,4.2857,0.0706,0.0201,1.0000,0.0000,21.0000,1.2857,1.0399,10.7143
365,12,0.0207,3.0000,0.0770,0.0098,1.1667,125.0104,22.0000,1.5833,0.4728,5.9167
366,5,0.0100,4.4000,0.1218,0.0244,1.2000,158.3644,18.0000,1.2000,2.8962,12.2000
367,3,0.0132,3.3333,0.1300,0.0076,1.0000,0.0000,21.0000,1.3333,2.8014,24.6667
368,6,0.0033,3.5000,0.0648,0.0044,1.0000,0.0000,22.0000,1.3333,1.1449,12.8333
369,8,0.0375,4.1250,0.0995,0.0272,1.0000,0.0000,16.1250,2.1250,0.7825,9.0000
370,5,0.0134,4.2000,0.1425,0.0203,1.2000,85.2502,19.2000,1.0000,1.6965,13.8000
371,8,0.0804,3.7500,0.1092,0.0191,1.1250,137.9927,18.0000,1.5000,0.9414,9.3750
372,10,0.0209,5.2000,0.1191,0.0474,1.3000,131.6685,16.0000,1.5000,0.7192,7.3000
373,3,0.0017,2.6667,0.0429,0.0000,1.3333,273.1358,22.0000,1.6667,2.5561,24.0000
374,9,0.0667,3.8889,0.1328,0.0178,1.1111,59.3036,15.0000,2.1111,1.0417,7.1111
375,3,0.0242,5.0000,0.1032,0.0038,1.0000,0.0000,23.3333,1.0000,3.2988,23.3333
376,4,0.0010,2.5000,0.0417,0.0000,1.2500,252.4610,24.0000,1.0000,2.0089,16.0000
377,14,0.0157,3.4286,0.0886,0.0206,1.0000,0.0000,21.0000,1.5714,0.4082,5.0714
378,10,0.0212,3.2000,0.0804,0.0043,1.3000,212.6227,18.0000,1.8000,0.8571,7.1000
379,6,0.0035,3.6667,0.0698,0.0009,1.0000,0.0000,19.1667,1.1667,1.2749,12.6667
380,3,0.0176,7.3333,0.1582,0.0548,1.0000,0.0000,21.0000,2.0000,3.7296,26.0000
381,4,0.0262,4.2500,0.1667,0.0204,1.5000,213.8143,25.0000,1.5000,3.2468,19.5000
382,11,0.0419,4.6364,0.1363,0.0186,1.0000,0.0000,20.0000,1.6364,0.6438,7.5455
383,11,0.0104,3.1818,0.0973,0.0042,1.0909,53.5440,18.0909,1.3636,0.7465,7.1818
384,13,0.0075,3.0769,0.0683,0.0018,1.1538,139.9618,14.0000,1.5385,0.5930,6.3077
385,5,0.0187,4.6000,0.1092,0.0100,1.0000,0.0000,23.0000,1.8000,1.7535,17.0000
386,7,0.0912,4.0000,0.1380,0.0070,1.0000,0.0000,21.4286,1.7143,0.9421,10.7143
387,4,0.0156,4.5000,0.1574,0.0194,1.0000,0.0000,18.0000,1.2500,3.4154,18.5000
388,9,0.0416,3.1111,0.1132,0.0014,1.0000,0.0000,15.1111,1.6667,1.0395,9.4444
389,13,0.0085,2.8462,0.0723,0.0003,1.0000,0.0000,18.0000,1.5385,0.7565,6.0769
390,7,0.0228,3.7143,0.0909,0.0005,1.1429,102.2744,18.1429,1.8571,1.5176,9.7143
391,7,0.0014,2.4286,0.0426,0.0000,1.4286,279.3404,23.0000,1.1429,0.6784,9.5714
392,8,0.0301,3.2500,0.1084,0.0082,1.0000,0.0000,14.0000,1.2500,1.3458,8.7500
393,8,0.0115,3.2500,0.0884,0.0239,1.1250,47.3756,18.0000,1.3750,0.8998,9.0000
394,8,0.0058,3.5000,0.0894,0.0033,1.1250,71.3753,20.0000,1.0000,1.1791,9.6250
395,6,0.0135,3.5000,0.1092,0.0056,1.1667,156.3818,22.0000,1.6667,1.8198,12.5000
396,4,0.0098,3.7500,0.0883,0.0038,1.0000,0.0000,14.2500,1.0000,1.8574,21.0000
397,4,0.0097,3.0000,0.0872,0.0007,1.0000,0.0000,24.0000,1.2500,2.5154,20.2500
398,12,0.0149,4.0833,0.0957,0.0157,1.2500,122.6194,20.0000,1.8333,0.7420,6.9167
399,18,0.0272,3.2222,0.0944,0.0040,1.0000,0.0000,15.0556,1.7778,0.4133,4.2222
400,2,0.0010,3.0000,0.0434,0.0000,1.0000,0.0000,23.0000,1.0000,3.9124,36.0000
401,3,0.0097,3.6667,0.0756,0.0000,1.0000,0.0000,19.0000,2.0000,2.4519,21.6667
402,6,0.0118,3.5000,0.1026,0.0204,1.1667,107.0045,18.0000,1.6667,1.3795,11.1667
403,9,0.0054,3.4444,0.0701,0.0165,1.1111,64.6398,22.1111,1.4444,0.9531,7.3333
404,4,0.0045,2.5000,0.0694,0.0013,1.0000,0.0000,20.0000,1.2500,2.8571,17.7500
405,12,0.0900,4.3333,0.1488,0.0275,1.0000,0.0000,15.0833,2.3333,0.6186,6.2500
406,4,0.0367,3.5000,0.1494,0.0088,1.0000,0.0000,19.0000,1.7500,2.2165,17.2500
407,9,0.0289,3.5556,0.1169,0.0061,1.1111,58.0118,17.0000,1.5556,1.1291,8.3333
408,6,0.0308,5.6667,0.1513,0.0283,1.3333,181.9257,18.0000,2.0000,1.5949,12.8333
409,12,0.0472,3.1667,0.0856,0.0020,1.0833,51.0062,15.0000,1.4167,0.6191,7.0000
410,3,0.0123,5.0000,0.1474,0.0114,1.3333,144.6078,15.0000,1.3333,3.8374,27.0000
411,10,0.0390,5.8000,0.1225,0.0254,1.1000,46.2726,14.1000,1.7000,1.0772,8.1000
412,11,0.0146,3.4545,0.0752,0.0150,1.0909,11.6367,24.0000,1.7273,0.7583,7.4545
413,9,0.0644,4.4444,0.1513,0.0243,1.0000,0.0000,24.2222,2.0000,0.7087,8.3333
414,9,0.0380,4.4444,0.1399,0.0173,1.2222,89.1263,20.2222,1.6667,0.9873,8.5556
415,5,0.0354,3.4000,0.1184,0.0052,1.0000,0.0000,17.0000,2.6000,1.4985,15.6000
416,6,0.0264,4.3333,0.1409,0.0185,1.0000,0.0000,19.0000,1.8333,1.8910,12.0000
417,12,0.0406,4.4167,0.1183,0.0278,1.0833,63.1341,19.1667,2.0000,0.6930,6.3333
418,11,0.0067,3.1818,0.0751,0.0112,1.0000,0.0000,23.0000,1.5455,0.6159,7.4545
419,7,0.0177,5.2857,0.1052,0.0291,1.1429,81.8610,19.0000,1.8571,1.1502,11.8571
420,10,0.0354,3.5000,0.1099,0.0092,1.3000,152.3852,19.0000,1.8000,0.7631,8.4000
421,11,0.0191,3.6364,0.0968,0.0044,1.0909,62.2175,15.0000,1.4545,0.9512,7.3636
422,5,0.0013,2.8000,0.0425,0.0000,1.2000,145.8212,20.0000,1.2000,2.1578,15.6000
423,6,0.0357,3.3333,0.1084,0.0070,1.1667,85.7296,16.0000,2.5000,1.5540,11.0000
424,5,0.0137,3.2000,0.0919,0.0043,1.0000,0.0000,19.0000,1.4000,1.9026,14.6000
425,3,0.0125,5.0000,0.0859,0.0032,1.0000,0.0000,26.0000,2.0000,2.6688,26.6667
426,6,0.0139,4.6667,0.1244,0.0253,1.0000,0.0000,20.0000,1.5000,1.6302,12.0000
427,6,0.0462,5.6667,0.1144,0.0364,1.0000,0.0000,19.0000,3.0000,1.3220,13.5000
428,2,0.0008,3.5000,0.0437,0.0000,1.0000,0.0000,22.0000,1.0000,3.1481,40.5000
429,6,0.0058,3.5000,0.0755,0.0287,1.1667,142.5066,25.0000,1.5000,0.9402,11.0000
430,10,0.0230,4.7000,0.1179,0.0183,1.2000,113.3638,19.1000,1.9000,0.9627,7.3000
431,6,0.0101,3.6667,0.0823,0.0047,1.0000,0.0000,18.0000,1.5000,1.4206,12.1667
432,7,0.0797,5.2857,0.1398,0.0239,1.1429,79.5608,17.0000,2.5714,1.2557,10.4286
433,7,0.0249,3.5714,0.1188,0.0117,1.1429,137.5542,19.1429,2.0000,1.0839,11.0000
434,5,0.0015,2.4000,0.0387,0.0000,1.2000,148.5171,23.0000,1.4000,1.7684,14.4000
435,6,0.0079,3.8333,0.1008,0.0104,1.0000,0.0000,19.0000,1.5000,1.3782,11.5000
436,6,0.0228,5.1667,0.1420,0.0504,1.0000,0.0000,21.1667,2.1667,1.3481,11.8333
437,13,0.0228,3.8462,0.0893,0.0216,1.0769,93.5122,18.0769,2.0769,0.5128,5.8462
438,15,0.0233,3.2000,0.0899,0.0061,1.1333,62.3187,18.0667,1.7333,0.3440,5.1333
439,7,0.0135,5.1429,0.1044,0.0398,1.1429,103.0233,22.0000,1.5714,1.1949,10.0000
440,9,0.0094,3.5556,0.0766,0.0222,1.0000,0.0000,22.1111,1.4444,0.7602,8.4444
441,6,0.0326,5.5000,0.1543,0.0411,1.1667,68.5824,17.0000,2.1667,1.7778,12.5000
442,15,0.0446,3.8000,0.1579,0.0073,1.0667,55.7762,12.0000,2.1333,0.7535,5.6000
443,11,0.0199,3.7273,0.0944,0.0028,1.3636,168.6270,17.0000,1.9091,0.7052,7.1818
444,4,0.0373,4.5000,0.1035,0.0785,1.2500,160.1101,28.0000,2.7500,1.0360,18.7500
445,8,0.0305,3.0000,0.0954,0.0047,1.1250,109.3967,25.0000,1.8750,0.6897,8.3750
446,6,0.0569,3.5000,0.1387,0.0042,1.0000,0.0000,18.0000,1.8333,1.3760,12.3333
447,7,0.0398,6.1429,0.1522,0.0267,1.0000,0.0000,13.0000,2.4286,1.7043,10.8571
448,3,0.0005,2.6667,0.0325,0.0000,1.0000,0.0000,16.0000,1.0000,4.7899,27.6667
449,2,0.0134,7.0000,0.1024,0.0000,1.0000,0.0000,19.0000,2.5000,8.8100,44.5000
450,0,0.0000,0.0000,0.0000,0.0000,0.0000,0.0000,0.0000,0.0000
451,4,0.0074,7.2500,0.1300,0.0212,1.0000,0.0000,15.0000,1.0000,4.1546,28.0000
452,12,0.0997,3.9167,0.1294,0.0082,1.0833,51.4283,18.0000,2.1667,1.0019,9.2500
453,18,0.0248,4.1667,0.0897,0.0078,1.1111,65.9413,17.1111,1.7778,0.3521,5.2222
454,7,0.0144,4.0000,0.0932,0.0121,1.2857,224.0189,22.2857,1.4286,1.2380,11.2857
455,9,0.0796,4.2222,0.1325,0.0106,1.0000,0.0000,20.1111,2.0000,0.8012,8.5556
456,11,0.0298,5.0000,0.1758,0.0352,1.0909,46.9863,19.0909,1.5455,0.9088,6.7273
457,3,0.0869,4.6667,0.1837,0.0171,1.0000,0.0000,20.0000,2.6667,2.9733,25.6667
458,8,0.0104,4.1250,0.0752,0.0367,1.1250,123.7485,24.1250,2.1250,0.5966,9.0000
459,8,0.0073,4.1250,0.0852,0.0624,1.0000,0.0000,17.0000,1.6250,0.6448,8.0000
460,5,0.0072,2.8000,0.0719,0.0025,1.0000,0.0000,18.0000,1.2000,2.5989,12.0000
461,9,0.0169,2.8889,0.0919,0.0161,1.1111,53.3989,22.1111,1.3333,0.6901,7.7778
462,7,0.0088,3.8571,0.0862,0.0140,1.0000,0.0000,20.0000,1.4286,1.1900,10.1429
463,4,0.0849,7.2500,0.2050,0.0594,1.0000,0.0000,20.0000,2.5000,2.6087,17.5000
464,5,0.0032,2.8000,0.0619,0.0005,1.0000,0.0000,22.0000,1.4000,1.7428,14.6000
465,6,0.0051,3.0000,0.0825,0.0046,1.0000,0.0000,22.0000,1.0000,1.4353,11.8333
466,4,0.0832,3.5000,0.1442,0.0026,1.2500,254.1112,20.2500,2.2500,2.4383,20.2500
467,6,0.0118,4.1667,0.0829,0.0000,1.1667,100.2658,13.1667,1.5000,2.1279,13.6667
468,6,0.0185,2.5000,0.0804,0.0037,1.1667,72.7076,23.0000,1.6667,1.3044,12.8333
469,16,0.0736,3.8125,0.1067,0.0159,1.1250,32.3363,12.1250,1.9375,0.4165,4.8125
470,6,0.0119,3.8333,0.0790,0.0291,1.1667,68.4189,21.0000,2.3333,1.1471,12.5000
471,12,0.0295,3.7500,0.1031,0.0071,1.0833,61.2911,16.0000,1.6667,0.6374,6.0833
472,6,0.0055,2.8333,0.0556,0.0000,1.1667,152.1599,17.0000,2.5000,1.2629,11.6667
473,6,0.0239,6.6667,0.1518,0.0562,1.0000,0.0000,21.0000,1.8333,1.8415,11.0000
474,12,0.0374,3.6667,0.1175,0.0087,1.0833,63.5330,15.0000,2.2500,0.6867,5.8333
475,14,0.0174,3.2857,0.0788,0.0277,1.2143,101.2501,16.0000,1.9286,0.4358,4.8571
476,5,0.0214,4.8000,0.1100,0.0322,1.0000,0.0000,25.0000,2.0000,1.2588,14.8000
477,21,0.0500,3.3810,0.0961,0.0113,1.2381,159.9527,11.0952,1.7143,0.3381,3.5714
478,7,0.0071,3.1429,0.0923,0.0011,1.0000,0.0000,21.0000,1.0000,1.3101,10.4286
479,4,0.0154,3.0000,0.0816,0.0047,1.2500,82.6193,19.0000,1.5000,2.1529,17.7500
480,6,0.0302,4.3333,0.1617,0.0092,1.0000,0.0000,19.0000,1.8333,1.9372,13.6667
481,7,0.0115,4.1429,0.0986,0.0093,1.0000,0.0000,20.0000,2.0000,1.3684,10.8571
482,9,0.0356,3.7778,0.1136,0.0224,1.1111,65.8377,17.1111,1.5556,0.7648,8.3333
483,6,0.0084,4.6667,0.0917,0.0283,1.1667,208.8896,21.0000,1.1667,1.7278,12.3333
484,9,0.0535,3.5556,0.1239,0.0085,1.1111,69.8589,23.0000,1.8889,0.8577,8.4444
485,8,0.0179,3.6250,0.0963,0.0008,1.0000,0.0000,17.0000,1.6250,0.9474,9.5000
486,10,0.0013,2.7000,0.0396,0.0000,1.2000,142.3592,21.0000,1.4000,0.8339,7.7000
487,9,0.0445,3.6667,0.1071,0.0107,1.2222,85.0930,23.1111,2.0000,0.6901,7.7778
488,7,0.0643,3.4286,0.1514,0.0067,1.0000,0.0000,15.0000,1.7143,1.4483,9.0000
489,8,0.0045,3.7500,0.0723,0.0289,1.2500,74.3398,29.1250,1.3750,0.8421,9.5000
490,5,0.0476,6.6000,0.1738,0.0827,1.0000,0.0000,21.2000,2.8000,1.4484,12.8000
491,5,0.0053,3.8000,0.0887,0.0275,1.0000,0.0000,19.0000,1.2000,1.5608,11.6000
492,9,0.0090,2.8889,0.0569,0.0224,1.1111,85.7765,21.0000,1.3333,0.5112,6.8889
493,2,0.0098,4.5000,0.1321,0.0128,1.0000,0.0000,23.0000,1.5000,5.4531,31.5000
494,18,0.0204,3.3333,0.0955,0.0211,1.0000,0.0000,17.0000,1.5000,0.3953,4.0556
495,8,0.0405,4.0000,0.1391,0.0098,1.1250,49.0160,17.0000,1.8750,1.2155,9.7500
496,8,0.0035,2.8750,0.0568,0.0042,1.0000,0.0000,19.0000,1.3750,1.1491,9.5000
497,10,0.0104,3.7000,0.1104,0.0152,1.3000,161.9141,21.0000,1.3000,1.0936,7.7000
498,9,0.0499,4.3333,0.1521,0.0373,1.0000,0.0000,15.0000,2.1111,0.8680,8.2222
499,10,0.0122,2.7000,0.0722,0.0022,1.0000,0.0000,23.1000,1.7000,0.8216,7.2000
500,6,0.0379,3.5000,0.1705,0.0134,1.3333,160.4591,17.0000,1.5000,1.9827,11.3333
501,8,0.0032,3.0000,0.0615,0.0039,1.1250,87.0892,18.0000,1.0000,0.6969,8.5000
502,8,0.0142,4.0000,0.0940,0.0427,1.0000,0.0000,19.0000,1.8750,0.7536,7.7500
503,6,0.0171,3.6667,0.1137,0.0046,1.0000,0.0000,17.0000,1.5000,1.5540,11.0000
504,6,0.0010,3.0000,0.0437,0.0000,1.0000,0.0000,22.0000,1.1667,1.8772,12.1667
505,9,0.0053,3.2222,0.0708,0.0051,1.0000,0.0000,17.0000,1.3333,1.0711,8.7778
506,11,0.0064,2.7273,0.0642,0.0058,1.0000,0.0000,19.0000,1.6364,0.6361,6.7273
507,7,0.0239,5.0000,0.1225,0.0414,1.1429,95.3288,17.0000,1.7143,0.9295,10.4286
508,6,0.0112,4.1667,0.1154,0.0219,1.0000,0.0000,13.0000,1.3333,1.7840,11.8333
509,6,0.0062,2.6667,0.0640,0.0000,1.0000,0.0000,16.0000,1.5000,1.6399,14.0000
510,7,0.0104,3.7143,0.0860,0.0000,1.0000,0.0000,16.0000,1.5714,2.2990,13.0000
511,6,0.0113,5.6667,0.1052,0.0000,1.1667,75.1196,22.0000,1.8333,3.0156,17.0000
512,7,0.0065,3.5714,0.0686,0.0000,1.0000,0.0000,17.0000,1.1429,2.5772,16.2857
513,8,0.0047,7.2500,0.0838,0.0166,1.1250,62.6829,18.1250,1.5000,2.3174,15.3750
514,2,0.0142,3.5000,0.1771,0.0000,1.0000,0.0000,17.0000,1.0000,9.7094,61.5000
515,5,0.0255,4.6000,0.1414,0.0072,1.2000,239.3026,17.0000,1.8000,2.1139,27.0000
516,6,0.0023,3.3333,0.0463,0.0000,1.1667,98.4623,15.0000,1.0000,1.2045,20.0000
517,11,0.0084,3.6364,0.0748,0.0123,1.0000,0.0000,22.0000,1.7273,0.8628,8.4545
518,14,0.0162,4.7143,0.1001,0.0167,1.0714,92.3047,18.0000,1.9286,0.7240,6.2857
519,6,0.0077,4.3333,0.0843,0.0223,1.1667,106.7222,18.0000,1.8333,0.9688,12.3333
520,7,0.0014,3.0000,0.0472,0.0000,1.0000,0.0000,24.0000,1.2857,1.0348,10.1429
521,12,0.0048,3.0000,0.0633,0.0061,1.0833,44.4364,19.0000,1.4167,0.6183,6.0833
522,1,0.0004,2.0000,0.0282,0.0000,1.0000,0.0000,28.0000,1.0000,7.1205,72.0000
523,4,0.0269,3.5000,0.1281,0.0088,1.2500,165.2490,20.0000,2.2500,2.7847,17.5000
524,7,0.0038,3.5714,0.0592,0.0000,1.0000,0.0000,22.0000,2.0000,1.2072,10.2857
525,4,0.0054,2.7500,0.0796,0.0080,1.5000,279.8559,18.0000,1.2500,2.0961,17.0000
526,4,0.0012,3.0000,0.0447,0.0000,1.2500,314.9097,19.0000,1.2500,2.2805,17.2500
527,5,0.0212,3.6000,0.0947,0.0005,1.0000,0.0000,20.0000,2.4000,1.7982,15.6000
528,8,0.0586,6.1250,0.1182,0.0455,1.2500,123.8021,19.0000,2.8750,0.8412,10.3750
529,11,0.0046,4.1818,0.0622,0.0197,1.1818,60.5689,25.0909,1.1818,0.7054,7.0909
530,7,0.0335,4.2857,0.1524,0.0053,1.1429,150.0785,17.0000,1.7143,1.3817,11.2857
531,6,0.0401,4.3333,0.1104,0.0194,1.1667,108.8921,22.0000,2.8333,1.5255,12.5000
532,6,0.0164,4.6667,0.1021,0.0245,1.0000,0.0000,16.1667,2.3333,1.5278,13.5000
533,4,0.0081,2.5000,0.0589,0.0000,1.0000,0.0000,20.0000,1.0000,2.0965,19.0000
534,6,0.0071,2.8333,0.0506,0.0000,1.0000,0.0000,20.0000,1.6667,1.6878,13.3333
535,12,0.0115,3.7500,0.0823,0.0197,1.0833,39.2429,21.0000,1.8333,0.6250,6.7500
536,8,0.0103,6.0000,0.1208,0.0400,1.1250,62.4484,24.1250,1.3750,0.9761,10.1250
537,8,0.0470,3.2500,0.0974,0.0069,1.1250,95.7654,18.1250,1.6250,1.0404,8.7500
538,7,0.0171,2.7143,0.0879,0.0017,1.0000,0.0000,16.0000,1.7143,1.4863,9.7143
539,12,0.0018,2.5000,0.0418,0.0000,1.1667,182.2439,19.0000,1.5000,0.6763,5.8333
540,4,0.0065,3.5000,0.0590,0.0018,1.2500,157.6146,24.0000,1.2500,1.6486,18.7500
541,11,0.0087,2.9091,0.0690,0.0131,1.0909,46.2646,20.0000,1.3636,0.7057,6.6364
542,17,0.0082,2.9412,0.0747,0.0062,1.0000,0.0000,14.0000,1.5882,0.4248,4.7647
543,3,0.0014,2.6667,0.0419,0.0000,1.0000,0.0000,14.0000,1.3333,4.9730,25.0000
544,8,0.0021,3.1250,0.0455,0.0000,1.0000,0.0000,19.0000,1.5000,1.2308,10.2500
545,8,0.0047,4.2500,0.0714,0.0004,1.0000,0.0000,13.1250,1.5000,1.2346,10.1250
546,8,0.0112,3.5000,0.0837,0.0053,1.0000,0.0000,20.0000,2.0000,0.9606,10.1250
547,10,0.0269,4.6000,0.1170,0.0295,1.2000,81.8778,23.0000,2.2000,0.8333,7.3000
548,4,0.0263,2.5000,0.1182,0.0010,1.0000,0.0000,17.0000,1.5000,2.8346,17.2500
549,15,0.0150,3.7333,0.0869,0.0159,1.2000,142.6612,18.0000,1.6667,0.6787,4.7333
550,8,0.0096,4.0000,0.0813,0.0119,1.2500,298.7012,17.1250,1.5000,0.9324,8.6250
551,8,0.0148,3.5000,0.0813,0.0157,1.0000,0.0000,18.0000,1.6250,0.8951,8.6250
552,6,0.0251,5.6667,0.1283,0.0452,1.1667,125.3043,20.0000,1.8333,1.4564,11.5000
553,5,0.0071,3.2000,0.0850,0.0029,1.2000,121.9653,21.0000,1.2000,1.7343,13.2000
554,2,0.0037,2.5000,0.0541,0.0000,1.0000,0.0000,20.0000,1.5000,5.2013,33.5000
555,10,0.0062,3.6000,0.0641,0.0167,1.0000,0.0000,18.0000,1.3000,0.6702,7.6000
556,6,0.0032,3.1667,0.0666,0.0089,1.0000,0.0000,19.0000,1.1667,1.1085,12.0000
557,4,0.0191,4.2500,0.0957,0.0175,1.2500,187.6674,22.0000,2.0000,1.3682,16.7500
558,2,0.0009,2.0000,0.0331,0.0000,1.0000,0.0000,26.0000,1.0000,6.4578,34.5000
559,13,0.0126,4.6154,0.0920,0.0232,1.0769,110.9127,20.0000,1.9231,0.6071,6.0000
560,10,0.0156,4.5000,0.0762,0.0270,1.0000,0.0000,22.1000,1.9000,0.4907,8.3000
561,2,0.0060,5.0000,0.1314,0.0254,1.0000,0.0000,20.0000,1.0000,6.4082,40.0000
562,21,0.0293,3.1429,0.0787,0.0086,1.0476,24.8832,13.0476,1.6667,0.3478,3.7619
563,6,0.0366,7.6667,0.1675,0.0466,1.3333,236.1028,18.0000,2.6667,1.7511,13.3333
564,3,0.0242,7.3333,0.1093,0.0621,1.0000,0.0000,19.3333,1.6667,3.2087,24.6667
565,5,0.0531,5.4000,0.1397,0.0148,1.0000,0.0000,22.0000,2.6000,1.7136,14.4000
566,7,0.0120,3.2857,0.0574,0.0000,1.0000,0.0000,18.1429,1.5714,1.6182,11.2857
567,15,0.0214,4.3333,0.0973,0.0153,1.0000,0.0000,23.0000,1.9333,0.5535,5.4000
568,5,0.0228,4.8000,0.1179,0.0112,1.0000,0.0000,21.0000,1.6000,1.5904,15.8000
569,9,0.0104,3.1111,0.0864,0.0063,1.1111,83.9231,19.1111,1.0000,1.0597,7.8889
570,8,0.0317,3.8750,0.1297,0.0137,1.2500,182.3059,16.1250,1.3750,1.1620,8.8750
571,10,0.0098,2.9000,0.0982,0.0029,1.1000,40.9774,19.0000,1.5000,1.2793,7.5000
572,8,0.0129,6.2500,0.1190,0.0485,1.2500,73.3643,19.0000,1.5000,1.0614,9.5000
573,6,0.0210,3.8333,0.1215,0.0038,1.1667,108.3456,16.0000,1.8333,2.0054,12.3333
574,10,0.0960,4.5000,0.1305,0.0283,1.1000,43.4693,12.1000,2.1000,0.8524,7.3000
575,6,0.0067,3.1667,0.0829,0.0041,1.0000,0.0000,23.0000,1.1667,1.3644,11.1667
576,3,0.0201,3.3333,0.1941,0.0141,1.0000,0.0000,22.0000,1.3333,3.6709,26.6667
577,5,0.0553,6.0000,0.1812,0.0364,1.2000,246.5648,19.0000,2.8000,1.9622,14.8000
578,9,0.0081,3.4444,0.0705,0.0054,1.1111,72.6627,14.0000,1.3333,0.9259,9.0000
579,7,0.0285,3.2857,0.1199,0.0008,1.1429,110.3341,19.0000,1.7143,1.9099,11.7143
580,4,0.0039,2.5000,0.0727,0.0014,1.0000,0.0000,21.2500,1.0000,3.5752,21.7500
581,3,0.0966,4.3333,0.1583,0.0019,1.3333,218.3467,20.0000,3.3333,4.3324,28.3333
582,11,0.0242,4.6364,0.1135,0.0162,1.0000,0.0000,19.1818,1.7273,0.9258,7.6364
583,6,0.0266,4.6667,0.1017,0.0108,1.0000,0.0000,17.1667,2.1667,1.6719,13.3333
584,11,0.0230,3.1818,0.0878,0.0037,1.0909,55.5924,21.0909,1.5455,0.8870,7.9091
585,13,0.0046,2.7692,0.0532,0.0000,1.0769,44.9865,17.0000,1.4615,0.9069,6.2308
586,7,0.0181,5.4286,0.1090,0.0330,1.1429,123.2747,17.0000,1.7143,1.3401,12.0000
587,11,0.0058,2.6364,0.0554,0.0015,1.0909,83.3276,25.0909,1.6364,0.5313,7.0000
588,6,0.0118,3.1667,0.0884,0.0061,1.0000,0.0000,15.0000,1.1667,2.3041,10.5000
589,8,0.0029,3.3750,0.0631,0.0029,1.1250,92.6217,18.0000,1.1250,1.2462,9.1250
590,16,0.0236,3.0000,0.1024,0.0034,1.1250,78.3874,21.0000,1.8125,0.3425,5.1250
591,11,0.0205,3.3636,0.0812,0.0030,1.2727,119.7893,20.0909,1.8182,0.7053,7.0000
592,13,0.0167,3.0769,0.0774,0.0169,1.2308,90.5008,20.1538,1.4615,0.3902,5.3077
593,5,0.0017,2.8000,0.0463,0.0000,1.0000,0.0000,24.0000,1.6000,1.3763,14.2000
594,7,0.0340,4.2857,0.1197,0.0225,1.0000,0.0000,21.0000,1.4286,1.2747,10.5714
595,6,0.0257,4.1667,0.1051,0.0158,1.0000,0.0000,22.0000,1.8333,2.0278,12.8333
596,6,0.0716,4.8333,0.1321,0.0368,1.1667,132.4011,19.1667,2.8333,1.0170,13.1667
597,8,0.0033,2.8750,0.0592,0.0008,1.0000,0.0000,18.0000,1.3750,0.9324,8.6250
598,8,0.0166,3.8750,0.1350,0.0274,1.0000,0.0000,22.0000,1.3750,1.0750,9.1250
599,8,0.0085,3.6250,0.1045,0.0129,1.0000,0.0000,21.0000,1.5000,1.3773,8.5000
600,7,0.0180,3.2857,0.0878,0.0143,1.4286,242.3902,20.1429,1.4286,0.9290,8.7143
601,9,0.0248,3.8889,0.1253,0.0286,1.0000,0.0000,13.0000,1.8889,1.0966,5.8889
602,3,0.0303,4.0000,0.1590,0.0278,1.0000,0.0000,15.0000,1.6667,3.2417,14.6667
603,3,0.0050,3.0000,0.0886,0.0649,1.0000,0.0000,23.0000,1.0000,1.6611,14.3333
604,2,0.0912,3.0000,0.1864,0.0253,1.0000,0.0000,19.0000,3.0000,4.4297,21.5000
605,0,0.0000,0.0000,0.0000,0.0000,0.0000,0.0000,0.0000,0.0000
606,1,0.0168,3.0000,0.1330,0.0292,1.0000,0.0000,16.0000,1.0000,6.8254,36.0000
607,6,0.0035,2.6667,0.0761,0.0873,1.0000,0.0000,18.0000,1.0000,0.6401,6.3333
608,6,0.0972,4.1667,0.1729,0.1307,1.0000,0.0000,14.1667,2.1667,1.2478,5.6667
609,5,0.0124,3.2000,0.1011,0.1881,1.4000,269.0705,18.0000,1.6000,0.9841,7.2000
610,2,0.1011,7.5000,0.3210,0.1735,1.0000,0.0000,18.0000,4.5000,6.0484,16.0000
611,3,0.0063,3.6667,0.1117,0.0683,1.3333,317.6873,17.0000,1.0000,3.3534,12.3333
612,4,0.0717,3.7500,0.1706,0.1204,1.0000,0.0000,17.2500,1.5000,1.3369,8.5000
613,0,0.0000,0.0000,0.0000,0.0000,0.0000,0.0000,0.0000,0.0000
614,2,0.0042,2.5000,0.0796,0.0000,1.0000,0.0000,17.0000,1.0000,3.6508,18.0000
615,5,0.0040,2.2000,0.0750,0.0000,1.0000,0.0000,16.0000,1.0000,1.0606,6.6000
616,6,0.0092,2.6667,0.1009,0.0383,1.1667,83.1703,15.0000,1.3333,1.0101,5.6667
617,2,0.0385,4.0000,0.1924,0.2336,1.0000,0.0000,16.0000,2.5000,3.0423,14.0000
618,3,0.0092,3.3333,0.1296,0.0557,1.0000,0.0000,12.0000,1.0000,4.0143,10.3333
619,3,0.0405,4.3333,0.1605,0.0672,1.0000,0.0000,14.0000,1.3333,2.5641,13.0000
620,9,0.0108,2.2222,0.0733,0.0984,1.0000,0.0000,16.0000,1.4444,0.4425,4.2222
621,4,0.0095,2.7500,0.1013,0.0000,1.5000,366.6194,17.0000,1.2500,1.3815,8.5000
622,1,0.0019,2.0000,0.0606,0.0000,1.0000,0.0000,13.0000,1.0000,7.4866,34.0000
623,2,0.0128,4.5000,0.1363,0.1651,1.0000,0.0000,14.0000,1.0000,4.0476,18.0000
624,1,0.0014,2.0000,0.0526,0.0000,1.0000,0.0000,19.0000,1.0000,4.9933,39.0000
625,5,0.0371,3.0000,0.1631,0.0698,1.0000,0.0000,15.2000,1.6000,1.2834,6.8000
626,3,0.0487,3.0000,0.1816,0.0777,1.0000,0.0000,18.0000,1.6667,2.6891,11.6667
627,4,0.0851,4.2500,0.1785,0.1339,1.0000,0.0000,11.0000,2.5000,2.2681,8.0000
628,3,0.0082,2.0000,0.0832,0.0000,1.0000,0.0000,13.0000,1.3333,3.2184,10.0000
629,1,0.0019,2.0000,0.0606,0.0000,1.0000,0.0000,19.0000,1.0000,8.0214,34.0000
630,5,0.0407,3.8000,0.1446,0.2158,1.0000,0.0000,15.0000,2.0000,1.0985,6.6000
631,9,0.0234,2.8889,0.1262,0.1757,1.2222,138.7215,13.1111,1.3333,0.6048,3.5556
632,7,0.0379,3.2857,0.1347,0.2022,1.2857,87.1777,16.0000,1.5714,0.6621,4.8571
633,1,0.0019,2.0000,0.0606,0.0000,2.0000,669.8733,17.0000,1.0000,6.7736,34.0000
634,1,0.0040,3.0000,0.0938,0.0000,1.0000,0.0000,15.0000,1.0000,7.1970,33.0000
635,5,0.0420,3.2000,0.1480,0.0725,1.2000,172.7801,14.0000,1.8000,1.4973,6.8000
636,4,0.0163,5.0000,0.1537,0.1354,1.0000,0.0000,18.0000,1.0000,1.8848,9.5000
637,0,0.0000,0.0000,0.0000,0.0000,0.0000,0.0000,0.0000,0.0000
638,1,0.0154,4.0000,0.1509,0.1487,1.0000,0.0000,17.0000,1.0000,6.9512,41.0000
639,3,0.0339,4.6667,0.1876,0.0918,1.3333,362.8860,16.0000,2.0000,3.4034,12.3333
640,4,0.0354,3.7500,0.1229,0.0160,1.0000,0.0000,16.2500,1.5000,2.0616,10.5000
641,6,0.0352,4.5000,0.1516,0.0732,1.0000,0.0000,17.0000,1.8333,1.2969,7.0000
642,7,0.0179,2.7143,0.1032,0.0379,1.1429,120.4167,15.0000,1.5714,0.7937,5.2857
643,4,0.0286,3.7500,0.1748,0.1829,1.2500,81.6722,19.0000,1.2500,1.3138,9.2500
644,3,0.0113,4.6667,0.1516,0.0836,1.0000,0.0000,16.3333,1.0000,3.7535,11.6667
645,5,0.0162,3.2000,0.1086,0.0883,1.4000,205.5537,15.2000,1.8000,1.2802,7.6000
646,5,0.0210,3.8000,0.1272,0.1024,2.0000,271.2206,16.0000,1.8000,1.1949,7.6000
647,2,0.0011,2.0000,0.0455,0.0000,1.0000,0.0000,21.0000,1.0000,3.8384,22.5000
648,3,0.0020,2.0000,0.0528,0.0000,1.0000,0.0000,13.0000,1.0000,3.8328,14.0000
649,4,0.0029,2.2500,0.0617,0.0000,1.5000,326.3083,19.0000,1.2500,1.3110,10.2500
650,3,0.0348,4.3333,0.1993,0.1687,1.0000,0.0000,18.0000,1.3333,2.2579,11.3333
651,5,0.0162,2.2000,0.1060,0.0088,1.0000,0.0000,15.0000,1.2000,2.0120,7.4000
652,3,0.0350,4.3333,0.1897,0.0463,1.0000,0.0000,14.0000,1.6667,4.2674,12.6667
653,2,0.0024,2.5000,0.0694,0.0000,1.5000,205.2072,16.0000,1.0000,5.2553,18.5000
654,2,0.0250,4.5000,0.1982,0.1042,1.0000,0.0000,19.0000,1.5000,4.6154,20.0000
655,5,0.0951,5.2000,0.2090,0.0950,1.2000,75.5209,13.2000,3.0000,1.8462,8.0000
656,10,0.0296,3.0000,0.1246,0.0186,1.2000,55.4326,14.1000,1.6000,1.1839,4.4000
657,0,0.0000,0.0000,0.0000,0.0000,0.0000,0.0000,0.0000,0.0000
658,1,0.0019,2.0000,0.0606,0.0000,1.0000,0.0000,22.0000,1.0000,5.8824,34.0000
659,7,0.0418,2.7143,0.1348,0.1631,1.0000,0.0000,13.0000,1.5714,0.8140,3.8571
660,5,0.0166,2.8000,0.1222,0.0962,1.4000,142.4000,11.2000,1.2000,1.3105,5.4000
661,2,0.0185,3.5000,0.1379,0.2314,2.0000,360.2772,16.0000,2.0000,2.6455,14.0000
662,5,0.0471,4.4000,0.1652,0.1148,1.0000,0.0000,15.0000,1.8000,1.5238,7.2000
663,5,0.0483,3.8000,0.2068,0.0909,1.0000,0.0000,12.0000,1.6000,2.0120,7.4000
664,0,0.0000,0.0000,0.0000,0.0000,0.0000,0.0000,0.0000,0.0000
665,0,0.0000,0.0000,0.0000,0.0000,0.0000,0.0000,0.0000,0.0000
666,7,0.0107,2.8571,0.1097,0.0735,1.0000,0.0000,17.0000,1.1429,0.8403,5.0000
667,1,0.0463,8.0000,0.3008,0.1640,1.0000,0.0000,18.0000,2.0000,13.2773,35.0000
668,2,0.0391,4.5000,0.2258,0.0505,1.0000,0.0000,16.0000,1.5000,7.0850,19.5000
669,1,0.0254,11.0000,0.3345,0.2528,1.0000,0.0000,15.0000,1.0000,14.4144,37.0000
670,6,0.0230,3.0000,0.1033,0.0359,1.0000,0.0000,13.0000,2.1667,1.3276,6.3333
671,1,0.0764,9.0000,0.2557,0.3559,1.0000,0.0000,20.0000,4.0000,6.0976,41.0000
672,4,0.0549,2.2500,0.1359,0.0080,1.2500,226.2624,15.0000,1.7500,2.5552,10.5000
673,3,0.0413,3.6667,0.2235,0.0222,1.0000,0.0000,15.0000,1.3333,3.9731,15.0000
674,2,0.0310,4.5000,0.1596,0.0759,1.0000,0.0000,15.0000,2.0000,5.3205,20.0000
675,2,0.0101,3.0000,0.1293,0.0693,1.0000,0.0000,17.0000,1.0000,3.0952,18.0000
676,6,0.0321,2.8333,0.1161,0.3480,1.0000,0.0000,18.1667,1.5000,0.5882,5.8333
677,0,0.0000,0.0000,0.0000,0.0000,0.0000,0.0000,0.0000,0.0000
678,4,0.0235,3.0000,0.1591,0.0412,1.0000,0.0000,18.0000,1.2500,1.8651,9.0000
679,2,0.0484,3.5000,0.2394,0.0497,1.0000,0.0000,14.0000,1.5000,5.6303,17.5000
680,1,0.0184,6.0000,0.2101,0.3304,1.0000,0.0000,18.0000,1.0000,6.7227,35.0000
681,0,0.0000,0.0000,0.0000,0.0000,0.0000,0.0000,0.0000,0.0000
682,2,0.0902,6.0000,0.3238,0.2027,1.0000,0.0000,10.0000,2.0000,6.2808,14.5000
683,3,0.0094,3.3333,0.0999,0.0845,1.0000,0.0000,18.0000,1.3333,1.5516,12.3333
684,2,0.0350,4.5000,0.1880,0.1847,1.0000,0.0000,17.0000,2.5000,3.5651,17.0000
685,0,0.0000,0.0000,0.0000,0.0000,0.0000,0.0000,0.0000,0.0000
686,6,0.1001,3.8333,0.1444,0.1283,1.1667,228.3884,15.3333,2.3333,0.9009,6.3333
687,2,0.0353,4.5000,0.1859,0.1414,2.0000,355.6702,19.0000,2.5000,3.4139,19.0000
688,3,0.0183,4.0000,0.1442,0.0813,1.0000,0.0000,14.0000,2.0000,2.4650,11.6667
689,4,0.0268,4.2500,0.1501,0.0666,1.0000,0.0000,17.0000,2.0000,1.7643,9.2500
690,7,0.0621,4.2857,0.1978,0.1190,1.0000,0.0000,13.1429,1.7143,1.1968,4.8571
691,2,0.0436,3.0000,0.1824,0.0928,1.0000,0.0000,14.0000,1.5000,4.3672,17.0000
692,8,0.0744,3.0000,0.1614,0.0763,1.0000,0.0000,14.1250,2.0000,0.8193,4.3750
693,0,0.0000,0.0000,0.0000,0.0000,0.0000,0.0000,0.0000,0.0000
694,8,0.0794,3.6250,0.1680,0.0610,1.0000,0.0000,14.0000,1.8750,1.0061,5.1250
695,2,0.0254,7.0000,0.2011,0.1778,1.5000,254.3885,16.0000,2.0000,4.5238,18.0000
696,3,0.0385,3.6667,0.1758,0.0603,1.0000,0.0000,17.0000,1.6667,3.0820,12.6667
697,3,0.0341,3.3333,0.1302,0.0927,1.0000,0.0000,18.0000,2.6667,1.8583,14.0000
698,1,0.0013,2.0000,0.0500,0.0000,3.0000,686.4661,17.0000,1.0000,7.9268,41.0000
699,2,0.0756,8.0000,0.2771,0.1240,1.0000,0.0000,19.0000,2.5000,5.8072,21.0000
700,1,0.0220,4.0000,0.1271,0.0589,1.0000,0.0000,14.0000,1.0000,7.5574,39.0000
701,1,0.0036,3.0000,0.0882,0.0000,1.0000,0.0000,18.0000,1.0000,9.7479,35.0000
702,4,0.0464,3.7500,0.1517,0.2016,1.0000,0.0000,17.0000,2.7500,1.3833,9.7500
703,0,0.0000,0.0000,0.0000,0.0000,0.0000,0.0000,0.0000,0.0000
704,0,0.0000,0.0000,0.0000,0.0000,0.0000,0.0000,0.0000,0.0000
705,6,0.1001,3.3333,0.1960,0.0504,1.0000,0.0000,12.1667,1.8333,1.9608,5.6667
706,1,0.0330,4.0000,0.1631,0.0997,1.0000,0.0000,16.0000,2.0000,7.2546,38.0000
707,3,0.0473,4.0000,0.1767,0.1080,1.0000,0.0000,17.0000,2.0000,2.5605,12.6667
708,1,0.0015,2.0000,0.0541,0.0000,1.0000,0.0000,19.0000,1.0000,10.6686,38.0000
709,3,0.0038,2.3333,0.0690,0.0000,1.0000,0.0000,17.0000,1.3333,2.7890,13.0000
710,7,0.0550,3.7143,0.1472,0.1117,1.0000,0.0000,16.0000,2.1429,0.8332,5.4286
711,2,0.0071,2.5000,0.0978,0.0869,1.0000,0.0000,22.0000,1.0000,1.8717,17.0000
712,5,0.1235,3.8000,0.2098,0.0572,1.2000,109.0135,10.0000,2.4000,2.5668,6.8000
713,4,0.0162,4.5000,0.1227,0.0473,1.0000,0.0000,17.0000,2.0000,2.4100,10.5000
714,5,0.0414,4.0000,0.1423,0.1366,1.0000,0.0000,17.0000,1.4000,1.1847,8.4000
715,2,0.0049,4.0000,0.1016,0.0000,1.5000,180.1931,21.0000,1.0000,2.7875,21.0000
716,2,0.0416,6.0000,0.2870,0.1047,1.0000,0.0000,15.0000,1.5000,7.8236,19.0000
717,3,0.0241,3.0000,0.1743,0.0327,1.0000,0.0000,16.0000,1.3333,2.7642,13.6667
718,7,0.0166,5.1429,0.1715,0.1100,1.2857,140.2898,15.0000,1.1429,1.4225,5.4286
719,0,0.0000,0.0000,0.0000,0.0000,0.0000,0.0000,0.0000,0.0000
720,4,0.0330,4.7500,0.1852,0.1190,1.0000,0.0000,16.0000,1.2500,2.1008,8.7500
721,6,0.0312,3.1667,0.1279,0.0876,1.0000,0.0000,16.0000,1.5000,1.0364,5.8333
722,3,0.0085,3.3333,0.1208,0.0421,1.6667,325.6435,16.0000,1.0000,2.8028,12.3333
723,4,0.0440,3.2500,0.2015,0.0498,1.0000,0.0000,16.0000,1.5000,3.0030,9.2500
724,3,0.0047,2.6667,0.0795,0.0000,1.0000,0.0000,21.0000,1.3333,1.7544,13.0000
725,0,0.0000,0.0000,0.0000,0.0000,0.0000,0.0000,0.0000,0.0000
726,5,0.0207,3.0000,0.1227,0.0700,1.0000,0.0000,16.0000,1.4000,1.3782,7.0000
727,1,0.0222,4.0000,0.2315,0.0735,1.0000,0.0000,18.0000,1.0000,10.5105,37.0000
728,1,0.0016,2.0000,0.0556,0.0000,1.0000,0.0000,18.0000,1.0000,10.0601,37.0000
729,4,0.0081,2.7500,0.0904,0.0153,1.0000,0.0000,15.0000,1.0000,2.3397,10.0000
730,2,0.0067,5.5000,0.1375,0.2065,1.0000,0.0000,23.0000,1.5000,2.1951,20.5000
731,5,0.0479,3.6000,0.2106,0.0877,1.0000,0.0000,9.0000,1.4000,2.9101,5.6000
732,0,0.0000,0.0000,0.0000,0.0000,0.0000,0.0000,0.0000,0.0000
733,3,0.0285,5.3333,0.1675,0.2023,1.0000,0.0000,16.0000,2.0000,2.1592,13.0000
734,2,0.0062,3.0000,0.0991,0.1032,1.0000,0.0000,21.0000,1.0000,2.3471,19.0000
735,8,0.0290,2.6250,0.1155,0.0202,1.0000,0.0000,13.0000,2.0000,0.9034,4.3750
736,5,0.0098,3.8000,0.1209,0.1194,1.2000,85.3583,18.0000,1.4000,1.0794,7.2000
737,2,0.0023,2.0000,0.0667,0.0000,1.5000,349.5075,17.0000,1.0000,2.5806,15.5000
738,0,0.0000,0.0000,0.0000,0.0000,0.0000,0.0000,0.0000,0.0000
739,0,0.0000,0.0000,0.0000,0.0000,0.0000,0.0000,0.0000,0.0000
740,3,0.0090,3.6667,0.1190,0.1684,1.0000,0.0000,16.0000,1.3333,1.9440,12.6667
741,2,0.0494,2.5000,0.1858,0.0149,1.5000,228.7425,11.0000,1.5000,6.4394,16.5000
742,4,0.0107,3.2500,0.0898,0.1089,1.0000,0.0000,21.0000,1.7500,1.1471,9.7500
743,3,0.0385,4.3333,0.1526,0.1146,1.3333,139.0199,15.0000,2.3333,2.4656,12.6667
744,2,0.0013,2.0000,0.0513,0.0000,1.0000,0.0000,22.0000,1.0000,2.7564,20.0000
745,7,0.0154,2.7143,0.1076,0.0314,1.0000,0.0000,11.1429,1.2857,1.1565,5.1429
746,6,0.0407,6.0000,0.2249,0.1387,1.0000,0.0000,14.0000,1.8333,1.8018,6.3333
747,2,0.0541,5.5000,0.2059,0.1679,1.0000,0.0000,17.0000,2.0000,3.9039,18.5000
748,4,0.0123,2.7500,0.1047,0.1270,1.0000,0.0000,19.2500,1.0000,1.0250,8.5000
749,5,0.0266,3.6000,0.1507,0.0727,1.2000,167.6376,14.0000,1.4000,1.9683,7.2000
750,1,0.0417,5.0000,0.1829,0.0820,1.0000,0.0000,20.0000,2.0000,6.2389,34.0000
751,3,0.0270,3.6667,0.1424,0.0830,1.0000,0.0000,20.3333,1.3333,1.8519,12.3333
752,4,0.0182,3.0000,0.1110,0.1049,1.2500,54.3573,20.0000,1.2500,1.2302,9.0000
753,3,0.0509,4.3333,0.1886,0.1608,1.0000,0.0000,13.0000,2.0000,2.6882,10.6667
754,4,0.0089,3.2500,0.1019,0.0772,1.0000,0.0000,18.2500,1.0000,1.5546,8.7500
755,8,0.1085,3.1250,0.1281,0.1206,1.1250,175.7049,16.0000,2.0000,0.7290,4.7500
756,3,0.0028,2.6667,0.0762,0.1745,1.0000,0.0000,19.0000,1.0000,1.2698,12.0000
757,3,0.0235,4.6667,0.1622,0.2823,1.0000,0.0000,18.0000,1.6667,1.8308,11.0000
758,4,0.0307,4.0000,0.2018,0.1001,1.2500,65.5755,16.0000,1.2500,2.3016,9.0000
759,5,0.0474,4.2000,0.1644,0.1521,1.0000,0.0000,17.2000,2.4000,1.2802,7.6000
760,2,0.0270,5.5000,0.1826,0.1141,1.0000,0.0000,15.0000,1.0000,5.2553,18.5000
761,3,0.0171,2.6667,0.1108,0.0447,1.0000,0.0000,19.0000,1.3333,1.8444,13.0000
762,1,0.0013,2.0000,0.0500,0.0000,1.0000,0.0000,23.0000,1.0000,9.1463,41.0000
763,3,0.0392,4.3333,0.2418,0.1009,1.0000,0.0000,13.0000,1.3333,4.0212,12.0000
764,7,0.0083,3.5714,0.1054,0.0000,1.0000,0.0000,19.0000,1.4286,0.8059,5.7143
765,4,0.0223,3.5000,0.1339,0.1338,1.0000,0.0000,17.0000,1.7500,1.2923,8.5000
766,7,0.0377,3.7143,0.1345,0.1109,1.1429,95.0531,16.0000,2.1429,1.0296,5.2857
767,3,0.0336,3.6667,0.1472,0.1796,1.0000,0.0000,18.0000,2.6667,1.7677,11.0000
768,4,0.0099,3.5000,0.1213,0.1346,1.5000,298.7892,18.0000,1.0000,1.4260,8.5000
769,7,0.0647,2.8571,0.1392,0.1984,1.0000,0.0000,16.0000,2.1429,0.6897,4.2857
770,5,0.0489,3.6000,0.1784,0.0686,1.4000,166.6493,14.2000,1.4000,2.0321,6.8000
771,0,0.0000,0.0000,0.0000,0.0000,0.0000,0.0000,0.0000,0.0000
772,3,0.0230,7.0000,0.2157,0.1899,1.0000,0.0000,14.0000,1.3333,3.4174,11.6667
773,5,0.0171,3.8000,0.1225,0.1825,1.0000,0.0000,17.0000,1.8000,1.0084,7.0000
774,1,0.1209,4.0000,0.2710,0.0493,1.0000,0.0000,15.0000,5.0000,12.4157,39.0000
775,1,0.0057,4.0000,0.1053,0.0000,1.0000,0.0000,13.0000,2.0000,11.0661,39.0000
776,11,0.0228,3.5455,0.1227,0.0580,1.0909,51.2293,13.0000,1.5455,0.5969,4.0909
777,0,0.0000,0.0000,0.0000,0.0000,0.0000,0.0000,0.0000,0.0000
778,5,0.0624,2.8000,0.1500,0.0307,1.0000,0.0000,14.0000,1.8000,1.6532,6.4000
779,6,0.0423,2.8333,0.1286,0.0952,1.0000,0.0000,18.0000,1.6667,0.7260,5.5000
780,4,0.0161,3.5000,0.1493,0.0753,1.5000,251.7124,13.0000,1.0000,2.6210,8.0000
781,3,0.0221,5.0000,0.1741,0.0909,1.0000,0.0000,14.3333,1.3333,4.0404,11.3333
782,0,0.0000,0.0000,0.0000,0.0000,0.0000,0.0000,0.0000,0.0000
783,0,0.0000,0.0000,0.0000,0.0000,0.0000,0.0000,0.0000,0.0000
784,7,0.0791,4.1429,0.2154,0.1224,1.0000,0.0000,12.0000,2.2857,1.0884,5.1429
785,2,0.0729,3.5000,0.1977,0.0236,1.0000,0.0000,15.0000,2.5000,6.3280,17.0000
786,0,0.0000,0.0000,0.0000,0.0000,0.0000,0.0000,0.0000,0.0000
787,1,0.0280,3.0000,0.2258,0.0298,1.0000,0.0000,14.0000,1.0000,14.3145,32.0000
788,2,0.0107,3.0000,0.1303,0.0828,1.0000,0.0000,19.0000,1.0000,3.1092,17.5000
789,6,0.0214,3.8333,0.1251,0.0565,1.0000,0.0000,18.0000,1.8333,1.1382,6.8333
790,7,0.0254,3.1429,0.1222,0.0415,1.4286,206.5948,15.0000,1.4286,1.2531,5.5714
791,9,0.0169,3.3333,0.1207,0.0587,1.2222,161.3604,14.0000,1.4444,0.8219,4.2222
792,6,0.0669,3.6667,0.1471,0.1535,1.3333,234.8682,16.1667,2.3333,0.9009,6.1667
793,0,0.0000,0.0000,0.0000,0.0000,0.0000,0.0000,0.0000,0.0000
794,6,0.0126,2.6667,0.1109,0.0903,1.0000,0.0000,14.0000,1.5000,0.9319,5.1667
795,5,0.0128,3.4000,0.1347,0.0724,1.2000,118.3013,13.0000,1.4000,1.4713,6.0000
796,2,0.0079,3.5000,0.1276,0.1881,1.5000,231.8077,17.0000,1.0000,2.8325,14.5000
797,4,0.0216,3.0000,0.1517,0.1335,1.7500,345.3570,16.0000,1.2500,1.6667,7.5000
798,5,0.0243,3.2000,0.1361,0.1521,1.0000,0.0000,13.0000,1.2000,1.2808,5.8000
799,3,0.0812,2.3333,0.1816,0.0192,1.0000,0.0000,11.0000,1.6667,3.5842,10.3333
800,8,0.0239,3.5000,0.1507,0.0729,1.1250,55.3148,14.0000,1.3750,1.0669,4.7500
801,2,0.0134,5.5000,0.1653,0.1744,1.0000,0.0000,18.0000,1.5000,3.2540,18.0000
802,2,0.0330,4.0000,0.1716,0.1623,1.0000,0.0000,20.0000,2.5000,2.7731,17.5000
803,3,0.0022,2.3333,0.0667,0.0000,1.0000,0.0000,23.0000,1.0000,0.9524,12.0000
804,4,0.0483,5.2500,0.2094,0.0998,1.0000,0.0000,15.0000,1.7500,2.6276,9.2500
805,2,0.0296,5.5000,0.2537,0.0785,1.0000,0.0000,13.0000,1.0000,6.7476,19.5000
806,2,0.0030,3.0000,0.0811,0.0000,1.0000,0.0000,21.0000,1.0000,2.2048,19.0000
807,4,0.0303,3.0000,0.1218,0.0818,1.0000,0.0000,19.2500,1.7500,1.0317,9.0000
808,2,0.0025,2.5000,0.0714,0.0000,1.0000,0.0000,16.0000,1.0000,3.8889,18.0000
809,5,0.0258,4.4000,0.1493,0.0753,1.0000,0.0000,14.0000,1.8000,1.6216,7.6000
810,4,0.0277,3.2500,0.1426,0.1335,1.7500,359.6821,17.0000,1.5000,1.4706,8.7500
811,1,0.0568,4.0000,0.2654,0.0530,1.0000,0.0000,13.0000,2.0000,12.8342,34.0000
812,5,0.0206,3.8000,0.1223,0.0575,1.0000,0.0000,12.0000,1.8000,2.2191,7.6000
813,2,0.0312,4.0000,0.2122,0.0487,1.0000,0.0000,16.0000,1.0000,4.9550,18.5000
814,0,0.0000,0.0000,0.0000,0.0000,0.0000,0.0000,0.0000,0.0000
815,6,0.0181,2.8333,0.1141,0.0753,1.0000,0.0000,16.0000,1.3333,0.9957,6.3333
816,10,0.0236,3.1000,0.1155,0.1494,1.2000,78.0083,16.2000,1.3000,0.4125,3.8000
817,9,0.0358,3.7778,0.1380,0.0907,1.4444,111.9083,16.1111,1.8889,0.7265,4.4444
818,3,0.0159,3.6667,0.1240,0.1919,1.3333,44.2473,17.0000,1.6667,1.7017,12.3333
819,4,0.0665,4.0000,0.1656,0.1735,1.0000,0.0000,17.0000,2.0000,1.5625,8.0000
820,5,0.0249,3.8000,0.1400,0.1447,1.0000,0.0000,18.0000,1.8000,1.0242,7.6000
821,0,0.0000,0.0000,0.0000,0.0000,0.0000,0.0000,0.0000,0.0000
822,1,0.0806,7.0000,0.2780,0.2565,1.0000,0.0000,14.0000,5.0000,9.0909,33.0000
823,3,0.0381,3.6667,0.1557,0.0900,1.0000,0.0000,18.0000,2.0000,2.5926,12.0000
824,6,0.0440,3.1667,0.1323,0.1151,1.0000,0.0000,17.0000,2.1667,0.8995,6.0000
825,4,0.0451,4.2500,0.2072,0.1077,1.0000,0.0000,14.0000,1.7500,2.6738,8.5000
826,4,0.0204,3.7500,0.1525,0.1573,1.0000,0.0000,14.0000,1.2500,1.8817,7.7500
827,0,0.0000,0.0000,0.0000,0.0000,0.0000,0.0000,0.0000,0.0000
828,7,0.0207,3.2857,0.1317,0.1212,1.1429,79.5338,15.0000,1.5714,0.8913,4.8571
829,5,0.0233,3.6000,0.1162,0.1613,1.0000,0.0000,18.0000,2.0000,0.8537,8.2000
830,2,0.0014,2.0000,0.0526,0.0000,1.5000,396.2588,17.0000,1.0000,4.9258,19.5000
831,3,0.0174,3.6667,0.1446,0.0419,1.0000,0.0000,19.0000,1.0000,2.3932,13.3333
832,1,0.0063,3.0000,0.0992,0.0000,1.0000,0.0000,19.0000,1.0000,6.7568,37.0000
833,2,0.0085,3.0000,0.1147,0.0766,1.0000,0.0000,21.0000,1.0000,2.4064,17.0000
834,0,0.0000,0.0000,0.0000,0.0000,0.0000,0.0000,0.0000,0.0000
835,6,0.0658,4.3333,0.1954,0.0979,1.0000,0.0000,13.1667,1.5000,1.4264,6.1667
836,5,0.0381,3.6000,0.1312,0.1223,1.4000,156.4300,14.0000,2.2000,1.2613,7.4000
837,6,0.0245,4.5000,0.1542,0.1147,1.1667,75.2193,16.0000,1.6667,1.3276,6.3333
838,2,0.0521,4.5000,0.2159,0.0665,1.0000,0.0000,15.0000,1.5000,5.9524,18.0000
839,1,0.0706,5.0000,0.2664,0.0785,1.0000,0.0000,19.0000,3.0000,12.2222,36.0000
840,8,0.0331,3.5000,0.1312,0.0741,1.1250,166.7053,15.1250,1.6250,0.7927,5.1250
841,2,0.0034,3.0000,0.0857,0.0000,1.0000,0.0000,16.0000,1.0000,3.5714,18.0000
842,4,0.0333,4.5000,0.1666,0.1380,1.2500,144.1374,17.0000,2.2500,1.7781,9.5000
843,6,0.1028,2.6667,0.1497,0.0233,1.1667,51.1303,12.0000,2.0000,1.3725,5.8333
844,2,0.0019,2.5000,0.0625,0.0000,1.0000,0.0000,18.0000,1.0000,4.6341,20.5000
845,2,0.0012,2.0000,0.0476,0.0000,1.0000,0.0000,18.0000,1.0000,3.6545,21.5000
846,1,0.0013,2.0000,0.0513,0.0000,1.0000,0.0000,25.0000,1.0000,5.0000,40.0000
847,4,0.0099,2.5000,0.0990,0.0382,1.2500,121.1222,17.0000,1.2500,1.5015,9.2500
848,5,0.0294,3.6000,0.1534,0.1021,1.0000,0.0000,14.0000,1.6000,1.3656,7.6000
849,1,0.0036,3.0000,0.0882,0.0000,1.0000,0.0000,19.0000,1.0000,7.5630,35.0000
850,4,0.0086,3.5000,0.1199,0.1382,1.2500,239.7817,16.0000,1.5000,1.3105,8.0000
851,4,0.0134,3.0000,0.1089,0.1197,1.2500,88.1207,18.0000,1.5000,1.2698,9.0000
852,8,0.0326,2.8750,0.1267,0.1828,1.1250,23.4167,13.0000,2.0000,0.6897,3.7500
853,2,0.0397,3.5000,0.2309,0.0742,1.0000,0.0000,13.0000,1.0000,6.1576,14.5000
854,1,0.0101,3.0000,0.1167,0.1884,2.0000,332.3452,20.0000,1.0000,4.7619,36.0000
855,4,0.0100,3.2500,0.1188,0.1177,1.0000,0.0000,17.0000,1.2500,1.4706,8.5000
856,2,0.0081,2.5000,0.0917,0.0000,1.0000,0.0000,17.5000,1.0000,2.9356,16.5000
857,3,0.0299,4.6667,0.1733,0.1796,1.0000,0.0000,15.0000,1.6667,2.3522,10.6667
858,1,0.0284,3.0000,0.2502,0.0446,1.0000,0.0000,16.0000,1.0000,13.7255,34.0000
859,3,0.0097,2.6667,0.1198,0.0473,1.0000,0.0000,13.0000,1.0000,2.7094,9.6667
860,5,0.0074,2.4000,0.0951,0.1426,1.2000,60.3455,17.0000,1.2000,0.8736,6.0000
861,3,0.0054,2.3333,0.0856,0.1582,1.3333,188.4756,18.0000,1.0000,1.2186,10.3333
862,1,0.0020,2.0000,0.0625,0.0000,1.0000,0.0000,16.0000,1.0000,10.6061,33.0000
863,1,0.0033,2.0000,0.0800,0.0000,1.0000,0.0000,14.0000,1.0000,6.4615,26.0000
864,4,0.0415,4.0000,0.1837,0.1768,1.0000,0.0000,16.0000,2.0000,1.5625,8.0000
865,1,0.0018,2.0000,0.0588,0.0000,1.0000,0.0000,17.0000,1.0000,9.4118,35.0000
866,4,0.0097,3.2500,0.1041,0.0729,1.0000,0.0000,16.0000,1.2500,1.9520,9.2500
867,6,0.0047,2.3333,0.0711,0.0000,1.0000,0.0000,19.0000,1.1667,0.6098,6.8333
868,6,0.0238,3.6667,0.1590,0.0684,1.0000,0.0000,14.0000,1.3333,1.5884,6.3333
869,4,0.0067,2.5000,0.0878,0.0076,1.0000,0.0000,16.0000,1.0000,2.9326,10.5000
870,8,0.0228,3.3750,0.1089,0.0909,1.1250,118.8653,15.0000,1.8750,0.7591,4.8750
871,1,0.0739,7.0000,0.2675,0.2000,1.0000,0.0000,14.0000,3.0000,10.3387,34.0000
872,3,0.0319,3.6667,0.1484,0.1147,1.3333,400.3514,16.0000,1.6667,2.1795,13.3333
873,0,0.0000,0.0000,0.0000,0.0000,0.0000,0.0000,0.0000,0.0000
874,1,0.0199,5.0000,0.1640,0.2136,1.0000,0.0000,19.0000,2.0000,5.9379,39.0000
875,3,0.0330,4.3333,0.1669,0.1282,1.0000,0.0000,14.0000,1.6667,3.0108,10.3333
876,3,0.0464,4.3333,0.1984,0.1481,1.0000,0.0000,15.0000,1.6667,2.5884,11.0000
877,2,0.0067,2.0000,0.0900,0.0000,1.0000,0.0000,13.0000,1.0000,6.9231,13.0000
878,5,0.0196,2.6000,0.1281,0.0000,1.0000,0.0000,12.2000,1.2000,1.6667,5.0000
879,2,0.0251,2.5000,0.1856,0.0335,1.5000,355.0240,9.0000,1.0000,8.7438,14.5000
880,2,0.0019,2.0000,0.0606,0.0000,1.0000,0.0000,15.0000,1.0000,4.9020,17.0000
881,3,0.0054,2.3333,0.0819,0.3154,1.0000,0.0000,23.0000,1.3333,0.8207,11.0000
882,2,0.0308,2.5000,0.1733,0.0870,1.0000,0.0000,16.0000,1.5000,3.3333,15.0000
883,0,0.0000,0.0000,0.0000,0.0000,0.0000,0.0000,0.0000,0.0000
884,3,0.0100,2.6667,0.1129,0.0443,1.0000,0.0000,16.0000,1.0000,2.8226,10.6667
885,2,0.0238,4.0000,0.2032,0.0830,1.0000,0.0000,17.0000,1.0000,4.2793,18.5000
886,0,0.0000,0.0000,0.0000,0.0000,0.0000,0.0000,0.0000,0.0000
887,1,0.0011,2.0000,0.0465,0.0000,1.0000,0.0000,18.0000,1.0000,5.7082,44.0000
888,3,0.0060,2.6667,0.0980,0.0447,1.0000,0.0000,18.0000,1.0000,2.0863,12.6667
889,3,0.0360,4.6667,0.1649,0.0812,1.6667,474.2382,16.0000,2.0000,2.6144,11.3333
890,2,0.0075,2.5000,0.0946,0.0000,1.0000,0.0000,20.0000,1.5000,3.5282,16.0000
891,5,0.0895,3.8000,0.2084,0.0918,1.0000,0.0000,11.0000,2.4000,1.9318,6.6000
892,2,0.0036,2.0000,0.0662,0.0000,1.0000,0.0000,20.0000,1.0000,2.6050,17.5000
893,2,0.0028,2.5000,0.0758,0.0000,1.0000,0.0000,16.0000,1.0000,3.1194,17.0000
894,2,0.0151,4.5000,0.1718,0.0560,1.0000,0.0000,13.0000,1.0000,5.3968,18.0000
895,7,0.0284,2.5714,0.1126,0.0067,1.1429,72.6570,15.0000,1.7143,1.9617,6.1429
896,4,0.0172,4.2500,0.1142,0.1189,1.2500,156.0062,18.2500,1.2500,1.3285,11.5000
897,1,0.0081,5.0000,0.1396,0.3580,1.0000,0.0000,19.0000,1.0000,5.1282,40.0000
898,4,0.0227,5.2500,0.1987,0.1608,1.0000,0.0000,17.0000,1.2500,2.1429,9.0000
899,3,0.0740,5.0000,0.1823,0.1230,1.3333,104.3403,14.0000,2.6667,2.7890,13.0000
900,4,0.0197,2.5000,0.1200,0.0280,1.2500,184.7068,16.0000,1.5000,1.7460,9.0000
901,3,0.0166,2.3333,0.1229,0.0457,1.0000,0.0000,23.0000,1.3333,1.7544,13.0000
902,3,0.0606,4.6667,0.2196,0.0693,1.3333,146.9373,15.0000,2.0000,3.4174,11.6667
903,9,0.0374,3.4444,0.1456,0.1597,1.0000,0.0000,15.1111,1.7778,0.5672,4.1111
904,3,0.0181,3.0000,0.1345,0.0410,1.0000,0.0000,18.0000,1.3333,2.2969,11.6667
905,2,0.0465,3.5000,0.1994,0.0268,1.5000,184.1570,16.0000,1.5000,6.1166,19.0000
906,6,0.0317,3.1667,0.1249,0.1141,1.1667,68.4946,15.0000,1.6667,0.9760,6.1667
907,5,0.0242,3.6000,0.1384,0.1825,1.0000,0.0000,16.0000,1.6000,1.1408,6.8000
908,4,0.0362,3.7500,0.1336,0.0423,1.0000,0.0000,15.2500,1.5000,2.3397,10.0000
909,7,0.0269,4.1429,0.1419,0.1016,1.1429,78.3243,15.0000,1.5714,1.0916,6.1429
910,1,0.0667,6.0000,0.1642,0.1341,1.0000,0.0000,18.0000,3.0000,6.2195,41.0000
911,2,0.0317,3.5000,0.1418,0.1232,1.0000,0.0000,23.0000,3.5000,2.0906,21.0000
912,4,0.0067,2.7500,0.0888,0.0202,1.2500,83.0480,14.0000,1.0000,2.6524,10.2500
913,4,0.0362,3.5000,0.1556,0.0452,1.2500,121.5620,19.2500,1.5000,2.1951,10.2500
914,2,0.0176,3.5000,0.1176,0.2356,1.0000,0.0000,16.0000,2.0000,2.9365,18.0000
915,2,0.0329,8.0000,0.3030,0.2161,1.0000,0.0000,18.0000,1.0000,5.7460,16.0000
916,4,0.0281,3.0000,0.1137,0.0788,1.0000,0.0000,19.0000,2.2500,1.3445,8.7500
917,4,0.0105,2.2500,0.0927,0.0000,1.2500,55.2280,15.0000,1.5000,1.4943,7.5000
918,1,0.0020,2.0000,0.0625,0.0000,1.0000,0.0000,17.0000,1.0000,7.0076,33.0000
919,2,0.0115,2.5000,0.1045,0.0075,2.0000,412.8029,16.0000,1.0000,5.5769,20.0000
920,7,0.0074,2.8571,0.0982,0.0644,1.0000,0.0000,17.0000,1.2857,0.8390,5.1429
921,6,0.0154,3.0000,0.1235,0.1571,1.0000,0.0000,17.0000,1.3333,0.7843,5.8333
922,1,0.0026,2.0000,0.0714,0.0000,1.0000,0.0000,17.0000,1.0000,9.3596,29.0000
923,3,0.1852,4.3333,0.2149,0.0386,1.0000,0.0000,13.0000,3.6667,3.7459,12.6667
924,4,0.0394,3.5000,0.1481,0.0362,1.2500,90.6877,17.0000,1.7500,2.2866,10.2500
925,5,0.0250,3.2000,0.1181,0.1489,1.2000,116.1588,17.0000,2.0000,0.9412,7.0000
926,7,0.0459,4.1429,0.1529,0.1062,1.1429,24.3558,12.0000,1.8571,1.2716,4.7143
927,4,0.0111,3.0000,0.1075,0.2053,1.2500,66.4339,24.0000,1.2500,0.7508,9.2500
928,1,0.0226,7.0000,0.2424,0.3165,2.0000,309.9418,15.0000,1.0000,8.0214,34.0000
929,3,0.0336,6.3333,0.2524,0.2419,1.0000,0.0000,13.0000,1.3333,3.4722,11.0000
930,1,0.0036,3.0000,0.0882,0.0000,2.0000,359.1210,16.0000,1.0000,8.7395,35.0000
931,0,0.0000,0.0000,0.0000,0.0000,0.0000,0.0000,0.0000,0.0000
932,7,0.0422,3.1429,0.1324,0.0507,1.0000,0.0000,18.0000,1.7143,0.9890,5.7143
933,1,0.0013,2.0000,0.0500,0.0000,2.0000,639.4402,20.0000,1.0000,9.6341,41.0000
934,3,0.0123,3.3333,0.0988,0.0283,1.3333,321.8798,16.0000,1.3333,2.1886,15.0000
935,3,0.0218,2.3333,0.1110,0.0613,1.0000,0.0000,21.0000,1.6667,1.5744,13.0000
936,2,0.0298,5.0000,0.1837,0.3078,1.5000,141.4651,16.0000,1.5000,3.0159,18.0000
937,3,0.0204,3.3333,0.1431,0.1502,1.0000,0.0000,14.0000,1.3333,2.4361,11.3333
938,2,0.0235,6.0000,0.2262,0.1811,1.0000,0.0000,16.0000,1.0000,4.7619,18.0000
939,0,0.0000,0.0000,0.0000,0.0000,0.0000,0.0000,0.0000,0.0000
940,3,0.0258,4.3333,0.1862,0.0804,1.0000,0.0000,19.0000,1.3333,2.9951,14.6667
941,6,0.0416,3.3333,0.1458,0.0633,1.1667,37.7094,11.1667,1.6667,1.3445,5.8333
942,4,0.0223,3.2500,0.1413,0.1078,1.2500,135.6079,12.0000,1.2500,1.9608,8.5000
943,1,0.0270,3.0000,0.2093,0.0165,1.0000,0.0000,13.0000,1.0000,15.3153,37.0000
944,4,0.0041,2.0000,0.0624,0.0000,1.0000,0.0000,15.0000,1.2500,2.4893,9.5000
945,4,0.0115,2.7500,0.0880,0.0000,1.0000,0.0000,17.0000,1.5000,2.1037,10.2500
946,3,0.0343,7.0000,0.2126,0.1467,1.6667,298.4716,15.0000,1.6667,3.6585,13.6667
947,1,0.0024,3.0000,0.0732,0.0000,1.0000,0.0000,19.0000,1.0000,6.6202,42.0000
948,6,0.0071,2.3333,0.0815,0.0000,1.0000,0.0000,18.0000,1.5000,0.5882,5.8333
949,6,0.1134,3.8333,0.1696,0.0517,1.0000,0.0000,13.0000,2.1667,1.6138,6.0000
950,8,0.0547,3.2500,0.1502,0.1310,1.3750,177.6886,15.1250,1.8750,0.6933,4.3750
951,3,0.0187,6.3333,0.2181,0.1358,1.3333,144.7328,15.0000,1.0000,4.0212,12.0000
952,3,0.1176,4.6667,0.1872,0.0987,1.0000,0.0000,13.0000,2.6667,2.8571,12.0000
953,4,0.0363,3.2500,0.1357,0.0955,1.2500,232.6185,16.0000,2.2500,1.3731,8.2500
954,4,0.0567,3.0000,0.1669,0.0723,1.0000,0.0000,18.2500,2.2500,1.5079,9.0000
955,0,0.0000,0.0000,0.0000,0.0000,0.0000,0.0000,0.0000,0.0000
956,2,0.0166,5.5000,0.1868,0.1324,1.0000,0.0000,13.0000,1.0000,5.9664,17.5000
957,3,0.0077,4.0000,0.1271,0.0932,1.0000,0.0000,18.0000,1.0000,2.3529,11.6667
958,6,0.0306,4.1667,0.1756,0.1377,1.0000,0.0000,16.0000,1.5000,1.2626,5.5000
959,1,0.0017,2.0000,0.0571,0.0000,1.0000,0.0000,19.0000,1.0000,9.8413,36.0000
960,6,0.0450,2.6667,0.1539,0.0334,1.0000,0.0000,14.0000,1.5000,1.2802,6.3333
961,10,0.0173,4.1000,0.1101,0.0577,1.1000,58.6793,19.0000,1.7000,0.6801,5.5000
962,6,0.0121,3.1667,0.0868,0.0128,1.0000,0.0000,19.0000,1.5000,1.3719,11.1667
963,4,0.0690,7.5000,0.1569,0.0578,1.2500,198.9338,18.0000,3.5000,2.4068,18.2500
964,10,0.0072,3.7000,0.0735,0.0125,1.1000,20.4913,22.0000,1.6000,0.6186,7.7000
965,6,0.0146,3.0000,0.0746,0.0022,1.0000,0.0000,23.0000,1.5000,1.0262,11.8333
966,6,0.0017,2.3333,0.0430,0.0000,1.0000,0.0000,18.0000,1.3333,1.7067,10.8333
967,4,0.0206,2.7500,0.1246,0.0024,1.2500,94.5690,18.0000,1.5000,2.9211,19.0000
968,12,0.0031,2.5833,0.0409,0.0000,1.0000,0.0000,18.1667,1.3333,0.5761,6.5833
969,6,0.0266,4.3333,0.1140,0.0235,1.0000,0.0000,17.0000,1.8333,1.2433,11.5000
970,9,0.0365,2.7778,0.1095,0.0079,1.0000,0.0000,22.0000,1.5556,0.8006,7.7778
971,8,0.0843,3.8750,0.1176,0.0261,1.0000,0.0000,19.1250,1.8750,0.8705,9.0000
972,12,0.0192,4.0833,0.1037,0.0075,1.0000,0.0000,16.0000,2.0833,0.5676,6.0833
973,9,0.0202,3.2222,0.1148,0.0076,1.2222,154.3660,20.0000,1.5556,1.1083,7.6667
974,8,0.0166,2.7500,0.0782,0.0012,1.2500,117.5042,19.0000,1.7500,1.2551,8.3750
975,9,0.0245,4.8889,0.1028,0.0180,1.2222,83.5760,20.0000,1.6667,0.8762,8.2222
976,7,0.0026,3.0000,0.0624,0.0123,1.0000,0.0000,21.0000,1.1429,1.0115,10.0000
977,4,0.0094,3.5000,0.0750,0.0042,1.0000,0.0000,24.0000,1.5000,1.8012,17.5000
978,9,0.0142,4.4444,0.1103,0.0249,1.1111,52.5005,24.0000,1.6667,0.7912,8.0000
979,10,0.0172,4.6000,0.1063,0.0131,1.3000,158.8135,14.1000,1.8000,0.9579,7.6000
980,7,0.0127,3.5714,0.0825,0.0078,1.0000,0.0000,18.0000,1.7143,1.4034,11.1429
981,7,0.0007,2.1429,0.0306,0.0000,1.4286,166.9041,24.0000,1.0000,1.8030,11.1429
982,7,0.0041,2.7143,0.0472,0.0003,1.2857,337.8107,17.0000,1.1429,1.1204,12.1429
983,9,0.0146,4.0000,0.0858,0.0127,1.2222,135.1762,20.1111,1.8889,0.7992,8.4444
984,7,0.0251,6.5714,0.1184,0.0408,1.1429,141.6417,19.0000,2.4286,1.2048,11.8571
985,7,0.0170,4.8571,0.0943,0.0214,1.0000,0.0000,21.0000,1.5714,1.0983,12.2857
986,7,0.0076,5.0000,0.1045,0.0125,1.0000,0.0000,21.0000,1.2857,1.0805,11.4286
987,10,0.0318,4.9000,0.1540,0.0175,1.1000,44.4820,18.0000,2.0000,1.3694,7.5000
988,4,0.0215,5.5000,0.1653,0.0314,1.0000,0.0000,21.0000,1.5000,2.7037,21.0000
989,4,0.0063,3.0000,0.0661,0.0025,1.0000,0.0000,19.2500,1.0000,2.0728,20.0000
990,7,0.0061,3.1429,0.0652,0.0003,1.0000,0.0000,17.0000,1.4286,1.3050,10.1429
991,11,0.0081,3.8182,0.0788,0.0416,1.2727,141.7598,17.0000,1.5455,0.5304,6.0909
992,9,0.0072,4.5556,0.0847,0.0242,1.3333,184.1930,18.0000,1.4444,1.2238,7.7778
993,6,0.0115,3.5000,0.0698,0.0049,1.0000,0.0000,19.1667,1.5000,1.1986,12.1667
994,7,0.0026,2.7143,0.0528,0.0002,1.1429,118.2722,22.0000,1.0000,1.5656,10.4286
995,7,0.0217,4.7143,0.1466,0.0212,1.1429,94.2691,19.0000,1.5714,1.3973,10.2857
996,5,0.0006,2.4000,0.0316,0.0000,1.0000,0.0000,18.0000,1.0000,1.6013,16.0000
997,5,0.0154,3.6000,0.1135,0.0050,1.2000,146.2188,19.0000,1.4000,2.0482,16.8000
998,12,0.0411,4.5000,0.1549,0.0201,1.0000,0.0000,21.0000,2.0833,0.8123,7.0833
999,6,0.0458,5.5000,0.1417,0.0500,1.3333,312.2714,20.3333,1.3333,1.0433,12.0000
1000,10,0.0097,3.5000,0.0820,0.0186,1.1000,63.6472,21.0000,1.3000,0.7928,7.1000
1001,4,0.0028,3.2500,0.0553,0.0000,1.0000,0.0000,16.0000,1.2500,2.2844,16.5000
1002,4,0.0051,3.0000,0.0774,0.0038,1.2500,222.6063,19.0000,1.0000,2.0600,17.5000
1003,9,0.0628,3.7778,0.1221,0.0023,1.0000,0.0000,14.0000,2.0000,0.8236,7.3333
1004,9,0.0173,2.8889,0.0789,0.0022,1.2222,202.5335,17.0000,1.7778,1.0552,7.8889
1005,9,0.0399,4.2222,0.1162,0.0308,1.0000,0.0000,14.0000,2.3333,0.8477,8.0000
1006,5,0.0287,3.8000,0.1094,0.0122,1.0000,0.0000,20.0000,1.6000,2.0538,14.0000
1007,10,0.0598,5.8000,0.1462,0.0203,1.0000,0.0000,15.0000,2.6000,1.1387,7.5000
1008,11,0.0154,3.3636,0.0737,0.0027,1.1818,111.7251,21.0000,1.8182,0.6721,7.0909
1009,20,0.0240,3.8500,0.0990,0.0175,1.1500,102.6472,19.0000,1.8000,0.4118,4.2500
1010,8,0.0143,6.6250,0.1586,0.0400,1.2500,108.7001,12.0000,1.8750,1.2500,10.0000
1011,6,0.0279,5.3333,0.1033,0.0060,1.1667,183.1597,18.0000,2.0000,2.0394,13.1667
1012,6,0.0033,3.6667,0.0675,0.0010,1.0000,0.0000,22.0000,1.3333,1.3837,13.5000
1013,5,0.0080,3.0000,0.0750,0.0008,1.0000,0.0000,24.0000,1.4000,1.4840,14.6000
1014,3,0.0010,3.3333,0.0444,0.0000,1.0000,0.0000,21.0000,1.0000,2.9474,25.3333
1015,12,0.0176,4.3333,0.1149,0.0333,1.0000,0.0000,17.0000,1.6667,0.6695,6.1667
1016,7,0.0632,7.2857,0.1848,0.0705,1.1429,40.9075,18.0000,3.7143,1.1326,10.7143
1017,11,0.0308,5.1818,0.1491,0.0186,1.0909,27.8873,20.0909,1.6364,1.0129,7.0000
1018,7,0.0088,2.7143,0.0726,0.0023,1.0000,0.0000,17.0000,1.4286,1.3114,12.0000
1019,5,0.0178,3.6000,0.1129,0.0033,1.0000,0.0000,23.0000,1.0000,2.0224,17.0000
1020,4,0.0256,5.0000,0.1106,0.0217,1.0000,0.0000,23.0000,1.7500,1.9135,22.0000
1021,7,0.0051,3.1429,0.0806,0.0003,1.1429,186.7414,12.0000,1.1429,2.5570,12.1429
1022,7,0.0487,5.0000,0.1155,0.0075,1.0000,0.0000,19.0000,2.4286,1.2212,12.0000
1023,14,0.0210,3.7143,0.0841,0.0031,1.0000,0.0000,18.0714,2.0000,0.5077,5.2857
1024,7,0.0051,4.0000,0.0691,0.0234,1.1429,85.6712,21.0000,1.2857,1.1307,10.4286
1025,4,0.0111,3.5000,0.1134,0.0045,1.0000,0.0000,25.0000,1.2500,1.9647,19.5000
1026,6,0.0537,4.8333,0.1565,0.0120,1.0000,0.0000,20.0000,2.3333,1.6362,12.1667
1027,9,0.0362,4.3333,0.1075,0.0092,1.1111,81.3355,21.0000,1.8889,0.6959,9.1111
1028,4,0.0210,5.2500,0.1013,0.0119,1.0000,0.0000,23.0000,3.5000,1.5348,20.0000
1029,9,0.0152,3.3333,0.0764,0.0057,1.1111,73.4951,18.0000,1.4444,0.7145,8.1111
1030,9,0.0284,4.1111,0.1289,0.0196,1.1111,74.8619,21.1111,1.6667,0.8390,8.0000
1031,9,0.0263,3.2222,0.0933,0.0021,1.3333,263.4983,15.0000,2.0000,0.9201,8.4444
1032,9,0.0527,3.5556,0.1404,0.0043,1.2222,159.4283,15.0000,2.0000,1.2911,8.5556
1033,10,0.0163,4.0000,0.0923,0.0133,1.1000,94.5543,17.0000,1.6000,0.6804,8.0000
1034,8,0.0248,3.6250,0.0988,0.0244,1.2500,143.6069,23.1250,1.5000,0.9323,9.1250
1035,11,0.0081,3.2727,0.0683,0.0074,1.0000,0.0000,20.0000,1.2727,0.8268,6.6364
1036,4,0.0066,3.2500,0.0793,0.0005,1.0000,0.0000,21.0000,1.2500,1.6700,17.7500
1037,5,0.0116,3.8000,0.0731,0.0150,1.0000,0.0000,20.0000,2.0000,1.3843,14.2000
1038,9,0.0250,2.7778,0.0766,0.0029,1.0000,0.0000,19.0000,1.6667,0.6406,8.3333
1039,16,0.0501,4.1250,0.1150,0.0433,1.1875,110.9737,18.0000,1.6875,0.3786,4.0625
1040,3,0.0273,5.3333,0.1257,0.0531,1.0000,0.0000,26.0000,2.6667,2.0421,24.3333
1041,10,0.0223,4.7000,0.1166,0.0187,1.0000,0.0000,17.0000,1.8000,1.3166,7.3000
1042,11,0.0241,3.5455,0.1347,0.0044,1.0909,84.8980,12.0909,1.4545,0.9040,7.7273
1043,10,0.0484,4.9000,0.1188,0.0125,1.0000,0.0000,16.1000,2.4000,0.6112,8.3000
1044,3,0.0042,5.0000,0.0836,0.0414,1.3333,419.8213,24.0000,1.0000,1.9660,24.3333
1045,12,0.0272,3.9167,0.1006,0.0356,1.1667,120.7952,16.1667,2.0833,0.4033,5.5833
1046,4,0.0270,3.7500,0.1088,0.0075,1.2500,102.3184,15.2500,2.7500,1.9772,17.5000
1047,4,0.0228,5.7500,0.1428,0.0556,1.0000,0.0000,16.0000,1.5000,2.0887,17.2500
1048,10,0.0764,3.0000,0.1360,0.0078,1.0000,0.0000,11.2000,1.6000,1.2062,7.3000
1049,12,0.0442,5.5833,0.1474,0.0182,1.0000,0.0000,15.0000,2.4167,1.0253,6.4167
1050,6,0.0236,4.1667,0.1035,0.0012,1.1667,125.0542,17.0000,1.5000,1.1955,13.1667
1051,7,0.0018,2.5714,0.0402,0.0000,1.0000,0.0000,18.0000,1.4286,1.2519,11.2857
1052,3,0.0528,5.0000,0.1545,0.0051,1.0000,0.0000,21.0000,2.0000,2.5793,24.6667
1053,10,0.0111,4.1000,0.0919,0.0251,1.1000,52.0866,20.1000,1.3000,0.8008,7.1000
1054,7,0.0277,4.4286,0.1453,0.0247,1.0000,0.0000,17.1429,1.5714,1.3420,9.7143
1055,18,0.0729,3.5556,0.1143,0.0210,1.2778,152.8151,15.0000,1.7778,0.4260,4.0000
1056,9,0.0235,4.5556,0.1511,0.0186,1.0000,0.0000,18.1111,1.5556,1.3824,8.0000
1057,10,0.0313,5.4000,0.1230,0.0388,1.2000,128.9062,17.0000,1.9000,0.7684,7.6000
1058,9,0.0182,3.2222,0.0845,0.0263,1.2222,115.0912,19.0000,1.5556,0.5410,7.8889
1059,14,0.0519,3.6429,0.0852,0.0400,1.0714,36.6936,17.0000,2.0000,0.3694,4.5000
1060,8,0.0262,3.2500,0.1280,0.0266,1.2500,162.6079,16.0000,1.3750,1.2296,7.1250
1061,5,0.0074,5.2000,0.1055,0.0473,1.0000,0.0000,23.0000,1.0000,1.7562,13.8000
1062,6,0.0136,5.0000,0.0969,0.0297,1.0000,0.0000,23.0000,1.5000,1.2765,13.0000
1063,8,0.0402,2.7500,0.0930,0.0027,1.0000,0.0000,18.0000,1.6250,1.2700,9.1250
1064,10,0.0151,3.4000,0.1005,0.0116,1.2000,198.1200,19.0000,1.7000,0.8410,7.1000
1065,6,0.0014,3.0000,0.0431,0.0000,1.5000,332.7357,22.0000,1.5000,1.1045,12.3333
1066,4,0.0089,4.5000,0.0781,0.0008,1.2500,269.3078,25.0000,1.5000,2.0646,19.5000
1067,2,0.0103,6.5000,0.1676,0.0300,1.0000,0.0000,17.0000,1.5000,7.1404,38.0000
1068,7,0.0408,3.8571,0.1303,0.0079,1.0000,0.0000,21.1429,1.8571,0.9875,10.8571
1069,9,0.0356,4.4444,0.1212,0.0300,1.1111,38.3486,16.0000,2.2222,0.7076,8.2222
1070,4,0.0053,4.2500,0.0819,0.0000,1.0000,0.0000,20.0000,2.0000,2.0641,18.5000
1071,11,0.0270,4.0909,0.1182,0.0300,1.0909,57.4425,18.0000,1.8182,0.5742,6.6364
1072,7,0.0155,4.0000,0.0978,0.0151,1.0000,0.0000,16.1429,1.7143,1.2422,9.8571
1073,4,0.0107,2.2500,0.0955,0.0030,1.2500,150.4491,22.0000,1.2500,2.8322,16.5000
1074,10,0.0393,4.6000,0.1217,0.0305,1.1000,65.2165,17.0000,2.2000,0.8654,6.5000
1075,6,0.0143,4.6667,0.1076,0.0464,1.3333,165.3919,21.0000,1.6667,1.1986,11.1667
1076,8,0.0439,5.0000,0.1441,0.0344,1.2500,191.8390,23.0000,2.5000,1.1320,9.1250
1077,12,0.0161,3.3333,0.0687,0.0003,1.0000,0.0000,16.0833,2.0000,0.6129,6.0000
1078,6,0.0052,2.8333,0.0604,0.0010,1.1667,94.3610,21.0000,1.5000,1.2156,12.3333
1079,11,0.0303,3.3636,0.1030,0.0096,1.1818,131.7972,15.0000,1.6364,1.0456,6.1818
1080,7,0.0358,5.1429,0.1842,0.0062,1.0000,0.0000,17.1429,1.5714,1.9139,11.0000
1081,5,0.0064,3.2000,0.0938,0.0034,1.2000,121.8575,19.0000,1.0000,1.9314,15.6000
1082,12,0.0633,5.0833,0.1196,0.0432,1.0833,16.5512,12.0000,2.1667,0.5646,6.2500
1083,12,0.0340,4.5833,0.1109,0.0219,1.0833,61.9336,21.0000,2.1667,0.7041,6.6667
1084,9,0.0220,4.2222,0.1030,0.0255,1.2222,132.0810,20.2222,1.6667,0.7955,8.6667
1085,10,0.0407,3.7000,0.1660,0.0077,1.1000,30.7099,17.0000,2.0000,0.8478,7.4000
1086,8,0.0259,3.0000,0.0803,0.0018,1.3750,92.2349,22.0000,1.8750,0.9561,9.5000
1087,12,0.0350,3.5833,0.0989,0.0186,1.1667,79.5043,19.0000,1.8333,0.5277,5.5833
1088,7,0.0641,3.2857,0.1631,0.0166,1.0000,0.0000,18.1429,2.0000,1.2672,8.5714
1089,16,0.0228,3.5000,0.1114,0.0231,1.1250,47.8202,17.0625,1.4375,0.3773,4.4375
1090,3,0.0051,3.3333,0.0833,0.0024,1.0000,0.0000,22.0000,1.0000,3.3880,20.3333
1091,13,0.0174,2.9231,0.0851,0.0142,1.0769,64.5727,19.0769,1.5385,0.4515,4.7692
1092,6,0.0013,2.6667,0.0472,0.0000,1.0000,0.0000,21.0000,1.0000,1.0565,10.1667
1093,6,0.0161,3.5000,0.1116,0.0123,1.0000,0.0000,19.0000,1.5000,1.8079,10.0000
1094,5,0.0159,5.0000,0.0965,0.0398,1.2000,105.8721,18.0000,1.4000,1.7808,14.6000
1095,9,0.0198,3.1111,0.1106,0.0029,1.2222,186.0783,18.0000,1.5556,1.0494,9.0000
1096,11,0.0086,3.0000,0.0690,0.0011,1.0909,48.5773,13.0000,1.6364,0.9072,7.0000
1097,7,0.0032,2.4286,0.0586,0.0025,1.2857,147.3172,21.0000,1.2857,1.4793,11.0000
1098,8,0.0278,4.6250,0.1138,0.0328,1.1250,124.0574,18.0000,2.0000,1.2888,8.7500
1099,4,0.0203,4.5000,0.1233,0.0120,1.0000,0.0000,18.0000,1.2500,1.9562,18.0000
1100,8,0.0603,11.1250,0.2352,0.0773,1.0000,0.0000,17.0000,2.6250,1.7850,8.6250
1101,15,0.0044,2.6667,0.0540,0.0035,1.1333,43.7753,18.0000,1.5333,0.3190,4.5333
1102,11,0.0144,3.2727,0.0990,0.0219,1.2727,110.9572,19.0909,1.8182,0.5663,5.5455
1103,6,0.0124,3.8333,0.1042,0.0236,1.0000,0.0000,16.0000,1.6667,1.5830,11.1667
1104,5,0.0193,4.6000,0.1436,0.0293,1.2000,94.4904,13.0000,1.6000,2.1674,14.4000
1105,9,0.0379,4.3333,0.1234,0.0056,1.0000,0.0000,17.0000,2.1111,1.1392,8.5556
1106,5,0.0018,2.6000,0.0431,0.0000,1.0000,0.0000,18.0000,1.4000,1.5906,14.6000
1107,7,0.0050,3.7143,0.0796,0.0057,1.0000,0.0000,18.0000,1.1429,1.1793,10.2857
1108,4,0.0026,3.2500,0.0513,0.0000,1.0000,0.0000,18.0000,2.0000,2.8786,18.5000
1109,8,0.0136,6.0000,0.1100,0.0315,1.0000,0.0000,17.0000,1.5000,1.4056,10.7500
1110,13,0.0585,4.8462,0.0989,0.0365,1.1538,94.0809,18.0769,2.3077,0.4565,6.6923
1111,10,0.0224,5.8000,0.1503,0.0389,1.1000,56.2043,22.0000,1.4000,0.8406,7.9000
1112,7,0.0102,4.8571,0.0714,0.0266,1.1429,66.1865,27.0000,1.7143,1.0409,12.0000
1113,9,0.0248,4.0000,0.0865,0.0122,1.2222,113.6986,21.1111,2.0000,1.0025,8.5556
1114,3,0.0509,6.3333,0.1983,0.0436,1.0000,0.0000,23.0000,3.6667,2.6132,27.0000
1115,4,0.0222,5.0000,0.1161,0.0322,1.0000,0.0000,24.0000,2.2500,2.3688,20.2500
1116,8,0.0179,3.7500,0.1004,0.0042,1.0000,0.0000,17.0000,2.0000,1.2459,10.2500
1117,6,0.0181,6.1667,0.1486,0.0300,1.1667,62.2564,20.0000,1.8333,2.1994,13.3333
1118,5,0.0202,4.4000,0.1003,0.0102,1.2000,95.8951,18.0000,1.4000,1.7927,17.0000
1119,12,0.0122,2.9167,0.0592,0.0085,1.1667,101.0714,21.0000,1.7500,0.4414,6.4167
1120,7,0.0045,3.7143,0.0772,0.0179,1.1429,93.3988,23.1429,1.1429,0.9732,10.5714
1121,13,0.0034,3.0000,0.0564,0.0001,1.0769,58.1193,16.0000,1.3077,0.6073,5.8462
1122,11,0.0537,4.0000,0.1448,0.0205,1.2727,154.9048,21.2727,1.9091,0.7783,6.6364
1123,9,0.0131,4.7778,0.1081,0.0353,1.3333,188.0530,21.0000,1.3333,1.0079,8.2222
1124,7,0.0040,2.4286,0.0595,0.0046,1.1429,74.2130,19.0000,1.5714,1.1900,10.1429
1125,6,0.0034,3.0000,0.0536,0.0000,1.1667,95.5333,18.0000,1.6667,1.6974,11.3333
1126,9,0.0828,4.8889,0.1315,0.0363,1.1111,89.2262,14.0000,2.1111,1.0791,7.2222
1127,10,0.0254,4.3000,0.1181,0.0153,1.1000,90.0486,15.0000,1.6000,0.8374,7.9000
1128,11,0.0394,4.0909,0.1055,0.0019,1.1818,94.3023,17.2727,1.4545,0.7259,7.1818
1129,4,0.0040,4.5000,0.0878,0.0275,1.0000,0.0000,30.0000,1.0000,1.6064,21.0000
1130,5,0.0166,3.6000,0.1398,0.0052,1.2000,98.9118,14.0000,1.4000,2.2775,15.0000
1131,6,0.0050,3.0000,0.0668,0.0034,1.1667,133.4813,19.0000,1.5000,1.4035,12.6667
1132,7,0.0130,5.1429,0.0956,0.0295,1.2857,67.9516,18.0000,2.1429,1.3624,11.5714
1133,7,0.0187,5.0000,0.1017,0.0576,1.0000,0.0000,22.0000,2.0000,1.1326,10.7143
1134,12,0.1025,3.4167,0.1151,0.0045,1.0000,0.0000,16.0000,2.0000,0.7895,6.3333
1135,11,0.0024,2.8182,0.0454,0.0000,1.4545,261.7268,22.0909,1.2727,0.6145,7.0909
1136,4,0.0029,3.2500,0.0514,0.0000,1.0000,0.0000,23.2500,1.2500,2.2973,18.7500
1137,6,0.0287,4.0000,0.1459,0.0074,1.0000,0.0000,15.0000,1.8333,1.7111,11.1667
1138,3,0.0012,2.3333,0.0402,0.0000,1.0000,0.0000,18.0000,1.0000,3.1021,22.6667
1139,8,0.0034,3.5000,0.0637,0.0013,1.0000,0.0000,19.0000,1.5000,0.9507,8.8750
1140,13,0.0275,4.6154,0.1193,0.0349,1.2308,284.6538,16.0000,2.0769,0.6741,5.5385
1141,4,0.0045,4.5000,0.0788,0.0355,1.0000,0.0000,20.2500,1.0000,2.0167,18.2500
1142,12,0.0063,4.3333,0.0753,0.0276,1.0000,0.0000,20.0000,1.7500,0.5166,6.5833
1143,4,0.0022,3.7500,0.0607,0.0000,1.0000,0.0000,14.0000,1.2500,3.9123,19.0000
1144,5,0.0279,3.6000,0.1198,0.0125,1.2000,191.8829,18.0000,2.0000,1.8302,16.8000
1145,9,0.0179,4.1111,0.0987,0.0090,1.2222,261.9397,18.0000,1.6667,1.1610,9.1111
1146,14,0.0316,3.2857,0.0958,0.0009,1.1429,85.1915,15.0000,1.6429,0.5041,5.7143
1147,7,0.0271,4.5714,0.1063,0.0307,1.0000,0.0000,22.1429,1.7143,1.2407,10.7143
1148,2,0.0286,7.5000,0.1668,0.0728,1.0000,0.0000,16.0000,1.0000,5.2465,33.5000
1149,2,0.0004,2.0000,0.0278,0.0000,1.0000,0.0000,20.0000,1.0000,5.3272,36.5000
1150,3,0.0014,3.0000,0.0477,0.0000,1.0000,0.0000,20.0000,1.3333,2.5259,23.3333
1151,7,0.0308,3.7143,0.1116,0.0453,1.0000,0.0000,22.1429,1.8571,0.8403,9.8571
1152,9,0.0161,4.7778,0.1092,0.0349,1.1111,17.6364,18.0000,1.7778,1.1042,7.7778
1153,5,0.0112,2.4000,0.0879,0.0022,1.0000,0.0000,19.0000,1.2000,1.8089,13.2000
1154,4,0.0048,3.5000,0.0748,0.0068,1.2500,138.3708,18.0000,1.0000,2.6457,16.5000
1155,4,0.0009,2.7500,0.0351,0.0000,1.0000,0.0000,23.0000,1.2500,1.7117,20.7500
1156,10,0.0059,3.0000,0.0549,0.0006,1.3000,112.7335,19.0000,1.4000,0.7108,7.4000
1157,5,0.0045,4.4000,0.0868,0.0285,1.2000,223.4401,22.0000,1.0000,1.4990,14.0000
1158,10,0.0178,2.5000,0.0754,0.0003,1.0000,0.0000,23.1000,1.5000,0.9515,7.4000
1159,9,0.0104,3.7778,0.0760,0.0082,1.1111,30.0556,18.1111,1.4444,0.9169,8.3333
1160,9,0.0089,3.4444,0.0687,0.0206,1.4444,225.2061,20.0000,1.6667,0.5955,9.1111
1161,17,0.0259,3.1176,0.0904,0.0009,1.1765,110.5892,16.0000,1.9412,0.6329,4.7059
1162,8,0.0060,4.1250,0.0790,0.0194,1.0000,0.0000,20.0000,1.1250,0.9074,9.7500
1163,3,0.0020,4.0000,0.0551,0.0000,1.0000,0.0000,18.0000,1.6667,3.8164,25.6667
1164,2,0.0573,3.0000,0.1572,0.0062,1.0000,0.0000,19.0000,3.0000,4.3685,35.0000
1165,3,0.0014,2.6667,0.0437,0.0000,1.0000,0.0000,21.0000,1.3333,2.6763,24.3333
1166,5,0.0036,4.8000,0.0819,0.0288,1.2000,132.7788,19.0000,1.2000,1.9864,15.8000
1167,4,0.0023,3.0000,0.0468,0.0000,1.0000,0.0000,18.2500,1.5000,2.4424,19.7500
1168,15,0.0164,3.1333,0.0826,0.0032,1.0667,12.9883,15.0667,1.6667,0.4307,5.2000
1169,6,0.0114,3.5000,0.0912,0.0247,1.0000,0.0000,22.0000,1.3333,1.2877,11.3333
1170,6,0.0086,3.6667,0.1214,0.0099,1.0000,0.0000,18.0000,1.1667,1.5855,12.1667
1171,5,0.0110,3.2000,0.1049,0.0013,1.0000,0.0000,17.0000,1.4000,2.8008,14.2000
1172,13,0.0222,3.8462,0.1087,0.0231,1.1538,127.1798,17.0000,1.8462,0.5655,5.7692
1173,8,0.0456,4.8750,0.1190,0.0206,1.1250,129.3069,13.2500,2.2500,1.2272,9.1250
1174,7,0.0164,4.1429,0.0933,0.0029,1.2857,151.9544,15.0000,1.5714,1.0546,10.4286
1175,10,0.0071,2.8000,0.0600,0.0042,1.2000,125.2091,21.1000,1.6000,0.6829,6.7000
1176,4,0.0648,4.2500,0.1707,0.0033,1.0000,0.0000,20.2500,2.0000,3.1552,19.5000
1177,6,0.0375,4.0000,0.1423,0.0219,1.3333,161.2463,19.0000,1.8333,1.8170,12.8333
1178,5,0.0864,7.2000,0.1545,0.0697,1.0000,0.0000,20.0000,4.8000,1.4494,16.0000
1179,9,0.0260,3.5556,0.0896,0.0017,1.0000,0.0000,19.0000,1.8889,1.2481,9.4444
1180,6,0.0136,3.3333,0.1023,0.0008,1.1667,136.5065,21.0000,1.6667,2.4643,14.6667
1181,9,0.0713,5.7778,0.1733,0.0183,1.0000,0.0000,18.0000,2.0000,1.3539,9.4444
1182,10,0.0145,4.0000,0.0805,0.0173,1.2000,195.9471,25.0000,2.1000,0.8099,8.7000
1183,6,0.0505,5.6667,0.1125,0.0143,1.3333,260.9132,16.0000,3.6667,1.7515,13.6667
1184,10,0.0172,4.7000,0.1103,0.0112,1.1000,67.8402,20.0000,2.0000,0.8274,8.9000
1185,6,0.0219,4.5000,0.1530,0.0067,1.1667,235.9665,20.0000,1.3333,1.6821,13.5000
1186,7,0.0135,4.1429,0.1050,0.0182,1.0000,0.0000,14.0000,1.8571,1.2743,11.0000
1187,2,0.0004,2.0000,0.0263,0.0000,1.0000,0.0000,26.0000,1.0000,3.8790,38.5000
1188,3,0.0377,4.0000,0.1488,0.0088,1.0000,0.0000,16.0000,2.3333,4.8998,20.3333
1189,9,0.0592,5.0000,0.1387,0.0226,1.0000,0.0000,14.0000,1.8889,1.0955,8.0000
1190,11,0.0056,3.0000,0.0582,0.0030,1.0909,42.4616,21.0909,1.5455,0.6214,7.4545
1191,7,0.0059,4.8571,0.0845,0.0212,1.0000,0.0000,22.0000,1.2857,1.1067,11.5714
1192,9,0.0174,4.3333,0.0956,0.0263,1.1111,53.0600,21.0000,1.6667,0.5981,7.7778
1193,19,0.0101,3.5789,0.0749,0.0185,1.1053,120.2943,17.0000,1.7895,0.4109,3.7368
1194,8,0.0117,3.3750,0.0786,0.0019,1.1250,59.7267,19.0000,1.5000,1.4054,9.3750
1195,7,0.0201,3.0000,0.0843,0.0001,1.1429,121.6654,17.1429,1.4286,1.3694,10.7143
1196,9,0.0709,4.0000,0.1229,0.0314,1.0000,0.0000,17.0000,2.0000,0.7474,8.6667
1197,11,0.0069,3.2727,0.0700,0.0029,1.0909,94.0359,17.0000,1.8182,0.6851,6.3636
1198,11,0.0170,3.0909,0.0934,0.0101,1.0909,61.6421,22.0909,1.5455,0.7789,6.5455
1199,4,0.0098,9.7500,0.1421,0.0939,1.2500,93.6471,22.0000,1.0000,2.6190,17.5000
1200,8,0.0142,3.7500,0.0875,0.0241,1.0000,0.0000,22.1250,2.0000,0.8100,8.2500
1201,8,0.0188,3.2500,0.1095,0.0480,1.3750,249.0698,15.0000,1.7500,1.0417,6.1250
1202,2,0.0024,3.0000,0.0732,0.0000,1.0000,0.0000,17.0000,1.0000,3.3682,21.0000
1203,4,0.0057,2.2500,0.0776,0.0000,1.2500,155.9244,18.0000,1.2500,1.9608,8.5000
1204,1,0.0966,8.0000,0.3008,0.3132,1.0000,0.0000,18.0000,6.0000,8.7395,35.0000
1205,2,0.0312,4.5000,0.1624,0.1495,1.0000,0.0000,16.0000,2.5000,4.1331,16.0000
1206,0,0.0000,0.0000,0.0000,0.0000,0.0000,0.0000,0.0000,0.0000
1207,3,0.0123,3.0000,0.1279,0.1948,1.0000,0.0000,14.0000,1.3333,1.9704,9.6667
1208,3,0.0130,3.6667,0.1465,0.1533,1.3333,119.7391,13.3333,1.0000,2.2046,9.3333
1209,1,0.0031,2.0000,0.0769,0.0000,1.0000,0.0000,18.0000,1.0000,3.9886,27.0000
1210,2,0.0254,4.5000,0.2137,0.3026,1.0000,0.0000,11.0000,1.0000,4.6667,12.5000
1211,2,0.0218,4.0000,0.1778,0.2057,1.0000,0.0000,15.0000,1.5000,4.0860,15.5000
1212,2,0.0477,2.5000,0.1922,0.0337,1.5000,145.0564,14.0000,1.5000,6.1254,13.5000
1213,3,0.0381,3.6667,0.1791,0.1147,1.3333,119.7016,17.0000,2.0000,2.2939,10.3333
1214,1,0.0256,4.0000,0.1764,0.1932,1.0000,0.0000,17.0000,1.0000,7.4074,28.0000
1215,1,0.0492,6.0000,0.2462,0.4774,1.0000,0.0000,12.0000,4.0000,8.8319,27.0000
1216,3,0.0777,6.3333,0.3098,0.1502,1.0000,0.0000,12.0000,2.0000,5.6650,9.6667
1217,2,0.0028,2.0000,0.0741,0.0000,1.0000,0.0000,16.0000,1.0000,3.8360,14.0000
1218,1,0.0028,2.0000,0.0741,0.0000,1.0000,0.0000,19.0000,1.0000,3.7037,28.0000
1219,2,0.0057,2.0000,0.0833,0.0000,1.0000,0.0000,11.0000,1.0000,4.6296,14.0000
1220,6,0.0262,2.1667,0.1163,0.0316,1.0000,0.0000,11.0000,1.3333,1.2346,4.5000
1221,1,0.0143,3.0000,0.1524,0.4747,1.0000,0.0000,13.0000,1.0000,6.0606,22.0000
1222,4,0.0361,4.0000,0.2076,0.2298,1.0000,0.0000,9.0000,1.5000,2.3551,6.0000
1223,3,0.0675,3.6667,0.2486,0.0662,1.3333,123.5006,14.0000,1.6667,5.1724,9.6667
1224,0,0.0000,0.0000,0.0000,0.0000,0.0000,0.0000,0.0000,0.0000
1225,0,0.0000,0.0000,0.0000,0.0000,0.0000,0.0000,0.0000,0.0000
1226,5,0.0037,2.0000,0.0750,0.0000,1.0000,0.0000,17.0000,1.0000,0.6897,5.8000
1227,5,0.0847,3.8000,0.2004,0.2357,1.2000,52.2345,10.2000,1.8000,1.4769,5.2000
1228,5,0.0386,5.0000,0.2514,0.2660,1.0000,0.0000,12.0000,1.2000,1.6749,5.8000
1229,2,0.0053,2.0000,0.0804,0.0000,1.0000,0.0000,12.0000,1.0000,3.6946,14.5000
1230,2,0.0026,2.0000,0.0714,0.0000,1.5000,376.6448,20.0000,1.0000,1.3547,14.5000
1231,2,0.0117,2.5000,0.1173,0.0000,1.0000,0.0000,12.0000,1.5000,6.3077,13.0000
1232,3,0.0205,3.3333,0.1692,0.0828,1.0000,0.0000,12.0000,1.3333,2.5641,9.0000
1233,0,0.0000,0.0000,0.0000,0.0000,0.0000,0.0000,0.0000,0.0000
1234,5,0.0067,2.4000,0.1000,0.1231,1.0000,0.0000,14.0000,1.2000,0.9231,5.2000
1235,5,0.0608,3.6000,0.2272,0.1175,1.0000,0.0000,9.0000,1.4000,2.9249,4.6000
1236,0,0.0000,0.0000,0.0000,0.0000,0.0000,0.0000,0.0000,0.0000
1237,1,0.0185,4.0000,0.1538,0.0000,1.0000,0.0000,19.0000,1.0000,4.5584,27.0000
1238,1,0.0033,2.0000,0.0800,0.0000,1.0000,0.0000,17.0000,1.0000,7.6923,26.0000
1239,2,0.0028,2.0000,0.0741,0.0000,1.0000,0.0000,16.0000,1.0000,2.7778,14.0000
1240,4,0.0346,3.5000,0.1912,0.2938,1.0000,0.0000,14.2500,1.2500,1.3587,6.0000
1241,1,0.0456,4.0000,0.2058,0.1181,1.0000,0.0000,16.0000,2.0000,7.9365,28.0000
1242,1,0.0031,2.0000,0.0769,0.0000,2.0000,728.7759,13.0000,1.0000,7.9772,27.0000
1243,4,0.0511,3.5000,0.1873,0.1740,1.0000,0.0000,12.2500,1.7500,2.0665,8.0000
1244,4,0.0236,3.5000,0.1351,0.1481,1.0000,0.0000,15.0000,1.7500,1.5054,7.7500
1245,0,0.0000,0.0000,0.0000,0.0000,0.0000,0.0000,0.0000,0.0000
1246,2,0.0142,4.5000,0.1431,0.1687,1.0000,0.0000,20.5000,1.5000,2.2282,17.0000
1247,2,0.0229,4.0000,0.1613,0.1211,1.0000,0.0000,16.0000,1.5000,4.0323,16.0000
1248,2,0.0720,5.0000,0.2336,0.0673,1.0000,0.0000,12.0000,1.5000,5.4023,15.0000
1249,2,0.0407,4.0000,0.1869,0.2101,1.0000,0.0000,16.0000,1.5000,3.7433,17.0000
1250,3,0.0316,4.0000,0.1763,0.0875,1.0000,0.0000,12.3333,1.0000,3.3868,11.3333
1251,6,0.0254,3.6667,0.1522,0.1048,1.1667,85.9166,12.0000,1.8333,1.1761,5.3333
1252,2,0.0049,3.0000,0.1034,0.0000,1.0000,0.0000,16.0000,1.0000,2.9885,15.0000
1253,4,0.0092,2.5000,0.1034,0.2234,1.0000,0.0000,18.0000,1.0000,0.8547,6.7500
1254,2,0.0370,5.0000,0.2351,0.2250,1.0000,0.0000,14.0000,1.5000,4.6798,14.5000
1255,2,0.0050,2.5000,0.1000,0.0000,1.0000,0.0000,14.0000,1.0000,4.0000,13.0000
1256,4,0.0430,4.0000,0.1736,0.2595,1.0000,0.0000,17.0000,1.7500,1.2601,8.0000
1257,1,0.0123,4.0000,0.1500,0.3935,1.0000,0.0000,17.0000,1.0000,4.9462,31.0000
1258,5,0.0320,4.2000,0.1729,0.1574,1.0000,0.0000,17.0000,1.8000,1.3445,7.0000
1259,4,0.0146,3.7500,0.1496,0.0950,1.0000,0.0000,20.0000,1.2500,1.9886,8.2500
1260,4,0.0156,2.7500,0.1212,0.1658,1.0000,0.0000,13.0000,1.2500,1.5152,8.2500
1261,5,0.0511,3.2000,0.1749,0.1273,1.6000,339.3086,13.0000,1.6000,1.3333,6.0000
1262,3,0.0622,4.6667,0.2299,0.1573,1.6667,184.5167,14.0000,2.0000,3.2841,9.6667
1263,1,0.1323,7.0000,0.2771,0.4172,1.0000,0.0000,11.0000,4.0000,9.8522,29.0000
1264,1,0.0205,4.0000,0.1905,0.2275,1.0000,0.0000,15.0000,1.0000,6.8966,29.0000
1265,3,0.0892,7.6667,0.3331,0.2310,1.0000,0.0000,14.0000,2.0000,4.0613,10.0000
1266,1,0.0028,2.0000,0.0741,0.0000,1.0000,0.0000,16.0000,1.0000,7.9365,28.0000
1267,1,0.0258,7.0000,0.2726,0.3147,1.0000,0.0000,15.0000,1.0000,9.2742,32.0000
1268,0,0.0000,0.0000,0.0000,0.0000,0.0000,0.0000,0.0000,0.0000
1269,4,0.0267,3.0000,0.1444,0.0027,1.0000,0.0000,12.0000,1.5000,2.6042,8.2500
1270,1,0.0202,3.0000,0.1990,0.0777,1.0000,0.0000,16.0000,1.0000,8.7121,33.0000
1271,2,0.0269,6.0000,0.2286,0.4321,1.0000,0.0000,14.0000,1.5000,4.1872,14.5000
1272,2,0.0251,6.5000,0.2413,0.4180,1.0000,0.0000,18.0000,1.5000,2.8325,14.5000
1273,1,0.0058,2.0000,0.1053,0.0000,1.0000,0.0000,10.0000,1.0000,13.6842,20.0000
1274,2,0.0184,2.5000,0.1467,0.4731,1.0000,0.0000,15.0000,1.5000,1.9048,10.5000
1275,1,0.0058,2.0000,0.1053,0.0000,1.0000,0.0000,12.0000,1.0000,6.8421,20.0000
1276,2,0.0071,2.5000,0.1190,0.0000,1.0000,0.0000,13.0000,1.0000,3.2468,11.0000
1277,1,0.0053,3.0000,0.1071,0.0000,1.0000,0.0000,14.0000,1.0000,10.5911,29.0000
1278,2,0.0357,9.0000,0.3204,0.2996,1.5000,224.1775,11.0000,1.0000,6.2366,15.5000
1279,3,0.0224,4.0000,0.1506,0.1468,1.0000,0.0000,13.0000,1.3333,2.7240,10.3333
1280,2,0.0123,3.5000,0.1310,0.3850,1.0000,0.0000,19.0000,1.0000,2.0690,15.0000
1281,2,0.0043,2.5000,0.0926,0.0000,1.0000,0.0000,15.0000,1.0000,3.7037,14.0000
1282,1,0.0031,2.0000,0.0769,0.0000,1.0000,0.0000,18.0000,1.0000,4.2735,27.0000
1283,1,0.0026,2.0000,0.0714,0.0000,1.0000,0.0000,17.0000,1.0000,6.8966,29.0000
1284,2,0.0119,3.0000,0.1390,0.0771,1.0000,0.0000,16.0000,1.0000,4.6798,14.5000
1285,1,0.0443,7.0000,0.2782,0.2417,1.0000,0.0000,18.0000,2.0000,9.4253,30.0000
1286,3,0.0141,2.6667,0.1450,0.0289,1.0000,0.0000,11.0000,1.0000,5.4187,9.6667
1287,0,0.0000,0.0000,0.0000,0.0000,0.0000,0.0000,0.0000,0.0000
1288,0,0.0000,0.0000,0.0000,0.0000,0.0000,0.0000,0.0000,0.0000
1289,1,0.0242,3.0000,0.1704,0.0449,1.0000,0.0000,16.0000,1.0000,10.6061,33.0000
1290,1,0.0016,2.0000,0.0556,0.0000,1.0000,0.0000,20.0000,1.0000,9.7598,37.0000
1291,2,0.0445,4.5000,0.1688,0.2541,1.0000,0.0000,20.0000,2.5000,2.4064,17.0000
1292,3,0.0038,2.0000,0.0722,0.0000,1.3333,199.3510,15.0000,1.0000,2.8674,10.3333
1293,1,0.0759,5.0000,0.2513,0.2325,1.0000,0.0000,16.0000,3.0000,7.7419,31.0000
1294,3,0.0107,2.6667,0.1053,0.4685,1.3333,335.2287,23.0000,1.3333,0.7168,10.3333
1295,1,0.0157,5.0000,0.2083,0.4963,1.0000,0.0000,19.0000,1.0000,4.0000,25.0000
1296,3,0.0322,3.6667,0.1742,0.4012,1.3333,42.5148,15.3333,1.6667,1.5385,8.6667
1297,1,0.0215,4.0000,0.1758,0.2922,1.0000,0.0000,18.0000,1.0000,5.4131,27.0000
1298,0,0.0000,0.0000,0.0000,0.0000,0.0000,0.0000,0.0000,0.0000
1299,0,0.0000,0.0000,0.0000,0.0000,0.0000,0.0000,0.0000,0.0000
1300,2,0.0133,2.5000,0.1253,0.1208,1.0000,0.0000,14.0000,1.0000,3.0769,13.0000
1301,0,0.0000,0.0000,0.0000,0.0000,0.0000,0.0000,0.0000,0.0000
1302,0,0.0000,0.0000,0.0000,0.0000,0.0000,0.0000,0.0000,0.0000
1303,4,0.0117,2.5000,0.1055,0.0429,1.0000,0.0000,13.0000,1.2500,1.8966,7.5000
1304,3,0.0233,3.3333,0.1443,0.1919,1.0000,0.0000,12.0000,1.3333,2.2564,8.6667
1305,3,0.0624,3.6667,0.1850,0.1418,1.3333,140.2703,14.0000,2.3333,2.4521,10.0000
1306,4,0.0156,4.0000,0.1722,0.1806,1.0000,0.0000,13.0000,1.0000,2.0000,6.5000
1307,2,0.0046,3.0000,0.1000,0.0000,1.0000,0.0000,18.0000,1.0000,2.3656,15.5000
1308,3,0.0300,3.6667,0.1702,0.3151,1.0000,0.0000,17.0000,1.6667,1.6420,9.6667
1309,1,0.0057,3.0000,0.1111,0.0000,1.0000,0.0000,13.0000,1.0000,12.9630,28.0000
1310,3,0.0141,4.0000,0.1547,0.1297,1.0000,0.0000,14.0000,1.3333,2.6820,10.0000
1311,1,0.0246,4.0000,0.2225,0.1933,1.0000,0.0000,15.0000,1.0000,9.1168,27.0000
1312,2,0.0128,3.0000,0.1370,0.0961,1.0000,0.0000,16.0000,1.0000,3.9683,14.0000
1313,3,0.0408,4.3333,0.1854,0.1203,1.0000,0.0000,12.0000,1.6667,4.1446,9.3333
1314,4,0.0292,3.7500,0.1735,0.4141,1.0000,0.0000,15.0000,1.7500,1.3228,7.0000
1315,8,0.1008,3.0000,0.1839,0.2196,1.0000,0.0000,12.0000,2.1250,0.7937,3.5000
1316,0,0.0000,0.0000,0.0000,0.0000,0.0000,0.0000,0.0000,0.0000
1317,2,0.0468,3.0000,0.1771,0.0269,1.0000,0.0000,14.0000,1.5000,4.5378,17.5000
1318,2,0.0475,5.0000,0.2780,0.1369,1.0000,0.0000,10.0000,1.5000,7.4713,15.0000
1319,2,0.0040,2.0000,0.0703,0.0000,1.0000,0.0000,18.0000,1.0000,2.8409,16.5000
1320,3,0.0416,4.0000,0.1877,0.1931,1.0000,0.0000,13.0000,2.0000,3.0914,10.6667
1321,2,0.0062,3.0000,0.1015,0.1214,1.5000,139.0907,20.0000,1.0000,2.5210,17.5000
1322,0,0.0000,0.0000,0.0000,0.0000,0.0000,0.0000,0.0000,0.0000
1323,1,0.0022,2.0000,0.0645,0.0000,1.0000,0.0000,16.0000,1.0000,8.6694,32.0000
1324,2,0.0163,3.5000,0.1582,0.0727,1.0000,0.0000,15.0000,1.0000,5.2956,14.5000
1325,5,0.1195,4.6000,0.2241,0.0856,1.0000,0.0000,10.0000,3.0000,2.2529,6.0000
1326,4,0.0423,3.2500,0.1820,0.1668,1.0000,0.0000,14.0000,1.5000,1.9231,6.7500
1327,6,0.0898,3.1667,0.1790,0.1236,1.0000,0.0000,13.3333,1.6667,1.1111,5.1667
1328,2,0.0291,3.0000,0.1561,0.1876,1.0000,0.0000,14.0000,1.5000,3.6946,14.5000
1329,4,0.0115,3.2500,0.1333,0.1156,1.0000,0.0000,15.5000,1.0000,1.3533,6.7500
1330,0,0.0000,0.0000,0.0000,0.0000,0.0000,0.0000,0.0000,0.0000
1331,0,0.0000,0.0000,0.0000,0.0000,0.0000,0.0000,0.0000,0.0000
1332,1,0.0788,6.0000,0.2483,0.1451,1.0000,0.0000,15.0000,4.0000,8.7356,30.0000
1333,2,0.0312,4.5000,0.1742,0.3191,1.0000,0.0000,19.0000,3.5000,2.5568,16.5000
1334,3,0.0870,6.0000,0.2850,0.2450,1.0000,0.0000,11.0000,2.3333,3.5249,10.0000
1335,4,0.0187,4.5000,0.1638,0.1853,1.2500,37.6203,14.0000,1.7500,1.7742,7.7500
1336,3,0.0082,2.0000,0.0832,0.0000,1.0000,0.0000,14.0000,1.3333,3.3716,10.0000
1337,4,0.0190,3.0000,0.1192,0.3243,1.0000,0.0000,19.0000,1.7500,0.9140,7.7500
1338,2,0.0344,4.5000,0.1951,0.2324,1.5000,160.5909,14.0000,2.0000,3.8333,12.5000
1339,2,0.0455,5.0000,0.2462,0.3782,1.0000,0.0000,15.0000,2.0000,3.2609,12.0000
1340,4,0.1345,4.7500,0.2278,0.0762,1.0000,0.0000,11.0000,3.2500,3.3333,7.7500
1341,3,0.0259,2.3333,0.1429,0.0142,1.0000,0.0000,17.0000,1.3333,3.9810,11.3333
1342,3,0.0188,2.3333,0.1073,0.1597,1.0000,0.0000,20.0000,1.6667,1.1995,11.0000
1343,4,0.0177,3.0000,0.1358,0.0970,1.0000,0.0000,17.0000,1.5000,1.4617,8.0000
1344,6,0.0204,2.5000,0.1204,0.0000,1.0000,0.0000,17.0000,1.5000,0.7728,5.3333
1345,2,0.0702,5.5000,0.2324,0.1908,1.0000,0.0000,13.0000,2.5000,4.9425,15.0000
1346,1,0.0423,5.0000,0.2083,0.2804,1.0000,0.0000,19.0000,3.0000,5.4924,33.0000
1347,3,0.0225,4.0000,0.1649,0.2424,1.0000,0.0000,15.0000,1.3333,1.8883,9.6667
1348,1,0.0033,2.0000,0.0800,0.0000,1.0000,0.0000,14.0000,1.0000,9.2308,26.0000
1349,4,0.0672,3.7500,0.2046,0.1440,1.0000,0.0000,15.0000,2.0000,1.7806,6.7500
1350,1,0.0172,4.0000,0.1839,0.1909,1.0000,0.0000,19.0000,1.0000,6.6667,30.0000
1351,2,0.0417,4.0000,0.1832,0.3492,1.0000,0.0000,16.0000,2.5000,2.9557,14.5000
1352,3,0.0622,5.0000,0.2444,0.3357,1.0000,0.0000,14.0000,2.3333,2.2564,8.6667
1353,1,0.0598,6.0000,0.2500,0.1680,1.0000,0.0000,14.0000,2.0000,11.3978,31.0000
1354,3,0.0082,3.0000,0.1063,0.2978,1.0000,0.0000,19.0000,1.0000,1.2261,10.0000
1355,2,0.0308,3.5000,0.1618,0.1059,1.5000,110.3556,11.5000,1.5000,4.0000,12.5000
1356,0,0.0000,0.0000,0.0000,0.0000,0.0000,0.0000,0.0000,0.0000
1357,2,0.0431,3.0000,0.1995,0.1218,1.0000,0.0000,15.0000,1.5000,3.8462,13.5000
1358,2,0.0132,3.0000,0.1473,0.0827,1.5000,150.4792,15.0000,1.0000,4.5567,14.5000
1359,6,0.0583,4.0000,0.2230,0.1253,1.0000,0.0000,11.0000,1.5000,1.8008,5.0000
1360,0,0.0000,0.0000,0.0000,0.0000,0.0000,0.0000,0.0000,0.0000
1361,1,0.0358,5.0000,0.2341,0.0986,1.0000,0.0000,14.0000,1.0000,8.4677,32.0000
1362,1,0.0212,5.0000,0.2066,0.2709,1.0000,0.0000,20.0000,1.0000,6.4039,29.0000
1363,4,0.0774,3.5000,0.2728,0.1388,1.0000,0.0000,9.0000,1.2500,3.2468,5.5000
1364,4,0.1182,2.7500,0.1781,0.0644,1.2500,84.9213,14.0000,2.0000,1.9841,7.0000
1365,0,0.0000,0.0000,0.0000,0.0000,0.0000,0.0000,0.0000,0.0000
1366,8,0.0108,2.5000,0.1005,0.0681,1.0000,0.0000,13.0000,1.3750,0.6804,4.0000
1367,4,0.0086,2.5000,0.0983,0.1035,1.5000,405.1177,15.0000,1.2500,1.3218,7.5000
1368,5,0.0443,2.6000,0.1454,0.0888,1.0000,0.0000,14.0000,1.6000,1.1966,5.4000
1369,4,0.0216,3.2500,0.1375,0.2133,1.0000,0.0000,15.0000,1.2500,1.2644,7.5000
1370,1,0.0246,5.0000,0.2225,0.2773,1.0000,0.0000,15.0000,1.0000,8.2621,27.0000
1371,2,0.0057,3.0000,0.1111,0.2618,1.0000,0.0000,14.0000,1.0000,3.1746,14.0000
1372,1,0.0272,6.0000,0.2667,0.3598,1.0000,0.0000,14.0000,1.0000,8.3333,25.0000
1373,5,0.1333,3.6000,0.2030,0.1332,1.2000,144.0308,11.0000,2.6000,1.8519,5.6000
1374,6,0.0216,3.5000,0.1459,0.1749,1.1667,36.2203,12.0000,1.3333,1.1111,5.0000
1375,1,0.0057,3.0000,0.1111,0.0000,1.0000,0.0000,16.0000,1.0000,7.9365,28.0000
1376,2,0.0233,2.5000,0.1312,0.0357,1.0000,0.0000,10.0000,1.0000,4.7692,13.0000
1377,4,0.0364,3.0000,0.1397,0.4052,1.2500,218.9209,17.2500,1.7500,0.9236,7.2500
1378,2,0.0530,3.5000,0.1892,0.0564,1.0000,0.0000,14.0000,2.0000,4.9425,15.0000
1379,3,0.0360,5.0000,0.1769,0.0975,1.3333,422.5683,9.0000,2.0000,4.6371,10.6667
1380,9,0.0237,2.2222,0.0938,0.1772,1.2222,60.9130,17.1111,1.5556,0.3808,3.5556
1381,3,0.0361,4.0000,0.2126,0.1787,1.3333,242.2279,16.0000,1.3333,2.7337,9.3333
1382,3,0.0344,2.6667,0.1453,0.0325,1.0000,0.0000,16.0000,2.0000,3.0242,10.6667
1383,2,0.0321,3.5000,0.1345,0.1492,1.0000,0.0000,14.0000,1.5000,3.1746,14.0000
1384,1,0.0145,5.0000,0.2083,0.4623,1.0000,0.0000,17.0000,1.0000,5.3333,25.0000
1385,2,0.0079,2.5000,0.1130,0.2374,1.0000,0.0000,17.0000,1.0000,1.8116,12.0000
1386,4,0.0335,2.5000,0.1620,0.0604,1.0000,0.0000,12.0000,1.2500,2.4471,7.0000
1387,4,0.0126,2.7500,0.1159,0.0741,1.0000,0.0000,16.0000,1.2500,1.4678,8.2500
1388,0,0.0000,0.0000,0.0000,0.0000,0.0000,0.0000,0.0000,0.0000
1389,2,0.0100,4.5000,0.1667,0.1925,1.0000,0.0000,16.0000,1.0000,3.8360,14.0000
1390,2,0.0338,3.5000,0.2018,0.1557,1.0000,0.0000,16.0000,1.5000,3.9886,13.5000
1391,5,0.0520,2.6000,0.1551,0.1054,1.4000,161.9056,11.2000,1.6000,1.3538,5.2000
1392,3,0.0156,3.6667,0.1539,0.1487,1.0000,0.0000,16.0000,1.3333,1.8462,8.6667
1393,5,0.0254,3.8000,0.1585,0.1923,1.2000,84.6801,13.2000,1.4000,1.1823,5.8000
1394,3,0.0079,3.3333,0.1230,0.3372,1.0000,0.0000,19.0000,1.0000,1.2315,9.6667
1395,3,0.0476,3.0000,0.1523,0.1231,1.0000,0.0000,15.0000,2.0000,2.0525,9.6667
1396,0,0.0000,0.0000,0.0000,0.0000,0.0000,0.0000,0.0000,0.0000
1397,2,0.0085,3.0000,0.1185,0.0000,1.0000,0.0000,14.0000,1.0000,4.6296,14.0000
1398,1,0.0025,2.0000,0.0690,0.0000,1.0000,0.0000,18.0000,1.0000,5.0575,30.0000
1399,1,0.0025,2.0000,0.0690,0.0000,1.0000,0.0000,17.0000,1.0000,12.4138,30.0000
1400,3,0.0423,3.3333,0.1800,0.0668,1.0000,0.0000,12.0000,2.0000,3.8588,9.6667
1401,5,0.0146,3.0000,0.1164,0.1234,1.0000,0.0000,17.2000,1.4000,0.9274,6.4000
1402,0,0.0000,0.0000,0.0000,0.0000,0.0000,0.0000,0.0000,0.0000
1403,3,0.0575,4.0000,0.2248,0.1403,1.3333,169.6196,12.0000,2.0000,3.4483,10.0000
1404,3,0.0175,3.0000,0.1163,0.2695,1.0000,0.0000,21.0000,2.3333,1.1364,11.0000
1405,10,0.1643,2.7000,0.1485,0.0598,1.2000,66.0422,8.1000,1.9000,0.8374,2.9000
1406,2,0.0119,2.5000,0.1161,0.0768,1.0000,0.0000,18.0000,1.0000,2.9557,14.5000
1407,4,0.0494,4.2500,0.1847,0.2304,1.0000,0.0000,15.0000,2.0000,1.6092,7.5000
1408,1,0.0260,6.0000,0.2500,0.3336,1.0000,0.0000,18.0000,1.0000,6.8783,28.0000
1409,0,0.0000,0.0000,0.0000,0.0000,0.0000,0.0000,0.0000,0.0000
1410,2,0.0031,2.0000,0.0769,0.0000,1.0000,0.0000,20.0000,1.0000,1.5670,13.5000
1411,4,0.0411,2.7500,0.1618,0.3965,1.0000,0.0000,14.0000,1.7500,1.2846,5.7500
1412,3,0.0595,3.0000,0.1833,0.0433,1.0000,0.0000,12.0000,2.0000,3.9886,9.0000
1413,1,0.0484,6.0000,0.2269,0.1563,1.0000,0.0000,14.0000,2.0000,9.0909,33.0000
1414,6,0.0272,3.3333,0.1629,0.0807,1.0000,0.0000,12.0000,1.1667,1.5121,5.3333
1415,0,0.0000,0.0000,0.0000,0.0000,0.0000,0.0000,0.0000,0.0000
1416,4,0.0133,3.0000,0.1374,0.1461,1.0000,0.0000,12.0000,1.2500,1.9231,6.5000
1417,4,0.0845,3.5000,0.1953,0.0381,1.2500,90.6549,7.0000,2.2500,3.2020,7.2500
1418,1,0.0019,2.0000,0.0606,0.0000,1.0000,0.0000,14.0000,1.0000,15.1515,34.0000
1419,3,0.0553,6.3333,0.2328,0.2134,1.3333,79.6094,17.0000,2.0000,2.4656,12.6667
1420,3,0.0063,2.0000,0.0731,0.0001,1.0000,0.0000,22.0000,1.3333,0.8913,11.3333
1421,0,0.0000,0.0000,0.0000,0.0000,0.0000,0.0000,0.0000,0.0000
1422,1,0.0429,5.0000,0.2449,0.5424,1.0000,0.0000,15.0000,3.0000,5.6277,22.0000
1423,4,0.0208,2.5000,0.1168,0.3073,1.2500,187.0394,17.2500,1.7500,0.9259,6.7500
1424,0,0.0000,0.0000,0.0000,0.0000,0.0000,0.0000,0.0000,0.0000
1425,0,0.0000,0.0000,0.0000,0.0000,0.0000,0.0000,0.0000,0.0000
1426,0,0.0000,0.0000,0.0000,0.0000,0.0000,0.0000,0.0000,0.0000
1427,2,0.0079,4.0000,0.1429,0.2091,1.0000,0.0000,19.0000,1.0000,2.5862,14.5000
1428,4,0.0138,2.5000,0.1129,0.0944,1.0000,0.0000,17.0000,1.5000,1.1396,6.7500
1429,2,0.0259,4.5000,0.1614,0.2293,1.0000,0.0000,16.0000,2.5000,3.2184,15.0000
1430,5,0.0603,3.8000,0.2007,0.2433,1.2000,59.0148,16.0000,1.8000,1.0837,5.8000
1431,0,0.0000,0.0000,0.0000,0.0000,0.0000,0.0000,0.0000,0.0000
1432,3,0.0952,4.3333,0.2427,0.1387,1.3333,65.9482,15.0000,2.6667,2.6273,9.6667
1433,2,0.0171,3.0000,0.1650,0.0657,1.0000,0.0000,13.0000,1.0000,5.8462,13.0000
1434,3,0.0688,3.3333,0.1969,0.1990,1.3333,113.1792,16.3333,2.0000,1.7778,8.3333
1435,2,0.0053,2.0000,0.0804,0.0000,1.0000,0.0000,18.0000,1.0000,3.3251,14.5000
1436,3,0.0199,3.0000,0.1158,0.3426,1.0000,0.0000,17.0000,1.6667,1.4337,10.3333
1437,5,0.0584,3.2000,0.1579,0.1334,1.2000,77.3789,13.0000,2.2000,1.3333,6.2000
1438,0,0.0000,0.0000,0.0000,0.0000,0.0000,0.0000,0.0000,0.0000
1439,3,0.0071,3.3333,0.1214,0.1745,1.0000,0.0000,18.0000,1.0000,1.4778,9.6667
1440,2,0.0095,4.0000,0.1481,0.2300,1.0000,0.0000,18.0000,1.0000,2.6455,14.0000
