tempo,quantidadePAs,betweenness,degree,closeness,eigenvector,lifespan,mobility,fragmentationImpact,kConnectivity,density,number_of_cars
0,0,0.0000,0.0000,0.0000,0.0000,0.0000,0.0000,0.0000,0.0000
1,0,0.0000,0.0000,0.0000,0.0000,0.0000,0.0000,0.0000,0.0000
2,0,0.0000,0.0000,0.0000,0.0000,0.0000,0.0000,0.0000,0.0000
3,0,0.0000,0.0000,0.0000,0.0000,0.0000,0.0000,0.0000,0.0000
4,4,0.0302,3.7500,0.1590,0.1147,1.0000,0.0000,16.0000,2.2500,1.9540,7.5000
5,3,0.0179,3.3333,0.1389,0.0889,1.3333,218.3216,15.0000,1.0000,2.7554,10.6667
6,2,0.0527,5.5000,0.2606,0.1627,1.0000,0.0000,12.0000,1.5000,6.6138,14.0000
7,9,0.0614,2.3333,0.1177,0.1069,1.2222,76.9637,12.0000,1.6667,0.6294,3.2222
8,1,0.0031,2.0000,0.0769,0.0000,1.0000,0.0000,14.0000,1.0000,5.9829,27.0000
9,5,0.0093,2.0000,0.0939,0.3155,1.0000,0.0000,20.0000,1.2000,0.4308,5.2000
10,4,0.0815,2.7500,0.1957,0.0873,1.0000,0.0000,10.0000,1.7500,2.6667,6.2500
11,6,0.0186,2.5000,0.1223,0.0656,1.3333,206.4206,12.0000,1.5000,1.1494,4.8333
12,1,0.0277,9.0000,0.3497,0.2952,1.0000,0.0000,15.0000,1.0000,13.9601,27.0000
13,1,0.0023,2.0000,0.0667,0.0000,1.0000,0.0000,20.0000,1.0000,7.0968,31.0000
14,2,0.0221,5.0000,0.2051,0.3479,1.0000,0.0000,18.0000,1.0000,2.8490,13.5000
15,2,0.0277,3.0000,0.1688,0.2502,1.0000,0.0000,12.0000,1.0000,3.4420,12.0000
16,0,0.0000,0.0000,0.0000,0.0000,0.0000,0.0000,0.0000,0.0000
17,2,0.0228,4.0000,0.1890,0.2526,1.0000,0.0000,17.0000,1.5000,3.3069,14.0000
18,5,0.0400,2.6000,0.1295,0.3628,1.0000,0.0000,15.0000,1.8000,0.9687,5.4000
19,1,0.0215,4.0000,0.1758,0.2791,1.0000,0.0000,11.0000,1.0000,8.5470,27.0000
20,3,0.0056,2.0000,0.0867,0.0000,1.3333,258.8804,12.0000,1.0000,3.5897,8.6667
21,1,0.0286,5.0000,0.2381,0.5526,1.0000,0.0000,13.0000,2.0000,7.7922,22.0000
22,3,0.0942,4.6667,0.2705,0.1533,1.0000,0.0000,9.0000,2.0000,4.0000,8.3333
23,2,0.0185,3.5000,0.1703,0.0599,1.0000,0.0000,12.0000,1.0000,6.7734,14.5000
24,1,0.0020,2.0000,0.0625,0.0000,2.0000,709.6566,16.0000,1.0000,5.8712,33.0000
25,2,0.0169,4.5000,0.1731,0.2789,1.0000,0.0000,16.0000,2.0000,2.7066,13.5000
26,1,0.0265,4.0000,0.1750,0.2533,1.0000,0.0000,17.0000,2.0000,5.6650,29.0000
27,3,0.0378,3.3333,0.1828,0.2444,1.0000,0.0000,14.0000,1.3333,1.9487,8.6667
28,1,0.0806,5.0000,0.2356,0.0886,1.0000,0.0000,15.0000,3.0000,7.9545,33.0000
29,3,0.0627,4.0000,0.1710,0.3252,1.3333,118.7194,12.0000,2.3333,2.3810,9.3333
30,5,0.0063,2.4000,0.0953,0.0000,1.2000,38.0640,14.0000,1.2000,1.0053,5.6000
31,1,0.0233,8.0000,0.3200,0.3587,1.0000,0.0000,15.0000,1.0000,10.1538,26.0000
32,7,0.1775,2.5714,0.1851,0.0349,1.1429,40.5728,9.2857,1.5714,1.4361,4.0000
33,3,0.0610,5.0000,0.2158,0.2543,1.3333,132.4251,16.3333,2.0000,2.2928,9.3333
34,4,0.0092,2.0000,0.0924,0.0000,1.2500,131.1030,17.0000,1.2500,0.8462,6.5000
35,0,0.0000,0.0000,0.0000,0.0000,0.0000,0.0000,0.0000,0.0000
36,7,0.0283,3.0000,0.1351,0.2064,1.0000,0.0000,14.1429,1.5714,0.7389,4.1429
37,3,0.0113,2.6667,0.1162,0.1583,1.3333,120.6937,18.3333,1.0000,1.1396,9.0000
38,0,0.0000,0.0000,0.0000,0.0000,0.0000,0.0000,0.0000,0.0000
39,3,0.0082,2.3333,0.1009,0.0000,1.0000,0.0000,16.0000,1.3333,1.8044,9.0000
40,3,0.0231,2.3333,0.1326,0.0000,1.0000,0.0000,15.0000,1.6667,1.7128,7.6667
41,3,0.0665,5.6667,0.2582,0.3141,1.0000,0.0000,14.0000,2.3333,2.6455,9.3333
42,3,0.0474,4.0000,0.1926,0.1564,1.0000,0.0000,13.0000,2.6667,2.8490,9.0000
43,3,0.0322,4.0000,0.1516,0.1248,1.3333,229.3567,14.0000,2.3333,2.5090,10.3333
44,1,0.0049,3.0000,0.1034,0.0000,1.0000,0.0000,16.0000,1.0000,8.2759,30.0000
45,1,0.0022,2.0000,0.0645,0.0000,1.0000,0.0000,16.0000,1.0000,10.0806,32.0000
46,5,0.0097,2.8000,0.0968,0.1847,1.0000,0.0000,17.0000,1.2000,0.9470,6.6000
47,3,0.0095,2.6667,0.1061,0.0566,1.3333,208.2463,18.0000,1.0000,2.1985,11.3333
48,0,0.0000,0.0000,0.0000,0.0000,0.0000,0.0000,0.0000,0.0000
49,2,0.0279,4.5000,0.1716,0.0000,1.0000,0.0000,16.0000,2.0000,4.0998,17.0000
50,4,0.0028,2.2500,0.0660,0.0000,1.0000,0.0000,12.0000,1.0000,2.7402,9.2500
51,7,0.0609,3.0000,0.1388,0.0000,1.0000,0.0000,14.1429,1.8571,0.7373,4.4286
52,7,0.0116,2.8571,0.1179,0.1582,1.2857,220.7987,15.0000,1.1429,0.7037,4.1429
53,1,0.0267,4.0000,0.2314,0.1935,1.0000,0.0000,16.0000,1.0000,8.9231,26.0000
54,3,0.0353,3.6667,0.1731,0.0992,1.0000,0.0000,14.0000,2.0000,3.1418,10.0000
55,1,0.0031,2.0000,0.0769,0.0000,1.0000,0.0000,15.0000,1.0000,9.1168,27.0000
56,4,0.0368,4.2500,0.1852,0.3525,1.2500,168.5474,18.0000,2.0000,1.1290,7.7500
57,3,0.0446,4.0000,0.1682,0.2125,1.6667,406.6224,17.0000,2.3333,1.8817,10.6667
58,5,0.0275,3.0000,0.1217,0.1130,1.0000,0.0000,17.2000,1.4000,1.0084,7.0000
59,3,0.0122,3.3333,0.1307,0.0323,1.0000,0.0000,14.3333,1.0000,2.8409,11.0000
60,9,0.0342,2.7778,0.1290,0.2513,1.2222,211.0540,16.0000,1.4444,0.4540,3.4444
61,3,0.0564,5.0000,0.2160,0.1894,1.0000,0.0000,15.0000,2.0000,2.8736,9.6667
62,2,0.0529,2.5000,0.1566,0.0065,1.5000,365.8301,14.0000,1.5000,5.0493,14.5000
63,3,0.0665,3.6667,0.1985,0.0834,1.0000,0.0000,11.0000,2.3333,4.2146,10.0000
64,4,0.0456,3.2500,0.1673,0.1274,1.0000,0.0000,13.0000,1.5000,2.0320,7.2500
65,3,0.0789,3.3333,0.1905,0.0736,1.0000,0.0000,13.3333,2.0000,3.1491,11.3333
66,2,0.1339,5.0000,0.2721,0.2760,1.0000,0.0000,16.0000,1.0000,3.9683,14.0000
67,0,0.0000,0.0000,0.0000,0.0000,0.0000,0.0000,0.0000,0.0000
68,1,0.0230,6.0000,0.2373,0.2446,1.0000,0.0000,13.0000,1.0000,11.6129,31.0000
69,5,0.0560,4.6000,0.2257,0.0983,1.0000,0.0000,12.0000,1.8000,2.1970,6.6000
70,0,0.0000,0.0000,0.0000,0.0000,0.0000,0.0000,0.0000,0.0000
71,4,0.0185,3.2500,0.1337,0.1115,1.2500,169.1719,19.0000,1.7500,1.2069,7.5000
72,4,0.0150,2.2500,0.1155,0.0541,1.0000,0.0000,14.0000,1.2500,1.6534,7.0000
73,2,0.0184,3.0000,0.1542,0.2667,1.0000,0.0000,11.0000,1.5000,3.5714,10.5000
74,2,0.0088,2.5000,0.1316,0.3058,1.0000,0.0000,13.0000,1.0000,2.3684,10.0000
75,2,0.0048,2.0000,0.0952,0.0000,1.0000,0.0000,12.0000,1.0000,2.8139,11.0000
76,3,0.0317,2.6667,0.1571,0.2615,1.0000,0.0000,15.0000,1.6667,1.5810,7.6667
77,3,0.0862,3.6667,0.2234,0.0424,1.0000,0.0000,12.0000,1.6667,3.2184,10.0000
78,4,0.0609,5.0000,0.2290,0.0989,1.0000,0.0000,11.0000,1.7500,2.7957,7.7500
79,6,0.0568,5.1667,0.2112,0.1863,1.5000,195.7949,12.1667,2.0000,1.4854,5.6667
80,0,0.0000,0.0000,0.0000,0.0000,0.0000,0.0000,0.0000,0.0000
81,1,0.0062,3.0000,0.1154,0.0000,1.0000,0.0000,14.0000,1.0000,11.3960,27.0000
82,4,0.0086,4.0000,0.1360,0.0897,1.2500,133.3906,15.0000,1.2500,2.0665,8.0000
83,3,0.0072,2.6667,0.1077,0.0000,1.0000,0.0000,14.0000,1.0000,2.7540,9.0000
84,1,0.0370,3.0000,0.1786,0.0090,1.0000,0.0000,14.0000,1.0000,11.0837,29.0000
85,2,0.0563,5.5000,0.2543,0.2002,1.0000,0.0000,16.0000,2.5000,4.3011,15.5000
86,2,0.0317,6.0000,0.2766,0.2047,1.5000,103.0623,13.0000,1.0000,6.2808,14.5000
87,4,0.0280,3.0000,0.1392,0.1780,1.0000,0.0000,15.0000,1.7500,1.2644,7.5000
88,1,0.0265,5.0000,0.2401,0.1766,1.0000,0.0000,13.0000,1.0000,12.3153,29.0000
89,1,0.0057,4.0000,0.1212,0.0000,1.0000,0.0000,14.0000,1.0000,10.8734,34.0000
90,0,0.0000,0.0000,0.0000,0.0000,0.0000,0.0000,0.0000,0.0000
91,7,0.0565,4.0000,0.1973,0.1588,1.0000,0.0000,15.0000,1.7143,1.0186,4.8571
92,3,0.0265,3.3333,0.1500,0.1323,1.3333,98.2328,14.3333,1.6667,2.5452,9.6667
93,3,0.0437,3.0000,0.1800,0.1128,1.6667,90.0384,17.0000,1.6667,2.3810,9.3333
94,2,0.0177,4.0000,0.1566,0.2818,1.0000,0.0000,17.0000,1.5000,2.2792,13.5000
95,0,0.0000,0.0000,0.0000,0.0000,0.0000,0.0000,0.0000,0.0000
96,1,0.0300,6.0000,0.2400,0.5577,1.0000,0.0000,16.0000,3.0000,5.2308,26.0000
97,1,0.0256,5.0000,0.2469,0.1671,1.0000,0.0000,19.0000,1.0000,10.8466,28.0000
98,4,0.0779,5.7500,0.2677,0.1503,1.0000,0.0000,11.0000,2.5000,3.6376,7.0000
99,2,0.0331,4.0000,0.2126,0.1696,1.5000,140.8653,17.0000,1.5000,4.0640,14.5000
100,1,0.0033,2.0000,0.0800,0.0000,1.0000,0.0000,15.0000,1.0000,6.1538,26.0000
101,5,0.0114,2.6000,0.1099,0.1540,1.0000,0.0000,17.0000,1.2000,0.8466,5.6000
102,2,0.0077,3.5000,0.1346,0.2311,1.5000,242.3170,18.0000,1.0000,2.2792,13.5000
103,1,0.0025,2.0000,0.0690,0.0000,1.0000,0.0000,13.0000,1.0000,11.0345,30.0000
104,4,0.0223,2.7500,0.1216,0.2852,1.2500,153.2077,16.0000,1.7500,1.0684,6.7500
105,4,0.0730,2.7500,0.1699,0.0674,1.5000,172.1460,13.0000,1.7500,2.1552,7.2500
106,1,0.0026,2.0000,0.0714,0.0000,1.0000,0.0000,14.0000,1.0000,13.5468,29.0000
107,4,0.0055,2.2500,0.0851,0.2365,1.0000,0.0000,20.0000,1.2500,0.7471,7.5000
108,2,0.0067,3.0000,0.1200,0.2618,1.0000,0.0000,17.0000,1.0000,2.1538,13.0000
109,1,0.0313,7.0000,0.2963,0.2094,2.0000,290.7167,14.0000,1.0000,14.8148,28.0000
110,2,0.0111,4.0000,0.1500,0.1843,1.0000,0.0000,14.0000,1.0000,4.1872,14.5000
111,4,0.0511,3.5000,0.1790,0.1000,1.0000,0.0000,13.2500,2.0000,2.1264,7.5000
112,1,0.0033,2.0000,0.0800,0.0000,1.0000,0.0000,16.0000,1.0000,7.3846,26.0000
113,1,0.0500,5.0000,0.3413,0.1060,1.0000,0.0000,10.0000,1.0000,20.9231,26.0000
114,2,0.0028,2.0000,0.0741,0.0000,1.0000,0.0000,14.0000,1.0000,3.0423,14.0000
115,3,0.0044,2.0000,0.0774,0.0000,1.0000,0.0000,17.0000,1.0000,1.8062,9.6667
116,1,0.0031,2.0000,0.0769,0.0000,1.0000,0.0000,17.0000,1.0000,7.6923,27.0000
117,6,0.0760,4.0000,0.2097,0.0818,1.0000,0.0000,12.0000,1.6667,1.7087,5.8333
118,4,0.0603,4.0000,0.1969,0.1171,1.2500,128.3652,11.0000,1.7500,2.4731,7.7500
119,1,0.0023,2.0000,0.0667,0.0000,1.0000,0.0000,19.0000,1.0000,6.0215,31.0000
120,3,0.0659,4.0000,0.1687,0.1314,1.6667,174.7881,13.0000,2.0000,3.5354,11.0000
121,1,0.0038,3.0000,0.0909,0.0000,2.0000,1001.6369,21.0000,1.0000,5.1693,34.0000
122,1,0.0022,2.0000,0.0645,0.0000,1.0000,0.0000,17.0000,1.0000,6.0484,32.0000
123,0,0.0000,0.0000,0.0000,0.0000,0.0000,0.0000,0.0000,0.0000
124,2,0.0172,4.0000,0.1697,0.0823,1.0000,0.0000,14.0000,1.0000,7.2414,15.0000
125,2,0.0097,3.5000,0.1328,0.1205,1.0000,0.0000,14.0000,1.0000,5.6452,16.0000
126,2,0.0356,4.0000,0.2205,0.1540,1.5000,117.8944,13.0000,1.5000,5.2910,14.0000
127,6,0.0284,3.5000,0.1383,0.2036,1.3333,110.9043,13.1667,1.5000,0.9677,5.1667
128,1,0.0053,3.0000,0.1071,0.0000,1.0000,0.0000,13.0000,1.0000,8.6207,29.0000
129,1,0.0043,2.0000,0.0909,0.0000,1.0000,0.0000,15.0000,1.0000,6.3241,23.0000
130,1,0.0062,3.0000,0.1154,0.0000,1.0000,0.0000,16.0000,1.0000,7.1225,27.0000
131,3,0.0152,2.3333,0.1080,0.0000,1.0000,0.0000,15.0000,1.6667,2.5573,9.3333
132,1,0.0246,5.0000,0.2196,0.2124,1.0000,0.0000,16.0000,1.0000,7.8161,30.0000
133,2,0.0222,4.0000,0.1758,0.1993,1.0000,0.0000,18.0000,1.5000,3.1250,16.5000
134,4,0.0597,5.0000,0.1729,0.2272,1.0000,0.0000,14.0000,2.2500,1.8145,8.0000
135,2,0.0505,3.5000,0.1669,0.0732,1.0000,0.0000,12.0000,2.5000,4.7126,15.0000
136,0,0.0000,0.0000,0.0000,0.0000,0.0000,0.0000,0.0000,0.0000
137,3,0.0033,2.3333,0.0805,0.2039,1.0000,0.0000,19.0000,1.0000,1.1494,10.0000
138,3,0.0417,5.3333,0.2466,0.2677,1.0000,0.0000,13.0000,2.0000,3.1111,8.3333
139,1,0.0277,6.0000,0.2783,0.3447,1.0000,0.0000,16.0000,1.0000,8.6957,24.0000
140,2,0.0046,3.0000,0.1000,0.0000,1.0000,0.0000,13.0000,1.0000,6.5591,15.5000
141,2,0.0038,2.0000,0.0682,0.0000,1.0000,0.0000,16.0000,1.0000,6.6845,17.0000
142,2,0.0222,4.0000,0.1458,0.3571,1.0000,0.0000,16.0000,2.0000,2.3674,16.5000
143,4,0.0055,2.2500,0.0856,0.0496,1.0000,0.0000,18.0000,1.0000,1.3258,8.2500
144,2,0.0149,3.5000,0.1559,0.0000,1.5000,410.1105,17.0000,1.0000,3.2258,15.5000
145,3,0.0366,4.6667,0.2045,0.1660,1.0000,0.0000,16.3333,1.0000,2.7554,10.6667
146,1,0.0138,6.0000,0.2042,0.3488,1.0000,0.0000,17.0000,1.0000,7.0968,31.0000
147,3,0.0308,5.3333,0.1993,0.1540,1.0000,0.0000,13.0000,2.0000,2.6820,10.0000
148,1,0.0580,5.0000,0.2451,0.2961,1.0000,0.0000,13.0000,2.0000,8.0000,25.0000
149,3,0.0103,2.3333,0.1148,0.0567,1.0000,0.0000,14.0000,1.0000,2.3742,9.0000
150,3,0.0444,3.3333,0.1634,0.1404,1.0000,0.0000,13.0000,2.0000,2.3656,10.3333
151,2,0.0406,3.5000,0.1523,0.0000,1.0000,0.0000,12.0000,2.0000,3.7931,15.0000
152,0,0.0000,0.0000,0.0000,0.0000,0.0000,0.0000,0.0000,0.0000
153,6,0.0797,3.6667,0.2007,0.0845,1.0000,0.0000,11.0000,1.6667,1.8638,5.1667
154,5,0.0090,2.0000,0.0781,0.0000,1.2000,60.5727,18.0000,1.4000,0.8468,6.4000
155,7,0.0426,3.2857,0.1463,0.2358,1.4286,74.2282,12.0000,1.7143,0.8210,4.2857
156,1,0.0033,2.0000,0.0800,0.0000,2.0000,540.2090,15.0000,1.0000,7.3846,26.0000
157,2,0.0167,3.0000,0.1458,0.0000,1.0000,0.0000,15.0000,1.5000,3.3846,13.0000
158,5,0.0085,3.6000,0.1352,0.1658,1.2000,213.5515,15.0000,1.0000,1.2698,5.6000
159,0,0.0000,0.0000,0.0000,0.0000,0.0000,0.0000,0.0000,0.0000
160,1,0.0028,2.0000,0.0741,0.0000,2.0000,821.6132,18.0000,1.0000,7.4074,28.0000
161,3,0.0094,2.6667,0.1045,0.0501,1.0000,0.0000,16.0000,1.0000,2.7778,11.0000
162,3,0.0234,3.6667,0.1682,0.1833,1.3333,159.8311,17.0000,1.3333,1.9704,9.6667
163,1,0.0286,4.0000,0.2121,0.2933,1.0000,0.0000,12.0000,1.0000,9.9567,22.0000
164,1,0.0769,5.0000,0.2222,0.3160,1.0000,0.0000,15.0000,3.0000,7.4074,28.0000
165,4,0.0188,3.2500,0.1493,0.0776,1.0000,0.0000,13.0000,1.2500,2.5202,8.0000
166,4,0.0151,2.5000,0.1134,0.0122,1.0000,0.0000,13.2500,1.0000,1.8817,7.7500
167,6,0.0046,2.6667,0.0917,0.0770,1.1667,69.5404,16.0000,1.0000,0.8244,5.1667
168,6,0.0410,3.0000,0.1409,0.1295,1.0000,0.0000,14.0000,1.5000,0.9852,4.8333
169,1,0.0234,6.0000,0.2069,0.0000,2.0000,422.1794,12.0000,2.0000,9.4253,30.0000
170,0,0.0000,0.0000,0.0000,0.0000,0.0000,0.0000,0.0000,0.0000
171,3,0.0161,3.3333,0.1507,0.1684,1.0000,0.0000,14.0000,1.3333,2.2928,9.3333
172,1,0.0036,2.0000,0.0833,0.0000,1.0000,0.0000,14.0000,1.0000,11.0000,25.0000
173,3,0.0532,3.6667,0.2109,0.1080,1.0000,0.0000,13.0000,1.6667,3.7037,9.3333
174,4,0.0322,3.2500,0.1329,0.1875,1.5000,141.4618,15.2500,1.2500,1.2903,7.7500
175,0,0.0000,0.0000,0.0000,0.0000,0.0000,0.0000,0.0000,0.0000
176,2,0.0617,4.0000,0.2553,0.1557,1.0000,0.0000,10.0000,1.5000,5.5385,13.0000
177,5,0.0303,3.2000,0.1502,0.3944,1.0000,0.0000,18.0000,1.8000,0.7312,6.2000
178,6,0.0135,2.3333,0.1095,0.0387,1.1667,131.9930,13.0000,1.1667,1.3027,5.0000
179,5,0.0596,2.8000,0.1773,0.0334,1.0000,0.0000,10.0000,1.6000,3.2644,6.0000
180,2,0.0049,2.0000,0.0776,0.0000,1.0000,0.0000,16.0000,1.0000,2.8736,15.0000
181,5,0.0667,4.0000,0.1907,0.1407,1.2000,155.6910,15.2000,2.0000,1.5484,6.2000
182,5,0.0365,3.4000,0.1582,0.0936,1.6000,144.3229,12.2000,1.8000,1.7011,6.0000
183,2,0.0023,2.0000,0.0667,0.0000,1.0000,0.0000,14.0000,1.0000,3.6559,15.5000
184,2,0.0085,2.5000,0.1037,0.1404,1.5000,267.2930,20.0000,1.0000,1.8519,14.0000
185,2,0.0356,3.5000,0.1885,0.3464,1.0000,0.0000,14.0000,1.5000,2.7174,12.0000
186,4,0.0212,3.0000,0.1339,0.0478,1.2500,83.6477,13.0000,1.7500,2.2783,7.2500
187,2,0.0080,2.5000,0.0978,0.0000,1.0000,0.0000,14.0000,1.5000,4.9462,15.5000
188,1,0.0067,3.0000,0.1200,0.0001,1.0000,0.0000,18.0000,1.0000,3.6923,26.0000
189,0,0.0000,0.0000,0.0000,0.0000,0.0000,0.0000,0.0000,0.0000
190,1,0.0036,2.0000,0.0833,0.0000,1.0000,0.0000,16.0000,1.0000,9.3333,25.0000
191,5,0.0350,3.2000,0.1677,0.2102,1.0000,0.0000,14.0000,1.4000,1.1692,5.2000
192,2,0.0050,2.5000,0.1000,0.0000,1.0000,0.0000,14.0000,1.0000,3.5385,13.0000
193,2,0.0291,3.0000,0.1756,0.1403,1.0000,0.0000,13.0000,1.5000,4.1872,14.5000
194,1,0.0028,2.0000,0.0741,0.0000,1.0000,0.0000,18.0000,1.0000,3.7037,28.0000
195,3,0.0441,4.3333,0.1711,0.1354,1.0000,0.0000,15.0000,2.0000,2.4631,9.6667
196,1,0.0761,5.0000,0.2778,0.3385,1.0000,0.0000,14.0000,3.0000,7.6667,25.0000
197,1,0.0031,2.0000,0.0769,0.0000,1.0000,0.0000,14.0000,1.0000,11.3960,27.0000
198,3,0.0369,4.3333,0.1847,0.3289,1.3333,88.6882,17.0000,2.0000,1.6092,10.0000
199,0,0.0000,0.0000,0.0000,0.0000,0.0000,0.0000,0.0000,0.0000
200,3,0.0320,4.0000,0.1786,0.1061,1.0000,0.0000,14.0000,1.3333,3.1418,10.0000
201,6,0.0299,3.0000,0.1259,0.1833,1.0000,0.0000,15.0000,1.5000,0.8602,5.1667
202,0,0.0000,0.0000,0.0000,0.0000,0.0000,0.0000,0.0000,0.0000
203,1,0.0291,7.0000,0.2857,0.2216,1.0000,0.0000,14.0000,1.0000,13.5468,29.0000
204,1,0.0065,3.0000,0.1032,0.0000,1.0000,0.0000,22.0000,1.0000,3.6290,32.0000
205,5,0.0148,2.8000,0.1239,0.0858,1.0000,0.0000,12.0000,1.2000,1.6256,5.8000
206,2,0.0291,4.0000,0.2009,0.1938,1.0000,0.0000,18.0000,1.5000,3.4483,14.5000
207,3,0.0156,3.6667,0.1441,0.2312,1.0000,0.0000,17.0000,1.0000,1.6487,10.3333
208,0,0.0000,0.0000,0.0000,0.0000,0.0000,0.0000,0.0000,0.0000
209,2,0.0114,3.0000,0.1157,0.4467,1.0000,0.0000,18.0000,1.0000,1.7196,14.0000
210,3,0.0211,2.3333,0.1268,0.3844,1.0000,0.0000,16.0000,1.6667,1.3285,8.0000
211,2,0.0281,3.5000,0.1653,0.4406,1.0000,0.0000,15.0000,1.5000,2.5692,11.5000
212,5,0.0689,3.4000,0.1775,0.1216,1.2000,59.3589,10.0000,2.0000,1.9943,5.4000
213,1,0.0774,5.0000,0.2503,0.0573,1.0000,0.0000,13.0000,3.0000,10.8871,32.0000
214,1,0.0302,5.0000,0.2162,0.0798,1.0000,0.0000,14.0000,1.0000,9.6591,33.0000
215,2,0.0053,3.0000,0.1071,0.0000,1.0000,0.0000,13.0000,1.0000,5.4187,14.5000
216,4,0.0462,3.0000,0.1485,0.2292,1.0000,0.0000,13.0000,2.0000,1.5670,6.7500
217,0,0.0000,0.0000,0.0000,0.0000,0.0000,0.0000,0.0000,0.0000
218,1,0.0348,8.0000,0.3282,0.1931,1.0000,0.0000,14.0000,1.0000,16.9892,31.0000
219,3,0.0339,5.0000,0.1945,0.2236,1.0000,0.0000,19.0000,2.0000,2.0521,12.3333
220,2,0.0066,2.5000,0.0889,0.0000,1.0000,0.0000,19.0000,1.5000,2.0499,17.0000
221,1,0.0909,6.0000,0.3247,0.2083,1.0000,0.0000,13.0000,3.0000,12.2530,23.0000
222,1,0.0571,7.0000,0.3333,0.5097,1.0000,0.0000,14.0000,3.0000,7.7922,22.0000
223,2,0.0031,2.0000,0.0769,0.0000,1.0000,0.0000,20.0000,1.0000,1.2821,13.5000
224,1,0.0031,2.0000,0.0769,0.0000,1.0000,0.0000,19.0000,1.0000,3.1339,27.0000
225,7,0.0416,2.4286,0.1389,0.0349,1.0000,0.0000,12.0000,1.5714,1.4426,4.1429
226,0,0.0000,0.0000,0.0000,0.0000,0.0000,0.0000,0.0000,0.0000
227,2,0.0053,2.0000,0.0804,0.0000,1.0000,0.0000,19.0000,1.0000,2.0936,14.5000
228,3,0.0142,3.3333,0.1450,0.1948,1.0000,0.0000,17.0000,1.3333,1.6755,9.3333
229,3,0.0176,2.3333,0.1183,0.1014,1.0000,0.0000,16.0000,1.3333,1.8062,9.6667
230,1,0.0285,4.0000,0.2490,0.1560,1.0000,0.0000,15.0000,1.0000,10.5820,28.0000
231,2,0.0431,6.0000,0.3103,0.1776,1.0000,0.0000,15.0000,1.5000,6.9801,13.5000
232,0,0.0000,0.0000,0.0000,0.0000,0.0000,0.0000,0.0000,0.0000
233,0,0.0000,0.0000,0.0000,0.0000,0.0000,0.0000,0.0000,0.0000
234,1,0.0033,2.0000,0.0800,0.0000,1.0000,0.0000,16.0000,1.0000,6.1538,26.0000
235,0,0.0000,0.0000,0.0000,0.0000,0.0000,0.0000,0.0000,0.0000
236,2,0.0246,4.0000,0.1408,0.3586,1.0000,0.0000,15.0000,2.0000,2.8736,15.0000
237,4,0.0161,3.0000,0.1246,0.0486,1.2500,53.7847,16.0000,1.5000,1.3441,7.7500
238,1,0.0271,5.0000,0.2483,0.1309,2.0000,317.5326,15.0000,1.0000,11.4943,30.0000
239,0,0.0000,0.0000,0.0000,0.0000,0.0000,0.0000,0.0000,0.0000
240,2,0.0074,4.0000,0.1379,0.2091,1.0000,0.0000,16.0000,1.0000,3.1034,15.0000
241,1,0.0286,4.0000,0.1984,0.5335,1.0000,0.0000,15.0000,2.0000,4.7619,22.0000
242,0,0.0000,0.0000,0.0000,0.0000,0.0000,0.0000,0.0000,0.0000
243,3,0.0097,2.3333,0.1093,0.3154,1.0000,0.0000,16.0000,1.3333,1.3333,8.3333
244,0,0.0000,0.0000,0.0000,0.0000,0.0000,0.0000,0.0000,0.0000
245,2,0.0095,2.5000,0.1238,0.2374,1.0000,0.0000,15.0000,1.0000,2.1645,11.0000
246,1,0.0333,3.0000,0.2344,0.1306,1.0000,0.0000,13.0000,1.0000,11.2554,22.0000
247,2,0.0072,3.0000,0.1250,0.4325,1.0000,0.0000,14.0000,1.0000,2.6667,12.5000
248,2,0.0524,5.0000,0.2981,0.1806,1.0000,0.0000,9.0000,1.0000,8.2251,11.0000
249,4,0.0344,3.0000,0.1713,0.1058,1.2500,87.1322,14.0000,1.5000,1.9089,7.2500
250,2,0.0396,4.0000,0.2251,0.2355,1.0000,0.0000,14.0000,1.5000,3.6946,14.5000
251,2,0.0308,4.0000,0.1571,0.4472,1.0000,0.0000,18.0000,2.0000,1.9943,13.5000
252,1,0.0370,4.0000,0.1823,0.2214,1.0000,0.0000,19.0000,1.0000,5.0265,28.0000
253,4,0.0108,2.5000,0.1097,0.1036,1.2500,63.6550,18.0000,1.2500,1.0684,6.7500
254,6,0.0626,3.8333,0.2070,0.2810,1.3333,49.6259,14.0000,2.0000,1.0446,4.5000
255,3,0.0057,2.6667,0.0977,0.0000,1.0000,0.0000,11.0000,1.0000,3.7548,10.0000
256,3,0.0302,3.3333,0.1492,0.0241,1.0000,0.0000,11.0000,1.6667,4.6086,11.0000
257,3,0.0049,3.0000,0.1034,0.1541,1.0000,0.0000,13.0000,1.0000,2.0690,10.0000
258,2,0.0072,2.0000,0.0938,0.6015,1.5000,295.0216,17.0000,1.0000,1.5000,12.5000
259,1,0.0033,2.0000,0.0800,0.0000,1.0000,0.0000,17.0000,1.0000,7.6923,26.0000
260,0,0.0000,0.0000,0.0000,0.0000,0.0000,0.0000,0.0000,0.0000
261,5,0.0099,2.4000,0.0933,0.0640,1.0000,0.0000,15.0000,1.2000,1.0081,6.4000
262,1,0.0246,4.0000,0.1833,0.1783,1.0000,0.0000,17.0000,1.0000,6.2678,27.0000
263,10,0.0465,2.8000,0.1560,0.0799,1.0000,0.0000,7.2000,1.6000,0.8262,2.7000
264,5,0.0163,2.8000,0.1267,0.0740,1.4000,164.5318,12.0000,1.2000,1.6552,6.0000
265,2,0.0446,8.5000,0.2937,0.2104,1.0000,0.0000,15.0000,1.5000,5.8824,17.0000
266,5,0.0439,4.6000,0.1917,0.1422,1.0000,0.0000,12.0000,1.6000,2.0197,5.8000
267,5,0.0584,3.2000,0.1484,0.0000,1.2000,216.9826,10.2000,1.8000,1.6344,6.2000
268,4,0.0325,4.0000,0.1829,0.1659,1.2500,113.5949,13.0000,1.7500,1.8817,7.7500
269,2,0.0172,3.5000,0.1241,0.0001,1.0000,0.0000,17.5000,1.0000,2.7957,15.5000
270,4,0.0202,3.2500,0.1270,0.0000,1.0000,0.0000,13.0000,1.7500,1.7519,8.2500
271,4,0.0161,2.2500,0.1091,0.0304,1.0000,0.0000,15.0000,1.2500,1.7137,8.0000
272,4,0.0049,2.7500,0.0961,0.1083,1.2500,79.9109,14.0000,1.0000,1.5517,7.5000
273,0,0.0000,0.0000,0.0000,0.0000,0.0000,0.0000,0.0000,0.0000
274,6,0.0239,2.8333,0.1411,0.0735,1.0000,0.0000,10.0000,1.1667,1.7436,4.3333
275,1,0.0031,2.0000,0.0769,0.0000,1.0000,0.0000,20.0000,1.0000,3.4188,27.0000
276,1,0.0369,3.0000,0.1970,0.0370,1.0000,0.0000,14.0000,1.0000,11.1111,27.0000
277,4,0.0570,4.0000,0.2092,0.2541,1.0000,0.0000,13.0000,2.5000,1.8519,7.0000
278,4,0.0438,4.0000,0.2167,0.1258,1.0000,0.0000,13.0000,1.5000,2.7778,6.7500
279,1,0.0072,3.0000,0.1250,0.0000,2.0000,414.9322,13.0000,1.0000,8.6667,25.0000
280,4,0.0258,3.5000,0.1569,0.2384,1.0000,0.0000,12.0000,1.2500,1.6154,6.5000
281,7,0.0858,3.1429,0.2101,0.1101,1.1429,43.5897,9.0000,1.5714,1.5824,3.7143
282,4,0.0245,3.2500,0.1600,0.2012,1.0000,0.0000,14.0000,1.2500,1.6667,6.2500
283,0,0.0000,0.0000,0.0000,0.0000,0.0000,0.0000,0.0000,0.0000
284,3,0.0167,3.3333,0.1370,0.2937,1.0000,0.0000,14.0000,1.3333,1.8462,8.6667
285,2,0.0043,2.5000,0.0926,0.0000,1.5000,209.8872,15.0000,1.0000,2.7778,14.0000
286,1,0.0184,4.0000,0.1687,0.2443,1.0000,0.0000,17.0000,1.0000,5.8065,31.0000
287,5,0.0474,4.0000,0.1625,0.1177,1.0000,0.0000,13.0000,2.0000,1.7479,7.0000
288,3,0.0100,3.3333,0.1257,0.1291,1.0000,0.0000,20.0000,1.3333,1.5771,10.3333
289,0,0.0000,0.0000,0.0000,0.0000,0.0000,0.0000,0.0000,0.0000
290,3,0.0053,2.3333,0.0901,0.1103,1.0000,0.0000,16.0000,1.0000,1.4778,9.6667
291,2,0.0254,4.0000,0.2051,0.2795,1.0000,0.0000,15.0000,1.0000,3.6667,12.5000
292,0,0.0000,0.0000,0.0000,0.0000,0.0000,0.0000,0.0000,0.0000
293,3,0.0254,4.3333,0.1948,0.1219,1.0000,0.0000,13.0000,1.0000,3.6015,10.0000
294,2,0.0129,6.0000,0.1982,0.1254,1.0000,0.0000,13.0000,1.0000,7.6613,16.0000
295,4,0.0290,3.7500,0.1492,0.1664,1.0000,0.0000,12.0000,2.0000,1.6633,8.0000
296,1,0.0370,4.0000,0.2066,0.1392,1.0000,0.0000,16.0000,2.0000,7.6355,29.0000
297,5,0.0839,3.2000,0.1796,0.0852,1.0000,0.0000,14.0000,2.0000,1.5632,6.0000
298,1,0.0400,3.0000,0.2217,0.0414,1.0000,0.0000,10.0000,1.0000,15.3846,27.0000
299,2,0.0138,2.5000,0.1424,0.0325,1.0000,0.0000,16.0000,1.0000,5.6989,15.5000
300,1,0.0212,5.0000,0.1837,0.4460,1.0000,0.0000,16.0000,2.0000,5.1724,29.0000
301,4,0.0069,2.5000,0.0958,0.0376,1.0000,0.0000,13.0000,1.0000,1.6667,7.7500
302,0,0.0000,0.0000,0.0000,0.0000,0.0000,0.0000,0.0000,0.0000
303,2,0.0567,4.0000,0.2017,0.1439,1.0000,0.0000,15.0000,2.0000,3.6782,15.0000
304,1,0.0602,6.0000,0.2848,0.0587,1.0000,0.0000,13.0000,2.0000,15.1210,32.0000
305,4,0.0322,3.0000,0.1835,0.0241,1.0000,0.0000,13.0000,1.2500,2.9412,8.5000
306,1,0.0016,2.0000,0.0556,0.0000,1.0000,0.0000,20.0000,1.0000,8.4084,37.0000
307,4,0.0142,3.0000,0.1207,0.3078,1.2500,90.8381,19.0000,1.5000,0.8621,7.5000
308,1,0.0369,6.0000,0.2462,0.3142,1.0000,0.0000,15.0000,2.0000,7.6923,27.0000
309,1,0.0026,2.0000,0.0714,0.0000,1.0000,0.0000,15.0000,1.0000,8.3744,29.0000
310,3,0.0389,3.6667,0.1719,0.3052,1.0000,0.0000,15.0000,2.0000,1.7637,9.3333
311,4,0.0494,3.7500,0.2114,0.0912,1.2500,218.5259,11.0000,2.0000,2.6478,7.2500
312,2,0.0067,2.0000,0.0900,0.0000,1.0000,0.0000,16.0000,1.0000,2.6154,13.0000
313,2,0.0302,5.0000,0.2269,0.2304,1.0000,0.0000,17.0000,1.5000,3.4483,15.0000
314,0,0.0000,0.0000,0.0000,0.0000,0.0000,0.0000,0.0000,0.0000
315,2,0.0167,2.5000,0.1397,0.4731,1.0000,0.0000,14.0000,1.5000,2.3810,11.0000
316,1,0.0390,3.0000,0.2273,0.0979,1.0000,0.0000,13.0000,1.0000,12.2530,23.0000
317,4,0.0185,2.2500,0.1006,0.0000,1.0000,0.0000,15.0000,1.7500,1.7816,7.5000
318,3,0.0199,2.3333,0.1148,0.0481,1.0000,0.0000,15.0000,1.3333,2.0789,10.3333
319,0,0.0000,0.0000,0.0000,0.0000,0.0000,0.0000,0.0000,0.0000
320,4,0.0263,2.2500,0.1272,0.0000,1.0000,0.0000,13.2500,1.2500,2.3333,6.2500
321,5,0.0659,3.8000,0.1758,0.2697,1.2000,77.7323,12.0000,2.4000,1.5344,5.6000
322,4,0.0169,4.5000,0.1859,0.1290,1.2500,73.7389,11.0000,1.0000,2.9915,6.7500
323,1,0.0043,2.0000,0.0909,0.0000,1.0000,0.0000,16.0000,1.0000,5.5336,23.0000
324,1,0.0043,2.0000,0.0909,0.0000,1.0000,0.0000,13.0000,1.0000,7.9051,23.0000
325,2,0.0097,3.0000,0.1364,0.0000,1.0000,0.0000,15.0000,1.0000,2.7668,11.5000
326,1,0.0158,4.0000,0.1739,0.6154,1.0000,0.0000,20.0000,2.0000,2.5362,24.0000
327,1,0.0216,6.0000,0.2727,0.4183,1.0000,0.0000,13.0000,1.0000,8.6957,23.0000
328,0,0.0000,0.0000,0.0000,0.0000,0.0000,0.0000,0.0000,0.0000
329,2,0.0079,2.0000,0.0978,0.0000,1.0000,0.0000,15.0000,1.0000,2.8986,12.0000
330,3,0.0595,2.6667,0.1891,0.0915,1.3333,105.2768,13.0000,1.6667,3.1339,9.0000
331,0,0.0000,0.0000,0.0000,0.0000,0.0000,0.0000,0.0000,0.0000
332,4,0.0981,4.2500,0.1789,0.1129,1.0000,0.0000,14.0000,2.5000,1.9657,8.0000
333,7,0.0108,2.8571,0.1106,0.1087,1.1429,58.2017,14.0000,1.7143,0.7680,4.4286
334,1,0.0025,2.0000,0.0690,0.0000,1.0000,0.0000,12.0000,1.0000,11.4943,30.0000
335,3,0.0099,2.6667,0.1213,0.0286,1.3333,46.3854,14.0000,1.0000,3.4483,10.0000
336,1,0.0065,3.0000,0.1032,0.0000,1.0000,0.0000,18.0000,1.0000,7.8629,32.0000
337,5,0.0217,3.6000,0.1478,0.0782,1.0000,0.0000,12.0000,1.6000,2.1075,6.2000
338,5,0.0769,3.6000,0.1883,0.1963,1.2000,47.2324,17.2000,2.2000,1.0753,6.2000
339,2,0.0308,4.0000,0.2053,0.1375,1.5000,133.8511,15.0000,1.5000,5.1724,15.0000
340,3,0.0108,2.6667,0.1146,0.0453,1.3333,219.7408,17.0000,1.0000,2.5884,11.0000
341,4,0.0345,2.7500,0.1489,0.0941,1.5000,162.0457,12.0000,1.5000,1.8391,7.5000
342,3,0.0264,4.6667,0.1767,0.1582,1.0000,0.0000,16.0000,1.6667,2.0072,10.3333
343,0,0.0000,0.0000,0.0000,0.0000,0.0000,0.0000,0.0000,0.0000
344,3,0.0031,2.0000,0.0769,0.0000,1.0000,0.0000,13.0000,1.0000,2.3742,9.0000
345,0,0.0000,0.0000,0.0000,0.0000,0.0000,0.0000,0.0000,0.0000
346,1,0.0211,5.0000,0.2500,0.4623,1.0000,0.0000,13.0000,1.0000,7.6190,21.0000
347,5,0.0345,2.4000,0.1658,0.1214,1.0000,0.0000,8.0000,1.6000,1.6842,4.0000
348,0,0.0000,0.0000,0.0000,0.0000,0.0000,0.0000,0.0000,0.0000
349,1,0.1000,7.0000,0.3558,0.1838,1.0000,0.0000,12.0000,3.0000,16.9231,26.0000
350,2,0.0074,3.0000,0.1133,0.1917,1.0000,0.0000,16.0000,1.0000,2.4138,15.0000
351,2,0.0072,2.0000,0.0938,0.6015,1.0000,0.0000,19.0000,1.0000,1.1667,12.5000
352,1,0.0040,2.0000,0.0870,0.0000,1.0000,0.0000,17.0000,1.0000,5.7971,24.0000
353,1,0.0167,3.0000,0.1600,0.2316,1.0000,0.0000,17.0000,1.0000,6.7692,26.0000
354,0,0.0000,0.0000,0.0000,0.0000,0.0000,0.0000,0.0000,0.0000
355,2,0.0071,3.5000,0.1296,0.0000,1.0000,0.0000,16.0000,1.0000,2.9101,14.0000
356,3,0.0362,2.3333,0.1815,0.0316,1.0000,0.0000,13.0000,1.3333,4.3514,9.6667
357,2,0.0212,2.5000,0.1420,0.0192,1.0000,0.0000,10.0000,1.0000,7.5123,14.5000
358,4,0.0040,2.0000,0.0703,0.0000,1.0000,0.0000,13.0000,1.0000,2.6042,8.2500
359,1,0.0046,3.0000,0.1000,0.0000,1.0000,0.0000,19.0000,1.0000,3.6559,31.0000
360,3,0.0099,3.6667,0.1396,0.1062,1.0000,0.0000,13.0000,1.0000,2.8352,10.0000
361,6,0.0066,3.0000,0.0932,0.0094,1.0000,0.0000,15.0000,1.3333,1.4950,7.1667
362,9,0.0139,3.6667,0.1076,0.0318,1.0000,0.0000,17.0000,1.4444,0.8076,6.3333
363,9,0.0074,3.5556,0.0904,0.0146,1.1111,87.8429,15.0000,1.4444,1.0403,7.4444
364,7,0.0070,4.2857,0.0706,0.0201,1.0000,0.0000,21.0000,1.2857,1.0399,10.7143
365,12,0.0207,3.0000,0.0770,0.0099,1.1667,125.0104,22.0000,1.5833,0.4829,5.9167
366,5,0.0100,4.6000,0.1235,0.0264,1.2000,158.3644,18.0000,1.2000,2.9617,12.2000
367,3,0.0132,3.3333,0.1300,0.0076,1.0000,0.0000,21.0000,1.3333,2.8261,24.6667
368,5,0.0021,3.6000,0.0507,0.0000,1.0000,0.0000,22.0000,1.4000,1.3807,15.4000
369,8,0.0375,4.1250,0.0995,0.0272,1.0000,0.0000,16.1250,2.1250,0.7825,9.0000
370,4,0.0096,3.7500,0.1222,0.0079,1.0000,0.0000,19.2500,1.0000,2.1846,17.2500
371,8,0.0836,3.7500,0.1106,0.0190,1.1250,137.9927,17.0000,1.5000,0.9505,9.3750
372,11,0.0191,4.9091,0.1108,0.0431,1.2727,119.6986,15.0000,1.4545,0.6573,6.6364
373,5,0.0020,2.8000,0.0447,0.0000,1.2000,163.8815,20.0000,1.4000,1.5962,14.4000
374,8,0.0720,3.2500,0.1296,0.0058,1.1250,66.7166,15.0000,2.2500,1.2401,8.0000
375,3,0.0242,5.0000,0.1032,0.0038,1.0000,0.0000,23.3333,1.0000,3.2988,23.3333
376,4,0.0010,2.5000,0.0417,0.0000,1.2500,252.4610,24.0000,1.0000,2.2073,16.0000
377,14,0.0157,3.4286,0.0886,0.0206,1.0000,0.0000,21.0000,1.5714,0.4082,5.0714
378,10,0.0212,3.2000,0.0815,0.0040,1.3000,212.6227,18.0000,1.8000,0.9014,7.1000
379,6,0.0035,3.6667,0.0698,0.0011,1.0000,0.0000,19.1667,1.1667,1.2924,12.6667
380,3,0.0175,7.3333,0.1582,0.0544,1.0000,0.0000,21.0000,2.0000,3.7962,26.0000
381,5,0.0282,5.4000,0.1874,0.0257,1.4000,171.0514,24.0000,1.4000,2.6507,15.6000
382,11,0.0419,4.6364,0.1363,0.0186,1.0000,0.0000,20.0000,1.6364,0.6438,7.5455
383,12,0.0100,3.0833,0.0928,0.0036,1.0833,49.0820,16.0833,1.4167,0.7195,6.5833
384,13,0.0075,3.0769,0.0683,0.0018,1.1538,139.9618,14.0000,1.5385,0.5953,6.3077
385,5,0.0187,4.6000,0.1092,0.0100,1.0000,0.0000,23.0000,1.8000,1.7535,17.0000
386,8,0.0841,4.2500,0.1408,0.0163,1.1250,151.4385,20.3750,1.6250,0.8559,9.3750
387,6,0.0117,4.3333,0.1264,0.0130,1.3333,195.8330,17.0000,1.3333,2.2893,12.3333
388,8,0.0450,3.2500,0.1166,0.0015,1.0000,0.0000,15.1250,1.8750,1.1765,10.6250
389,11,0.0099,3.1818,0.0820,0.0004,1.0000,0.0000,18.0000,1.5455,0.9029,7.1818
390,6,0.0243,3.5000,0.0931,0.0006,1.1667,119.3201,18.1667,1.6667,1.8145,11.3333
391,7,0.0014,2.4286,0.0426,0.0000,1.2857,226.6582,23.0000,1.1429,0.6784,9.5714
392,7,0.0343,3.4286,0.1198,0.0093,1.0000,0.0000,14.0000,1.2857,1.5439,10.0000
393,8,0.0115,3.2500,0.0891,0.0234,1.0000,0.0000,18.0000,1.3750,0.9243,9.0000
394,8,0.0058,3.5000,0.0897,0.0035,1.1250,71.3753,20.0000,1.0000,1.2004,9.6250
395,6,0.0135,3.5000,0.1092,0.0048,1.1667,156.3818,22.0000,1.6667,1.8979,12.5000
396,4,0.0098,3.7500,0.0883,0.0038,1.0000,0.0000,14.2500,1.0000,1.8574,21.0000
397,4,0.0097,3.0000,0.0872,0.0007,1.0000,0.0000,24.0000,1.2500,2.5154,20.2500
398,12,0.0148,4.0833,0.0959,0.0153,1.2500,122.6194,19.0000,1.8333,0.7714,6.9167
399,17,0.0227,3.0000,0.0913,0.0024,1.0000,0.0000,15.0000,1.8235,0.4541,4.4706
400,2,0.0010,3.0000,0.0434,0.0000,1.0000,0.0000,23.0000,1.0000,3.9124,36.0000
401,4,0.0075,3.5000,0.0684,0.0000,1.0000,0.0000,18.0000,1.7500,1.8630,16.2500
402,7,0.0103,3.4286,0.0949,0.0175,1.2857,139.4863,17.0000,1.5714,1.1953,9.5714
403,7,0.0039,2.7143,0.0544,0.0000,1.1429,83.1083,22.1429,1.4286,1.2787,9.4286
404,4,0.0045,2.5000,0.0694,0.0013,1.0000,0.0000,19.0000,1.2500,2.8672,17.7500
405,12,0.0900,4.3333,0.1488,0.0275,1.0000,0.0000,15.0833,2.3333,0.6186,6.2500
406,4,0.0367,3.5000,0.1499,0.0084,1.0000,0.0000,18.0000,1.7500,2.2805,17.2500
407,9,0.0289,3.5556,0.1169,0.0061,1.1111,58.0118,17.0000,1.5556,1.1411,8.3333
408,5,0.0365,6.2000,0.1699,0.0340,1.2000,121.2546,18.0000,2.2000,1.9275,15.4000
409,11,0.0515,3.3636,0.0922,0.0023,1.0909,55.6431,15.0000,1.4545,0.6989,7.6364
410,3,0.0122,5.0000,0.1500,0.0109,1.3333,144.6078,15.0000,1.3333,4.0226,27.0000
411,10,0.0390,5.8000,0.1225,0.0254,1.1000,46.2726,14.1000,1.7000,1.0772,8.1000
412,11,0.0148,3.5455,0.0775,0.0147,1.0909,11.6367,23.0000,1.7273,0.7884,7.4545
413,9,0.0662,4.6667,0.1619,0.0256,1.0000,0.0000,24.2222,2.0000,0.7367,8.3333
414,8,0.0427,4.7500,0.1517,0.0199,1.2500,100.2671,20.2500,1.7500,1.1235,9.6250
415,5,0.0354,3.8000,0.1189,0.0117,1.0000,0.0000,17.0000,2.8000,1.5185,15.6000
416,7,0.0224,4.0000,0.1251,0.0146,1.0000,0.0000,17.0000,1.7143,1.7773,10.2857
417,12,0.0406,4.4167,0.1183,0.0278,1.0833,63.1341,19.1667,2.0000,0.6930,6.3333
418,11,0.0067,3.1818,0.0751,0.0112,1.0000,0.0000,22.0000,1.5455,0.6187,7.4545
419,7,0.0177,5.2857,0.1053,0.0280,1.1429,81.8610,19.0000,1.8571,1.1712,11.8571
420,10,0.0354,3.5000,0.1099,0.0088,1.3000,152.3852,19.0000,1.8000,0.7688,8.4000
421,11,0.0190,3.7273,0.0969,0.0044,1.0909,62.2175,15.0000,1.6364,0.9568,7.3636
422,5,0.0013,2.8000,0.0425,0.0000,1.2000,145.8212,20.0000,1.2000,2.1578,15.6000
423,6,0.0357,3.3333,0.1084,0.0070,1.1667,85.7296,16.0000,2.5000,1.5540,11.0000
424,5,0.0137,3.2000,0.0919,0.0041,1.0000,0.0000,19.0000,1.4000,1.9559,14.6000
425,3,0.0125,5.0000,0.0859,0.0032,1.0000,0.0000,26.0000,2.0000,2.6688,26.6667
426,6,0.0140,4.8333,0.1253,0.0250,1.0000,0.0000,20.0000,1.5000,1.6693,12.0000
427,6,0.0463,5.8333,0.1153,0.0379,1.0000,0.0000,19.0000,3.0000,1.3272,13.5000
428,2,0.0008,3.5000,0.0437,0.0000,1.0000,0.0000,22.0000,1.0000,3.1481,40.5000
429,7,0.0082,5.0000,0.0957,0.0596,1.1429,122.1485,24.0000,1.5714,0.8858,9.4286
430,10,0.0230,4.7000,0.1179,0.0183,1.2000,113.3638,19.1000,1.9000,0.9627,7.3000
431,6,0.0101,3.6667,0.0823,0.0046,1.0000,0.0000,18.0000,1.5000,1.4713,12.1667
432,6,0.0898,5.0000,0.1458,0.0272,1.1667,92.8209,17.0000,2.8333,1.5094,12.1667
433,8,0.0219,3.3750,0.1072,0.0103,1.1250,120.3599,18.1250,1.8750,0.9527,9.6250
434,7,0.0016,2.2857,0.0382,0.0000,1.1429,106.0836,22.0000,1.4286,1.2687,10.2857
435,8,0.0163,4.1250,0.1022,0.0116,1.0000,0.0000,18.0000,1.7500,1.0497,8.6250
436,5,0.0272,5.6000,0.1613,0.0555,1.0000,0.0000,21.2000,2.4000,1.6901,14.2000
437,13,0.0228,3.8462,0.0893,0.0216,1.0769,93.5122,17.0000,2.1538,0.5182,5.8462
438,15,0.0233,3.2000,0.0899,0.0061,1.2000,137.2028,18.0667,1.7333,0.3440,5.1333
439,9,0.0206,5.3333,0.1280,0.0424,1.1111,80.1292,21.0000,1.6667,0.9570,7.7778
440,9,0.0094,3.5556,0.0766,0.0222,1.1111,58.4497,22.1111,1.4444,0.7602,8.4444
441,6,0.0326,5.6667,0.1555,0.0396,1.1667,68.5824,17.0000,2.1667,1.8919,12.5000
442,15,0.0440,3.8000,0.1586,0.0074,1.0667,55.7762,12.0000,2.1333,0.7573,5.6000
443,12,0.0223,4.5833,0.1051,0.0180,1.4167,185.1548,16.0000,1.8333,0.6491,6.5833
444,4,0.0373,4.5000,0.1035,0.0781,1.2500,160.1101,28.0000,2.7500,1.0450,18.7500
445,8,0.0305,3.1250,0.0975,0.0083,1.1250,109.3967,23.0000,1.8750,0.7293,8.3750
446,6,0.0569,3.5000,0.1387,0.0042,1.0000,0.0000,18.0000,1.8333,1.3884,12.3333
447,7,0.0398,6.1429,0.1522,0.0266,1.0000,0.0000,13.0000,2.4286,1.7343,10.8571
448,4,0.0005,2.5000,0.0305,0.0000,1.0000,0.0000,15.0000,1.0000,3.5998,20.7500
449,2,0.0134,7.0000,0.1024,0.0000,1.0000,0.0000,19.0000,2.5000,8.8100,44.5000
450,0,0.0000,0.0000,0.0000,0.0000,0.0000,0.0000,0.0000,0.0000
451,4,0.0074,7.2500,0.1302,0.0212,1.0000,0.0000,15.0000,1.0000,4.1828,28.0000
452,12,0.0997,3.9167,0.1294,0.0082,1.0833,51.4283,18.0000,2.1667,1.0046,9.2500
453,18,0.0248,4.1667,0.0897,0.0078,1.1111,65.9413,17.0556,1.8333,0.3533,5.2222
454,7,0.0144,4.0000,0.0932,0.0121,1.2857,224.0189,22.2857,1.4286,1.2380,11.2857
455,9,0.0784,4.3333,0.1326,0.0126,1.0000,0.0000,20.1111,2.0000,0.8392,8.5556
456,12,0.0274,4.8333,0.1645,0.0322,1.0833,43.0708,18.0833,1.5000,0.8361,6.1667
457,3,0.0869,4.6667,0.1837,0.0170,1.0000,0.0000,20.0000,2.6667,3.0645,25.6667
458,10,0.0105,3.9000,0.0707,0.0326,1.2000,206.0884,23.1000,2.1000,0.5008,7.2000
459,7,0.0037,3.5714,0.0723,0.0332,1.0000,0.0000,17.0000,1.2857,0.7866,9.1429
460,5,0.0072,2.8000,0.0719,0.0024,1.0000,0.0000,18.0000,1.2000,2.6441,12.0000
461,9,0.0169,2.8889,0.0921,0.0160,1.1111,53.3989,22.1111,1.3333,0.7085,7.7778
462,7,0.0083,4.1429,0.0872,0.0164,1.0000,0.0000,20.0000,1.4286,1.2820,10.1429
463,4,0.0849,7.2500,0.2050,0.0594,1.0000,0.0000,20.0000,2.5000,2.6087,17.5000
464,6,0.0029,2.8333,0.0590,0.0004,1.0000,0.0000,21.0000,1.3333,1.4650,12.1667
465,6,0.0051,3.0000,0.0828,0.0047,1.0000,0.0000,22.0000,1.0000,1.4554,11.8333
466,4,0.0832,3.7500,0.1449,0.0041,1.2500,254.1112,20.2500,2.2500,2.4846,20.2500
467,6,0.0118,4.1667,0.0829,0.0000,1.1667,100.2658,13.1667,1.5000,2.1279,13.6667
468,6,0.0185,2.6667,0.0808,0.0051,1.1667,72.7076,23.0000,1.6667,1.3158,12.8333
469,16,0.0736,3.8125,0.1067,0.0159,1.1250,32.3363,12.1250,1.9375,0.4165,4.8125
470,7,0.0119,4.0000,0.0862,0.0354,1.1429,58.6448,20.0000,2.1429,0.9884,10.7143
471,11,0.0296,3.7273,0.1008,0.0074,1.0909,66.8630,16.0000,1.6364,0.7022,6.6364
472,6,0.0055,2.8333,0.0556,0.0000,1.1667,152.1599,17.0000,2.5000,1.2629,11.6667
473,6,0.0239,6.6667,0.1523,0.0548,1.0000,0.0000,21.0000,1.8333,1.8959,11.0000
474,12,0.0374,3.6667,0.1175,0.0087,1.0833,63.5330,15.0000,2.2500,0.6867,5.8333
475,14,0.0174,3.3571,0.0793,0.0267,1.2143,101.2501,16.0000,1.9286,0.4641,4.8571
476,6,0.0179,4.3333,0.0962,0.0268,1.0000,0.0000,24.0000,1.8333,1.0552,12.3333
477,21,0.0500,3.3810,0.0961,0.0110,1.2381,159.9527,11.0952,1.7143,0.3449,3.5714
478,7,0.0071,3.1429,0.0934,0.0011,1.0000,0.0000,21.0000,1.0000,1.3644,10.4286
479,4,0.0154,3.0000,0.0816,0.0046,1.2500,82.6193,19.0000,1.5000,2.2032,17.7500
480,6,0.0302,4.3333,0.1617,0.0092,1.0000,0.0000,19.0000,1.8333,1.9372,13.6667
481,8,0.0109,3.8750,0.0917,0.0082,1.0000,0.0000,19.0000,2.0000,1.2368,9.5000
482,10,0.0415,4.1000,0.1324,0.0214,1.1000,59.2539,15.1000,1.6000,0.7027,7.5000
483,6,0.0084,4.6667,0.0957,0.0272,1.1667,208.8896,21.0000,1.1667,1.7895,12.3333
484,9,0.0535,3.5556,0.1239,0.0085,1.1111,69.8589,23.0000,1.8889,0.8577,8.4444
485,8,0.0179,3.6250,0.0963,0.0008,1.0000,0.0000,17.0000,1.6250,0.9693,9.5000
486,10,0.0013,2.7000,0.0396,0.0000,1.2000,142.3592,21.0000,1.4000,0.8442,7.7000
487,9,0.0445,3.6667,0.1071,0.0107,1.2222,85.0930,22.1111,2.0000,0.6993,7.7778
488,7,0.0643,3.5714,0.1522,0.0081,1.0000,0.0000,15.0000,1.7143,1.4849,9.0000
489,9,0.0136,3.7778,0.0952,0.0293,1.2222,66.0799,28.1111,1.5556,0.7602,8.4444
490,5,0.0476,6.6000,0.1738,0.0827,1.2000,56.8536,21.2000,2.8000,1.4484,12.8000
491,5,0.0053,3.8000,0.0887,0.0255,1.0000,0.0000,19.0000,1.2000,1.6213,11.6000
492,12,0.0180,2.9167,0.0732,0.0208,1.0833,64.3324,19.0000,1.5000,0.3922,5.1667
493,2,0.0098,4.5000,0.1321,0.0128,1.0000,0.0000,23.0000,1.5000,5.4531,31.5000
494,18,0.0204,3.3333,0.0955,0.0208,1.0000,0.0000,17.0000,1.5000,0.4017,4.0556
495,9,0.0360,3.7778,0.1265,0.0087,1.1111,43.5698,16.0000,1.7778,1.0841,8.6667
496,9,0.0031,2.7778,0.0534,0.0037,1.0000,0.0000,18.0000,1.3333,1.0253,8.4444
497,10,0.0104,3.7000,0.1104,0.0152,1.3000,161.9141,21.0000,1.3000,1.0936,7.7000
498,8,0.0510,4.5000,0.1577,0.0419,1.0000,0.0000,15.0000,2.0000,0.9811,9.2500
499,11,0.0111,2.6364,0.0682,0.0020,1.0000,0.0000,22.0909,1.6364,0.7505,6.5455
500,6,0.0379,3.6667,0.1712,0.0157,1.3333,160.4591,17.0000,1.5000,2.0120,11.3333
501,8,0.0032,3.0000,0.0615,0.0037,1.1250,87.0892,18.0000,1.0000,0.7024,8.5000
502,8,0.0142,4.1250,0.0961,0.0427,1.0000,0.0000,18.0000,1.8750,0.7668,7.7500
503,6,0.0178,3.8333,0.1167,0.0046,1.0000,0.0000,15.0000,1.5000,1.5929,11.0000
504,6,0.0010,3.0000,0.0437,0.0000,1.0000,0.0000,22.0000,1.1667,1.9026,12.1667
505,9,0.0053,3.2222,0.0716,0.0061,1.0000,0.0000,17.0000,1.3333,1.1216,8.7778
506,11,0.0076,2.9091,0.0682,0.0058,1.0000,0.0000,17.0000,1.6364,0.6597,6.7273
507,8,0.0234,5.7500,0.1318,0.0677,1.1250,83.4127,16.0000,1.6250,0.8324,9.1250
508,6,0.0112,4.1667,0.1154,0.0219,1.0000,0.0000,13.0000,1.3333,1.7840,11.8333
509,7,0.0054,2.7143,0.0601,0.0000,1.0000,0.0000,15.0000,1.4286,1.4097,12.0000
510,7,0.0104,3.7143,0.0860,0.0000,1.0000,0.0000,16.0000,1.5714,2.2990,13.0000
511,6,0.0113,5.6667,0.1052,0.0000,1.3333,195.3509,22.0000,1.8333,3.0156,17.0000
512,7,0.0065,3.5714,0.0686,0.0000,1.0000,0.0000,17.0000,1.1429,2.5772,16.2857
513,9,0.0049,6.7778,0.0827,0.0148,1.2222,161.2721,17.2222,1.4444,2.0614,13.6667
514,2,0.0141,3.5000,0.1771,0.0000,1.0000,0.0000,17.0000,1.0000,9.7228,61.5000
515,5,0.0245,4.8000,0.1426,0.0072,1.2000,239.3026,17.0000,1.8000,2.1183,27.0000
516,8,0.0034,3.0000,0.0496,0.0000,1.1250,73.8467,13.0000,1.1250,0.9174,15.0000
517,13,0.0156,4.6154,0.1053,0.0179,1.0000,0.0000,21.0000,1.8462,0.7678,7.1538
518,14,0.0159,4.7143,0.1012,0.0167,1.1429,125.6261,18.0000,1.9286,0.7277,6.2857
519,6,0.0077,4.3333,0.0843,0.0223,1.1667,106.7222,17.0000,1.8333,0.9873,12.3333
520,7,0.0014,3.0000,0.0472,0.0000,1.1429,185.0247,24.0000,1.2857,1.0520,10.1429
521,11,0.0031,2.8182,0.0551,0.0033,1.0909,48.4761,19.0000,1.3636,0.6849,6.6364
522,2,0.0004,2.0000,0.0282,0.0000,1.5000,318.3262,27.0000,1.0000,3.6581,36.0000
523,4,0.0269,4.0000,0.1303,0.0143,1.2500,165.2490,20.0000,2.2500,2.8364,17.5000
524,7,0.0038,3.5714,0.0592,0.0000,1.0000,0.0000,22.0000,2.0000,1.2072,10.2857
525,4,0.0054,2.7500,0.0796,0.0080,1.5000,279.8559,18.0000,1.2500,2.0961,17.0000
526,4,0.0012,3.0000,0.0447,0.0000,1.2500,314.9097,19.0000,1.2500,2.3657,17.2500
527,5,0.0212,3.6000,0.0947,0.0004,1.0000,0.0000,20.0000,2.4000,1.8382,15.6000
528,7,0.0669,6.7143,0.1316,0.0520,1.2857,141.4881,18.0000,3.1429,0.9697,11.8571
529,11,0.0048,4.3636,0.0650,0.0185,1.1818,60.5689,24.0909,1.1818,0.7508,7.0909
530,7,0.0335,4.7143,0.1561,0.0093,1.1429,150.0785,17.0000,1.7143,1.3957,11.2857
531,6,0.0401,4.3333,0.1104,0.0193,1.1667,108.8921,22.0000,2.8333,1.5315,12.5000
532,6,0.0164,4.6667,0.1021,0.0245,1.0000,0.0000,16.1667,2.3333,1.5329,13.5000
533,6,0.0319,3.5000,0.1133,0.0115,1.0000,0.0000,19.0000,1.3333,1.4211,12.6667
534,6,0.0071,2.8333,0.0506,0.0000,1.0000,0.0000,20.0000,1.6667,1.6878,13.3333
535,13,0.0134,4.3077,0.0991,0.0288,1.1538,88.8576,20.0000,1.7692,0.5840,6.2308
536,8,0.0103,6.0000,0.1208,0.0400,1.1250,62.4484,24.1250,1.3750,0.9761,10.1250
537,8,0.0470,3.2500,0.0974,0.0069,1.1250,95.7654,17.1250,1.6250,1.0507,8.7500
538,8,0.0165,2.7500,0.0851,0.0014,1.0000,0.0000,15.0000,2.0000,1.3389,8.5000
539,12,0.0018,2.5000,0.0418,0.0000,1.1667,182.2439,19.0000,1.5000,0.7074,5.8333
540,3,0.0084,3.6667,0.0652,0.0024,1.0000,0.0000,24.0000,1.3333,2.2462,25.0000
541,13,0.0149,3.6923,0.0992,0.0249,1.0769,39.1470,19.0000,1.4615,0.6235,5.6154
542,17,0.0082,2.9412,0.0747,0.0062,1.0000,0.0000,14.0000,1.5882,0.4267,4.7647
543,3,0.0014,2.6667,0.0419,0.0000,1.0000,0.0000,14.0000,1.3333,4.9730,25.0000
544,8,0.0021,3.1250,0.0455,0.0000,1.0000,0.0000,19.0000,1.5000,1.2383,10.2500
545,8,0.0047,4.2500,0.0714,0.0004,1.0000,0.0000,13.1250,1.5000,1.2423,10.1250
546,8,0.0112,3.5000,0.0837,0.0051,1.0000,0.0000,20.0000,2.0000,0.9954,10.1250
547,10,0.0269,4.6000,0.1170,0.0292,1.2000,81.8778,23.0000,2.2000,0.8371,7.3000
548,4,0.0263,2.5000,0.1182,0.0010,1.0000,0.0000,17.0000,1.5000,2.8666,17.2500
549,13,0.0137,2.6154,0.0700,0.0002,1.2308,164.6091,18.0000,1.6923,0.7924,5.4615
550,8,0.0096,4.0000,0.0813,0.0119,1.2500,298.7012,17.1250,1.5000,0.9324,8.6250
551,9,0.0135,3.4444,0.0782,0.0130,1.0000,0.0000,17.0000,1.5556,0.8288,7.6667
552,6,0.0251,5.6667,0.1283,0.0452,1.1667,125.3043,20.0000,1.8333,1.4564,11.5000
553,5,0.0071,3.2000,0.0852,0.0028,1.2000,121.9653,21.0000,1.2000,1.7622,13.2000
554,2,0.0037,2.5000,0.0541,0.0000,1.0000,0.0000,20.0000,1.5000,5.3822,33.5000
555,8,0.0045,3.2500,0.0575,0.0143,1.0000,0.0000,18.0000,1.2500,0.8465,9.5000
556,6,0.0032,3.1667,0.0666,0.0089,1.0000,0.0000,19.0000,1.1667,1.1085,12.0000
557,4,0.0191,4.2500,0.0965,0.0114,1.2500,187.6674,22.0000,2.0000,1.4360,16.7500
558,1,0.0013,3.0000,0.0471,0.0000,1.0000,0.0000,24.0000,1.0000,13.3845,69.0000
559,13,0.0126,4.6154,0.0920,0.0232,1.0769,110.9127,20.0000,1.9231,0.6071,6.0000
560,10,0.0156,4.5000,0.0762,0.0270,1.0000,0.0000,22.1000,1.9000,0.4907,8.3000
561,2,0.0060,5.0000,0.1314,0.0254,1.0000,0.0000,20.0000,1.0000,6.4082,40.0000
562,21,0.0293,3.1429,0.0787,0.0086,1.0476,24.8832,13.0476,1.6667,0.3478,3.7619
563,6,0.0364,7.8333,0.1688,0.0476,1.3333,236.1028,17.0000,2.6667,1.7985,13.3333
564,2,0.0004,2.0000,0.0274,0.0000,1.0000,0.0000,19.0000,1.0000,4.9426,37.0000
565,5,0.0531,5.4000,0.1397,0.0148,1.0000,0.0000,22.0000,2.6000,1.7136,14.4000
566,7,0.0120,3.2857,0.0574,0.0000,1.0000,0.0000,18.1429,1.5714,1.6182,11.2857
567,15,0.0393,4.4667,0.1261,0.0166,1.0000,0.0000,22.0000,1.9333,0.5679,5.4000
568,5,0.0228,4.8000,0.1182,0.0112,1.0000,0.0000,21.0000,1.6000,1.5969,15.8000
569,8,0.0116,3.3750,0.0938,0.0090,1.1250,94.4135,18.1250,1.0000,1.2223,8.8750
570,8,0.0316,4.0000,0.1307,0.0150,1.1250,105.0855,16.1250,1.5000,1.1771,8.8750
571,11,0.0095,2.8182,0.0931,0.0026,1.0909,37.2522,18.0000,1.5455,1.1728,6.8182
572,8,0.0128,6.2500,0.1190,0.0478,1.2500,73.3643,19.0000,1.5000,1.0746,9.5000
573,6,0.0210,3.8333,0.1215,0.0038,1.1667,108.3456,16.0000,1.8333,2.0116,12.3333
574,10,0.0960,4.5000,0.1305,0.0283,1.1000,43.4693,12.1000,2.1000,0.8524,7.3000
575,6,0.0067,3.1667,0.0829,0.0041,1.0000,0.0000,23.0000,1.1667,1.3644,11.1667
576,3,0.0201,3.3333,0.1944,0.0142,1.0000,0.0000,22.0000,1.3333,3.7025,26.6667
577,5,0.0553,6.0000,0.1812,0.0364,1.2000,246.5648,19.0000,2.8000,1.9622,14.8000
578,10,0.0079,3.4000,0.0696,0.0048,1.1000,65.3964,13.0000,1.5000,0.8395,8.1000
579,7,0.0285,3.4286,0.1204,0.0011,1.1429,110.3341,19.0000,1.7143,1.9400,11.7143
580,4,0.0039,2.5000,0.0731,0.0013,1.0000,0.0000,21.2500,1.0000,3.6554,21.7500
581,4,0.0726,3.7500,0.1247,0.0014,1.2500,163.7600,19.0000,2.7500,3.2843,21.2500
582,11,0.0242,4.6364,0.1135,0.0161,1.0000,0.0000,19.1818,1.7273,0.9310,7.6364
583,6,0.0266,4.6667,0.1017,0.0108,1.0000,0.0000,17.1667,2.1667,1.6719,13.3333
584,11,0.0213,3.1818,0.0880,0.0037,1.0909,55.5924,21.0000,1.5455,0.9016,7.9091
585,13,0.0046,2.7692,0.0533,0.0000,1.0769,44.9865,17.0000,1.4615,0.9307,6.2308
586,7,0.0181,5.4286,0.1090,0.0330,1.1429,123.2747,17.0000,1.7143,1.3401,12.0000
587,11,0.0058,2.7273,0.0560,0.0022,1.0909,83.3276,24.0909,1.6364,0.5530,7.0000
588,6,0.0118,3.1667,0.0884,0.0061,1.0000,0.0000,15.0000,1.1667,2.3041,10.5000
589,8,0.0029,3.3750,0.0634,0.0029,1.1250,92.6217,18.0000,1.1250,1.2938,9.1250
590,16,0.0236,3.0000,0.1024,0.0034,1.1250,78.3874,20.0000,1.8125,0.3444,5.1250
591,11,0.0205,3.3636,0.0812,0.0030,1.2727,119.7893,20.0909,1.8182,0.7084,7.0000
592,15,0.0148,3.1333,0.0749,0.0146,1.2000,78.4340,18.1333,1.4667,0.3467,4.6000
593,6,0.0015,2.6667,0.0434,0.0000,1.0000,0.0000,23.0000,1.5000,1.1737,11.8333
594,6,0.0346,3.3333,0.1081,0.0058,1.0000,0.0000,21.0000,1.3333,1.5056,12.3333
595,6,0.0257,4.1667,0.1051,0.0148,1.0000,0.0000,22.0000,1.8333,2.0848,12.8333
596,6,0.0716,4.8333,0.1321,0.0368,1.0000,0.0000,18.1667,2.8333,1.0224,13.1667
597,8,0.0033,2.8750,0.0595,0.0011,1.0000,0.0000,18.0000,1.3750,0.9431,8.6250
598,8,0.0166,3.8750,0.1354,0.0272,1.0000,0.0000,22.0000,1.3750,1.0797,9.1250
599,8,0.0085,3.6250,0.1045,0.0123,1.0000,0.0000,21.0000,1.5000,1.4047,8.5000
600,8,0.0160,3.1250,0.0820,0.0121,1.3750,212.0915,19.1250,1.3750,0.8265,7.6250
601,9,0.0248,3.8889,0.1253,0.0286,1.0000,0.0000,13.0000,1.8889,1.0966,5.8889
602,3,0.0303,4.0000,0.1590,0.0278,1.0000,0.0000,15.0000,1.6667,3.2417,14.6667
603,3,0.0050,3.0000,0.0886,0.0649,1.0000,0.0000,23.0000,1.0000,1.6611,14.3333
604,2,0.0912,3.0000,0.1995,0.0246,1.0000,0.0000,19.0000,3.0000,4.9280,21.5000
605,0,0.0000,0.0000,0.0000,0.0000,0.0000,0.0000,0.0000,0.0000
606,1,0.0168,3.0000,0.1440,0.0427,1.0000,0.0000,16.0000,1.0000,6.9841,36.0000
607,5,0.0039,2.8000,0.0805,0.1047,1.0000,0.0000,18.0000,1.0000,0.7966,7.6000
608,5,0.1102,3.8000,0.1754,0.0713,1.0000,0.0000,14.2000,2.4000,1.8182,6.8000
609,7,0.0298,2.8571,0.1048,0.1569,1.2857,192.1932,16.0000,1.8571,0.7483,5.1429
610,2,0.1011,7.5000,0.3210,0.1735,1.0000,0.0000,18.0000,4.5000,6.0484,16.0000
611,2,0.0087,4.5000,0.1398,0.1024,1.0000,0.0000,17.0000,1.0000,5.1051,18.5000
612,3,0.0691,5.0000,0.2002,0.1930,1.0000,0.0000,17.3333,1.3333,1.9014,11.3333
613,0,0.0000,0.0000,0.0000,0.0000,0.0000,0.0000,0.0000,0.0000
614,2,0.0042,2.5000,0.0796,0.0000,1.0000,0.0000,17.0000,1.0000,3.6508,18.0000
615,5,0.0040,2.2000,0.0750,0.0000,1.0000,0.0000,16.0000,1.0000,1.0606,6.6000
616,6,0.0092,2.8333,0.1040,0.0484,1.1667,83.1703,15.0000,1.3333,1.0695,5.6667
617,2,0.0385,4.0000,0.1924,0.2336,1.0000,0.0000,16.0000,2.5000,3.0423,14.0000
618,3,0.0092,3.3333,0.1296,0.0557,1.0000,0.0000,12.0000,1.0000,4.0143,10.3333
619,3,0.0405,4.3333,0.1605,0.0672,1.0000,0.0000,14.0000,1.3333,2.5641,13.0000
620,9,0.0108,2.2222,0.0733,0.0984,1.0000,0.0000,16.0000,1.4444,0.4425,4.2222
621,4,0.0095,2.7500,0.1013,0.0000,1.5000,366.6194,16.0000,1.2500,1.4260,8.5000
622,1,0.0019,2.0000,0.0606,0.0000,1.0000,0.0000,13.0000,1.0000,7.6649,34.0000
623,3,0.0089,3.6667,0.1128,0.0920,1.0000,0.0000,13.0000,1.0000,3.0688,12.0000
624,1,0.0014,2.0000,0.0526,0.0000,1.0000,0.0000,19.0000,1.0000,5.2632,39.0000
625,4,0.0450,2.7500,0.1735,0.0745,1.0000,0.0000,15.2500,1.7500,1.8271,8.5000
626,3,0.0487,3.3333,0.1864,0.0893,1.0000,0.0000,17.0000,1.6667,2.9132,11.6667
627,4,0.0851,4.5000,0.1827,0.1362,1.0000,0.0000,11.0000,2.5000,2.3185,8.0000
628,3,0.0082,2.0000,0.0832,0.0000,1.0000,0.0000,13.0000,1.3333,3.3716,10.0000
629,1,0.0019,2.0000,0.0606,0.0000,1.0000,0.0000,19.0000,1.0000,9.2692,34.0000
630,5,0.0403,3.8000,0.1446,0.1861,1.0000,0.0000,15.0000,2.0000,1.1742,6.6000
631,9,0.0234,2.8889,0.1262,0.1757,1.2222,138.7215,13.1111,1.3333,0.6048,3.5556
632,7,0.0369,3.2857,0.1347,0.1972,1.2857,87.1777,16.0000,1.7143,0.6875,4.8571
633,1,0.0019,2.0000,0.0606,0.0000,2.0000,669.8733,17.0000,1.0000,7.6649,34.0000
634,1,0.0040,3.0000,0.0938,0.0000,1.0000,0.0000,14.0000,1.0000,7.5758,33.0000
635,6,0.0354,3.0000,0.1334,0.0604,1.1667,143.9834,13.0000,1.6667,1.2775,5.6667
636,4,0.0163,5.0000,0.1537,0.1354,1.0000,0.0000,18.0000,1.0000,1.8848,9.5000
637,0,0.0000,0.0000,0.0000,0.0000,0.0000,0.0000,0.0000,0.0000
638,1,0.0154,4.0000,0.1509,0.1149,1.0000,0.0000,17.0000,1.0000,7.8049,41.0000
639,3,0.0339,5.0000,0.1942,0.0984,1.3333,362.8860,15.0000,2.0000,3.5536,12.3333
640,4,0.0354,3.7500,0.1229,0.0160,1.0000,0.0000,16.2500,1.5000,2.0616,10.5000
641,6,0.0352,4.5000,0.1516,0.0705,1.0000,0.0000,17.0000,1.8333,1.3163,7.0000
642,7,0.0179,2.7143,0.1032,0.0379,1.1429,120.4167,15.0000,1.5714,0.7937,5.2857
643,4,0.0286,3.7500,0.1748,0.1829,1.2500,81.6722,18.0000,1.2500,1.3514,9.2500
644,3,0.0113,4.6667,0.1516,0.0800,1.0000,0.0000,16.3333,1.0000,3.8655,11.6667
645,5,0.0162,3.2000,0.1086,0.0883,1.4000,205.5537,15.2000,1.8000,1.2802,7.6000
646,5,0.0210,3.8000,0.1272,0.1024,2.0000,271.2206,16.0000,1.8000,1.1949,7.6000
647,3,0.0039,2.3333,0.0633,0.0000,1.0000,0.0000,20.0000,1.3333,2.7609,15.0000
648,3,0.0020,2.0000,0.0528,0.0000,1.0000,0.0000,13.0000,1.0000,3.8328,14.0000
649,5,0.0041,2.4000,0.0674,0.0000,1.6000,393.6831,18.0000,1.2000,1.0732,8.2000
650,4,0.0450,3.7500,0.1890,0.1291,1.0000,0.0000,17.0000,1.5000,1.7380,8.5000
651,5,0.0162,2.2000,0.1060,0.0079,1.0000,0.0000,15.0000,1.2000,2.1021,7.4000
652,3,0.0350,4.3333,0.1897,0.0463,1.0000,0.0000,14.0000,1.6667,4.2674,12.6667
653,2,0.0024,2.5000,0.0694,0.0000,1.5000,205.2072,16.0000,1.0000,5.3303,18.5000
654,2,0.0250,4.5000,0.1982,0.0973,1.0000,0.0000,19.0000,1.5000,4.8718,20.0000
655,5,0.0950,5.2000,0.2090,0.0998,1.2000,75.5209,13.2000,3.2000,1.8974,8.0000
656,11,0.0276,3.0000,0.1214,0.0164,1.1818,50.3933,13.1818,1.5455,1.1147,4.0000
657,0,0.0000,0.0000,0.0000,0.0000,0.0000,0.0000,0.0000,0.0000
658,1,0.0019,2.0000,0.0606,0.0000,1.0000,0.0000,22.0000,1.0000,5.8824,34.0000
659,7,0.0418,2.7143,0.1348,0.1631,1.0000,0.0000,13.0000,1.5714,0.8140,3.8571
660,4,0.0100,2.2500,0.1004,0.0000,1.2500,143.3330,11.0000,1.2500,2.0655,6.7500
661,2,0.0185,3.5000,0.1379,0.2314,2.0000,360.2772,16.0000,2.0000,2.6455,14.0000
662,5,0.0448,4.4000,0.1694,0.1024,1.0000,0.0000,15.0000,2.0000,1.6825,7.2000
663,5,0.0483,3.8000,0.2068,0.0897,1.0000,0.0000,12.0000,1.6000,2.0721,7.4000
664,0,0.0000,0.0000,0.0000,0.0000,0.0000,0.0000,0.0000,0.0000
665,0,0.0000,0.0000,0.0000,0.0000,0.0000,0.0000,0.0000,0.0000
666,7,0.0308,3.4286,0.1347,0.0889,1.0000,0.0000,15.2857,1.2857,0.9364,5.0000
667,1,0.0463,8.0000,0.3008,0.1640,1.0000,0.0000,18.0000,2.0000,13.2773,35.0000
668,2,0.0391,4.5000,0.2296,0.0489,1.0000,0.0000,16.0000,1.5000,7.5574,19.5000
669,1,0.0254,11.0000,0.3345,0.2528,1.0000,0.0000,15.0000,1.0000,14.4144,37.0000
670,6,0.0230,3.1667,0.1044,0.0457,1.0000,0.0000,13.0000,2.1667,1.3514,6.3333
671,1,0.0745,9.0000,0.2557,0.3770,1.0000,0.0000,20.0000,4.0000,6.2195,41.0000
672,4,0.0549,2.2500,0.1359,0.0071,1.2500,226.2624,15.0000,1.7500,2.6713,10.5000
673,3,0.0413,3.6667,0.2235,0.0222,1.0000,0.0000,15.0000,1.3333,3.9731,15.0000
674,2,0.0310,4.5000,0.1596,0.0759,1.0000,0.0000,15.0000,2.0000,5.3205,20.0000
675,2,0.0109,3.0000,0.1220,0.0476,1.0000,0.0000,16.0000,1.0000,3.4127,18.0000
676,6,0.0309,3.0000,0.1175,0.3164,1.0000,0.0000,18.0000,1.6667,0.6162,5.8333
677,0,0.0000,0.0000,0.0000,0.0000,0.0000,0.0000,0.0000,0.0000
678,4,0.0231,3.2500,0.1623,0.0597,1.0000,0.0000,18.0000,1.2500,1.9841,9.0000
679,2,0.0475,4.5000,0.2444,0.0617,1.0000,0.0000,14.0000,1.5000,5.9664,17.5000
680,1,0.0180,7.0000,0.2262,0.3576,1.0000,0.0000,18.0000,1.0000,7.0588,35.0000
681,0,0.0000,0.0000,0.0000,0.0000,0.0000,0.0000,0.0000,0.0000
682,1,0.0429,6.0000,0.3036,0.1923,1.0000,0.0000,10.0000,1.0000,14.7783,29.0000
683,3,0.0090,3.3333,0.1040,0.0824,1.0000,0.0000,18.0000,1.3333,1.6517,12.3333
684,2,0.0350,4.5000,0.1880,0.1847,1.0000,0.0000,17.0000,2.5000,3.5651,17.0000
685,0,0.0000,0.0000,0.0000,0.0000,0.0000,0.0000,0.0000,0.0000
686,6,0.1001,3.8333,0.1444,0.1283,1.1667,228.3884,15.3333,2.3333,0.9009,6.3333
687,3,0.0240,3.6667,0.1420,0.0943,1.6667,237.1135,18.0000,2.0000,2.3234,12.6667
688,3,0.0180,4.0000,0.1442,0.0616,1.0000,0.0000,14.0000,2.0000,2.6891,11.6667
689,4,0.0268,4.5000,0.1560,0.0706,1.0000,0.0000,17.0000,2.0000,1.9520,9.2500
690,7,0.0713,4.4286,0.2203,0.1342,1.0000,0.0000,12.1429,1.7143,1.2478,4.8571
691,2,0.0436,3.0000,0.1864,0.0744,1.0000,0.0000,14.0000,1.5000,4.9020,17.0000
692,7,0.0805,3.2857,0.1662,0.0867,1.0000,0.0000,14.1429,2.2857,0.9604,5.0000
693,0,0.0000,0.0000,0.0000,0.0000,0.0000,0.0000,0.0000,0.0000
694,8,0.0797,3.7500,0.1692,0.0569,1.0000,0.0000,14.0000,1.8750,1.0823,5.1250
695,1,0.0034,3.0000,0.0857,0.0000,2.0000,508.7771,16.0000,1.0000,9.8413,36.0000
696,3,0.0385,3.6667,0.1758,0.0574,1.0000,0.0000,17.0000,1.6667,3.1294,12.6667
697,3,0.0341,3.3333,0.1302,0.0927,1.0000,0.0000,18.0000,2.6667,1.8583,14.0000
698,3,0.0034,2.3333,0.0673,0.0000,1.6667,228.8220,15.0000,1.0000,2.8049,13.6667
699,2,0.0756,8.5000,0.2850,0.1336,1.0000,0.0000,19.0000,2.5000,5.8653,21.0000
700,2,0.0245,3.5000,0.1369,0.0839,1.0000,0.0000,13.0000,1.0000,3.9136,19.5000
701,2,0.0045,3.5000,0.1029,0.0000,1.0000,0.0000,17.0000,1.0000,4.9580,17.5000
702,4,0.0465,4.0000,0.1541,0.2105,1.0000,0.0000,17.0000,2.7500,1.4170,9.7500
703,0,0.0000,0.0000,0.0000,0.0000,0.0000,0.0000,0.0000,0.0000
704,0,0.0000,0.0000,0.0000,0.0000,0.0000,0.0000,0.0000,0.0000
705,6,0.1001,3.6667,0.2011,0.0600,1.0000,0.0000,12.1667,1.8333,2.0202,5.6667
706,1,0.0330,4.0000,0.1631,0.0997,1.0000,0.0000,16.0000,2.0000,7.2546,38.0000
707,3,0.0470,4.0000,0.1767,0.1081,1.0000,0.0000,16.0000,2.3333,2.6553,12.6667
708,1,0.0015,2.0000,0.0541,0.0000,1.0000,0.0000,19.0000,1.0000,11.2376,38.0000
709,3,0.0038,2.3333,0.0690,0.0000,1.0000,0.0000,17.0000,1.3333,2.7890,13.0000
710,6,0.0639,4.0000,0.1627,0.1303,1.0000,0.0000,16.0000,2.3333,0.9957,6.3333
711,2,0.0071,2.5000,0.0978,0.0869,1.0000,0.0000,22.0000,1.0000,1.8717,17.0000
712,5,0.1235,3.8000,0.2098,0.0551,1.2000,109.0135,10.0000,2.4000,2.6381,6.8000
713,4,0.0162,4.5000,0.1227,0.0464,1.0000,0.0000,17.0000,2.0000,2.4390,10.5000
714,4,0.0403,4.7500,0.1572,0.1456,1.0000,0.0000,17.0000,1.2500,1.7131,10.5000
715,2,0.0049,4.0000,0.1016,0.0000,1.5000,180.1931,21.0000,1.0000,2.7875,21.0000
716,2,0.0413,6.0000,0.2952,0.0956,1.0000,0.0000,15.0000,1.5000,8.3926,19.0000
717,3,0.0239,3.0000,0.1761,0.0321,1.0000,0.0000,16.0000,1.3333,2.8862,13.6667
718,7,0.0164,5.2857,0.1744,0.1080,1.2857,140.2898,15.0000,1.1429,1.4834,5.4286
719,0,0.0000,0.0000,0.0000,0.0000,0.0000,0.0000,0.0000,0.0000
720,3,0.0351,5.0000,0.1839,0.1470,1.0000,0.0000,16.0000,1.6667,2.9132,11.6667
721,8,0.0475,3.6250,0.1680,0.1175,1.0000,0.0000,14.0000,1.6250,0.8824,4.3750
722,3,0.0153,3.6667,0.1312,0.0419,1.6667,250.7536,15.3333,1.0000,3.0030,12.3333
723,4,0.0440,3.2500,0.2015,0.0498,1.0000,0.0000,16.0000,1.5000,3.0030,9.2500
724,2,0.0050,2.5000,0.0772,0.0000,1.0000,0.0000,21.0000,1.5000,2.7665,19.5000
725,0,0.0000,0.0000,0.0000,0.0000,0.0000,0.0000,0.0000,0.0000
726,5,0.0207,3.0000,0.1227,0.0700,1.0000,0.0000,16.0000,1.4000,1.3782,7.0000
727,1,0.0222,4.0000,0.2315,0.0643,1.0000,0.0000,18.0000,1.0000,11.1111,37.0000
728,1,0.0016,2.0000,0.0556,0.0000,1.0000,0.0000,18.0000,1.0000,10.6607,37.0000
729,3,0.0022,2.0000,0.0556,0.0000,1.0000,0.0000,15.0000,1.0000,3.1624,13.3333
730,3,0.0051,4.6667,0.1167,0.1283,1.0000,0.0000,22.0000,1.3333,1.5854,13.6667
731,4,0.0506,3.5000,0.2097,0.0731,1.0000,0.0000,9.0000,1.5000,3.9021,7.0000
732,0,0.0000,0.0000,0.0000,0.0000,0.0000,0.0000,0.0000,0.0000
733,3,0.0285,5.3333,0.1675,0.2023,1.0000,0.0000,16.0000,2.0000,2.1592,13.0000
734,2,0.0062,3.0000,0.0991,0.1032,1.0000,0.0000,21.0000,1.0000,2.3471,19.0000
735,9,0.1018,3.2222,0.1583,0.0709,1.0000,0.0000,12.1111,2.2222,0.8403,3.8889
736,6,0.0489,3.8333,0.1427,0.1108,1.1667,71.1319,16.1667,1.6667,0.9788,6.0000
737,1,0.0023,2.0000,0.0667,0.0000,1.0000,0.0000,17.0000,1.0000,5.8065,31.0000
738,0,0.0000,0.0000,0.0000,0.0000,0.0000,0.0000,0.0000,0.0000
739,0,0.0000,0.0000,0.0000,0.0000,0.0000,0.0000,0.0000,0.0000
740,2,0.0060,3.0000,0.1007,0.0850,1.0000,0.0000,16.0000,1.0000,2.9872,19.0000
741,2,0.0494,2.5000,0.1858,0.0149,1.5000,228.7425,11.0000,1.5000,6.4394,16.5000
742,5,0.0145,3.2000,0.1022,0.1006,1.0000,0.0000,20.0000,1.8000,0.9717,7.8000
743,5,0.0414,3.6000,0.1648,0.0913,1.2000,83.4119,14.0000,2.0000,1.5363,7.6000
744,2,0.0013,2.0000,0.0513,0.0000,1.5000,316.0707,22.0000,1.0000,2.7564,20.0000
745,7,0.0154,2.7143,0.1076,0.0298,1.0000,0.0000,11.1429,1.2857,1.2018,5.1429
746,5,0.0389,5.0000,0.2115,0.1066,1.0000,0.0000,14.0000,1.8000,2.2475,7.6000
747,2,0.0541,5.5000,0.2059,0.1679,1.0000,0.0000,17.0000,2.0000,3.9039,18.5000
748,4,0.0123,3.0000,0.1111,0.1397,1.0000,0.0000,19.2500,1.0000,1.0695,8.5000
749,3,0.0090,2.3333,0.1030,0.0130,1.3333,279.3959,14.0000,1.0000,3.5979,12.0000
750,1,0.0417,5.0000,0.1897,0.0871,1.0000,0.0000,20.0000,2.0000,6.7736,34.0000
751,3,0.0270,3.6667,0.1424,0.0830,1.0000,0.0000,20.3333,1.3333,1.8519,12.3333
752,4,0.0181,3.0000,0.1110,0.0985,1.2500,54.3573,20.0000,1.2500,1.3095,9.0000
753,5,0.0649,3.6000,0.1882,0.1151,1.0000,0.0000,12.0000,1.8000,1.6532,6.4000
754,5,0.0125,3.2000,0.1144,0.0741,1.2000,201.5976,17.0000,1.2000,1.3109,7.0000
755,8,0.1085,3.3750,0.1302,0.1248,1.2500,92.7167,16.0000,2.0000,0.7646,4.7500
756,3,0.0028,2.6667,0.0762,0.1745,1.0000,0.0000,19.0000,1.0000,1.2698,12.0000
757,2,0.0111,3.5000,0.1308,0.1413,1.0000,0.0000,16.0000,1.0000,3.4091,16.5000
758,4,0.0307,4.2500,0.2031,0.1056,1.2500,65.5755,16.0000,1.2500,2.4206,9.0000
759,5,0.0474,4.2000,0.1644,0.1509,1.0000,0.0000,17.2000,2.4000,1.3087,7.6000
760,3,0.0185,4.3333,0.1412,0.0683,1.0000,0.0000,14.0000,1.0000,3.8038,12.3333
761,3,0.0171,2.6667,0.1108,0.0393,1.0000,0.0000,18.0000,1.3333,1.9343,13.0000
762,1,0.0013,2.0000,0.0500,0.0000,1.0000,0.0000,23.0000,1.0000,9.1463,41.0000
763,3,0.0392,4.3333,0.2418,0.1005,1.0000,0.0000,13.0000,1.3333,4.1270,12.0000
764,7,0.0083,3.5714,0.1054,0.0000,1.0000,0.0000,19.0000,1.4286,0.8059,5.7143
765,4,0.0223,3.5000,0.1339,0.1338,1.0000,0.0000,17.0000,1.7500,1.2923,8.5000
766,5,0.0333,3.8000,0.1309,0.0958,1.0000,0.0000,15.0000,2.0000,1.5616,7.4000
767,3,0.0336,3.6667,0.1472,0.1796,1.0000,0.0000,18.0000,2.6667,1.7677,11.0000
768,4,0.0099,3.5000,0.1213,0.1346,1.5000,298.7892,18.0000,1.0000,1.4260,8.5000
769,5,0.0616,2.4000,0.1414,0.0714,1.0000,0.0000,16.0000,1.8000,1.1034,6.0000
770,4,0.0365,3.5000,0.1800,0.0596,1.2500,126.6128,14.2500,1.0000,2.7184,8.5000
771,0,0.0000,0.0000,0.0000,0.0000,0.0000,0.0000,0.0000,0.0000
772,3,0.0230,7.0000,0.2157,0.1899,1.0000,0.0000,14.0000,1.3333,3.4174,11.6667
773,6,0.0214,3.3333,0.1168,0.0696,1.1667,62.4710,16.0000,1.5000,1.0924,5.8333
774,1,0.1522,5.0000,0.2900,0.0519,1.0000,0.0000,15.0000,1.0000,12.8205,39.0000
775,1,0.0057,4.0000,0.1053,0.0000,1.0000,0.0000,13.0000,2.0000,12.4157,39.0000
776,11,0.0228,3.5455,0.1227,0.0580,1.0909,51.2293,13.0000,1.5455,0.5969,4.0909
777,0,0.0000,0.0000,0.0000,0.0000,0.0000,0.0000,0.0000,0.0000
778,5,0.0624,2.8000,0.1500,0.0307,1.0000,0.0000,14.0000,1.8000,1.6532,6.4000
779,6,0.0423,2.8333,0.1286,0.0952,1.0000,0.0000,18.0000,1.6667,0.7260,5.5000
780,4,0.0161,3.5000,0.1493,0.0753,1.5000,251.7124,13.0000,1.0000,2.6210,8.0000
781,4,0.0284,4.7500,0.1946,0.0802,1.2500,89.9344,13.0000,1.5000,3.2531,8.5000
782,0,0.0000,0.0000,0.0000,0.0000,0.0000,0.0000,0.0000,0.0000
783,0,0.0000,0.0000,0.0000,0.0000,0.0000,0.0000,0.0000,0.0000
784,7,0.0791,4.1429,0.2154,0.1224,1.0000,0.0000,12.0000,2.2857,1.0884,5.1429
785,2,0.0729,3.5000,0.2061,0.0187,1.0000,0.0000,15.0000,2.5000,7.0410,17.0000
786,2,0.0319,4.5000,0.2041,0.1637,1.0000,0.0000,17.0000,1.5000,4.0476,18.0000
787,3,0.0108,2.3333,0.1183,0.0099,1.0000,0.0000,12.0000,1.0000,4.9059,10.6667
788,2,0.0107,3.0000,0.1303,0.0828,1.0000,0.0000,19.0000,1.0000,3.1092,17.5000
789,8,0.0205,3.7500,0.1237,0.0701,1.0000,0.0000,16.0000,1.6250,0.8841,5.1250
790,6,0.0220,3.3333,0.1132,0.0413,1.5000,241.0273,15.0000,1.3333,1.5295,6.5000
791,7,0.0131,2.7143,0.1015,0.0151,1.1429,72.1626,14.0000,1.4286,1.1583,5.4286
792,6,0.0669,3.6667,0.1471,0.1535,1.3333,234.8682,16.1667,2.3333,0.9009,6.1667
793,0,0.0000,0.0000,0.0000,0.0000,0.0000,0.0000,0.0000,0.0000
794,6,0.0126,2.6667,0.1109,0.0903,1.0000,0.0000,14.0000,1.5000,0.9319,5.1667
795,4,0.0135,3.5000,0.1376,0.0905,1.2500,147.8766,13.0000,1.5000,1.8966,7.5000
796,4,0.0179,3.5000,0.1399,0.2060,1.5000,106.5045,16.0000,1.2500,1.4778,7.2500
797,4,0.0219,3.7500,0.1737,0.1690,2.0000,293.9277,16.0000,1.2500,1.7816,7.5000
798,5,0.0243,3.2000,0.1361,0.1521,1.0000,0.0000,13.0000,1.2000,1.2808,5.8000
799,3,0.0812,2.3333,0.1896,0.0210,1.0000,0.0000,11.0000,1.6667,3.7993,10.3333
800,8,0.0239,3.5000,0.1507,0.0729,1.1250,55.3148,14.0000,1.3750,1.0669,4.7500
801,2,0.0134,6.0000,0.1750,0.1744,1.0000,0.0000,18.0000,1.5000,3.3333,18.0000
802,2,0.0330,4.0000,0.1716,0.1623,1.0000,0.0000,20.0000,2.5000,2.7731,17.5000
803,4,0.0088,3.5000,0.1064,0.2398,1.0000,0.0000,21.0000,1.5000,0.9127,9.0000
804,4,0.0483,5.2500,0.2094,0.0998,1.2500,71.1646,15.0000,1.7500,2.6276,9.2500
805,4,0.0694,6.7500,0.2919,0.1148,1.0000,0.0000,12.0000,2.2500,3.4076,9.7500
806,2,0.0030,3.0000,0.0811,0.0000,1.0000,0.0000,20.0000,1.0000,2.5605,19.0000
807,4,0.0303,3.0000,0.1218,0.0818,1.0000,0.0000,19.2500,1.7500,1.0317,9.0000
808,2,0.0025,2.5000,0.0714,0.0000,1.0000,0.0000,16.0000,1.0000,4.0476,18.0000
809,5,0.0273,4.4000,0.1518,0.0733,1.0000,0.0000,13.0000,1.8000,1.7070,7.6000
810,4,0.0277,3.2500,0.1426,0.1335,1.7500,359.6821,17.0000,1.5000,1.4706,8.7500
811,0,0.0000,0.0000,0.0000,0.0000,0.0000,0.0000,0.0000,0.0000
812,4,0.0086,2.2500,0.0773,0.0000,1.0000,0.0000,12.0000,1.5000,2.8450,9.5000
813,2,0.0311,4.0000,0.2122,0.0469,1.0000,0.0000,16.0000,1.0000,5.0300,18.5000
814,0,0.0000,0.0000,0.0000,0.0000,0.0000,0.0000,0.0000,0.0000
815,6,0.0180,2.8333,0.1141,0.0719,1.0000,0.0000,16.0000,1.3333,1.0194,6.3333
816,9,0.0186,3.1111,0.1140,0.1039,1.1111,70.9265,16.1111,1.3333,0.5216,4.2222
817,9,0.0352,3.8889,0.1390,0.0919,1.4444,111.9083,16.0000,2.0000,0.7407,4.4444
818,3,0.0159,3.6667,0.1240,0.1919,1.3333,44.2473,17.0000,1.6667,1.7017,12.3333
819,3,0.0473,3.0000,0.1445,0.0730,1.0000,0.0000,17.0000,1.6667,2.2177,10.6667
820,5,0.0249,3.8000,0.1400,0.1447,1.0000,0.0000,18.0000,1.8000,1.0242,7.6000
821,0,0.0000,0.0000,0.0000,0.0000,0.0000,0.0000,0.0000,0.0000
822,1,0.0813,8.0000,0.2934,0.2879,1.0000,0.0000,14.0000,3.0000,9.2803,33.0000
823,3,0.0381,3.6667,0.1557,0.0808,1.0000,0.0000,18.0000,2.0000,2.8042,12.0000
824,6,0.0440,3.3333,0.1335,0.1199,1.0000,0.0000,17.0000,2.1667,0.9259,6.0000
825,4,0.0450,4.2500,0.2072,0.1059,1.0000,0.0000,14.0000,1.7500,2.7184,8.5000
826,4,0.0201,4.0000,0.1571,0.1586,1.0000,0.0000,13.0000,1.2500,2.0968,7.7500
827,0,0.0000,0.0000,0.0000,0.0000,0.0000,0.0000,0.0000,0.0000
828,7,0.0207,3.2857,0.1317,0.1212,1.1429,79.5338,15.0000,1.5714,0.8913,4.8571
829,5,0.0236,3.8000,0.1212,0.1613,1.0000,0.0000,17.0000,2.0000,0.9024,8.2000
830,2,0.0014,2.0000,0.0526,0.0000,1.5000,396.2588,17.0000,1.0000,5.3306,19.5000
831,3,0.0174,3.6667,0.1446,0.0368,1.0000,0.0000,19.0000,1.0000,2.5214,13.3333
832,1,0.0063,3.0000,0.0992,0.0000,1.0000,0.0000,18.0000,1.0000,7.8078,37.0000
833,2,0.0085,3.0000,0.1147,0.0766,1.0000,0.0000,21.0000,1.0000,2.4064,17.0000
834,0,0.0000,0.0000,0.0000,0.0000,0.0000,0.0000,0.0000,0.0000
835,6,0.0658,4.3333,0.1954,0.0766,1.0000,0.0000,13.1667,1.5000,1.6016,6.1667
836,5,0.0381,3.6000,0.1312,0.1223,1.4000,156.4300,14.0000,2.2000,1.2613,7.4000
837,6,0.0245,4.5000,0.1542,0.1147,1.1667,75.2193,15.0000,1.6667,1.3514,6.3333
838,2,0.0521,4.5000,0.2159,0.0665,1.0000,0.0000,15.0000,1.5000,5.9524,18.0000
839,1,0.0706,5.0000,0.2664,0.0634,1.0000,0.0000,19.0000,3.0000,13.4921,36.0000
840,8,0.0331,3.6250,0.1338,0.0752,1.1250,166.7053,15.1250,1.6250,0.8079,5.1250
841,1,0.0034,3.0000,0.0857,0.0000,1.0000,0.0000,16.0000,1.0000,7.4603,36.0000
842,4,0.0333,4.5000,0.1666,0.1380,1.2500,144.1374,17.0000,2.2500,1.7781,9.5000
843,6,0.1028,2.6667,0.1513,0.0255,1.1667,51.1303,12.0000,2.0000,1.4286,5.8333
844,2,0.0019,2.5000,0.0625,0.0000,1.0000,0.0000,18.0000,1.0000,4.6341,20.5000
845,2,0.0012,2.0000,0.0476,0.0000,1.0000,0.0000,18.0000,1.0000,3.8206,21.5000
846,1,0.0013,2.0000,0.0513,0.0000,1.0000,0.0000,25.0000,1.0000,5.2564,40.0000
847,4,0.0099,2.5000,0.0990,0.0382,1.2500,121.1222,17.0000,1.2500,1.5015,9.2500
848,5,0.0294,3.6000,0.1534,0.1021,1.0000,0.0000,14.0000,1.6000,1.3656,7.6000
849,1,0.0036,3.0000,0.0882,0.0000,1.0000,0.0000,19.0000,1.0000,7.5630,35.0000
850,4,0.0086,3.5000,0.1199,0.1382,1.2500,239.7817,16.0000,1.5000,1.3105,8.0000
851,4,0.0134,3.2500,0.1108,0.1320,1.2500,88.1207,18.0000,1.5000,1.3095,9.0000
852,8,0.0326,2.8750,0.1267,0.1828,1.1250,23.4167,13.0000,2.0000,0.6897,3.7500
853,2,0.0397,3.5000,0.2333,0.0760,1.0000,0.0000,13.0000,1.0000,6.5271,14.5000
854,2,0.0185,4.0000,0.1302,0.2460,1.5000,166.1726,18.0000,1.5000,2.6984,18.0000
855,4,0.0100,3.2500,0.1188,0.1177,1.0000,0.0000,17.0000,1.2500,1.4706,8.5000
856,2,0.0081,2.5000,0.0917,0.0000,1.0000,0.0000,17.5000,1.0000,2.9356,16.5000
857,3,0.0299,4.6667,0.1733,0.1796,1.0000,0.0000,15.0000,1.6667,2.3522,10.6667
858,1,0.0284,3.0000,0.2502,0.0432,1.0000,0.0000,16.0000,1.0000,14.0820,34.0000
859,3,0.0097,2.6667,0.1198,0.0473,1.0000,0.0000,13.0000,1.0000,2.7094,9.6667
860,5,0.0074,2.4000,0.0951,0.1426,1.2000,60.3455,17.0000,1.2000,0.8736,6.0000
861,2,0.0046,2.0000,0.0750,0.0000,1.5000,282.7133,18.0000,1.0000,2.1505,15.5000
862,1,0.0020,2.0000,0.0625,0.0000,1.0000,0.0000,16.0000,1.0000,11.5530,33.0000
863,1,0.0033,2.0000,0.0800,0.0000,1.0000,0.0000,14.0000,1.0000,6.4615,26.0000
864,5,0.0551,3.4000,0.1765,0.1136,1.0000,0.0000,15.0000,1.8000,1.4113,6.4000
865,1,0.0018,2.0000,0.0588,0.0000,1.0000,0.0000,17.0000,1.0000,9.4118,35.0000
866,4,0.0096,3.2500,0.1041,0.0707,1.0000,0.0000,16.0000,1.2500,2.0270,9.2500
867,5,0.0067,2.8000,0.0832,0.0869,1.0000,0.0000,18.2000,1.2000,0.8293,8.2000
868,6,0.0238,3.6667,0.1590,0.0684,1.0000,0.0000,14.0000,1.3333,1.5884,6.3333
869,5,0.0059,2.6000,0.0849,0.0056,1.0000,0.0000,15.0000,1.0000,2.4623,8.4000
870,8,0.0254,3.5000,0.1137,0.0998,1.1250,118.8653,14.0000,2.0000,0.8266,4.8750
871,1,0.0739,8.0000,0.2771,0.2392,1.0000,0.0000,14.0000,3.0000,10.5169,34.0000
872,3,0.0319,3.6667,0.1492,0.1060,1.3333,400.3514,16.0000,1.6667,2.2650,13.3333
873,0,0.0000,0.0000,0.0000,0.0000,0.0000,0.0000,0.0000,0.0000
874,1,0.0199,5.0000,0.1640,0.2136,1.0000,0.0000,19.0000,2.0000,5.9379,39.0000
875,3,0.0330,4.3333,0.1669,0.1282,1.0000,0.0000,13.0000,1.6667,3.1541,10.3333
876,2,0.0302,3.5000,0.1851,0.1142,1.0000,0.0000,14.0000,1.0000,4.1667,16.5000
877,2,0.0067,2.0000,0.0900,0.0000,1.0000,0.0000,13.0000,1.0000,7.8462,13.0000
878,6,0.0664,3.1667,0.1799,0.0673,1.0000,0.0000,11.0000,1.5000,1.6667,4.1667
879,2,0.0251,2.5000,0.1856,0.0318,1.5000,355.0240,9.0000,1.0000,9.1133,14.5000
880,2,0.0019,2.0000,0.0606,0.0000,1.0000,0.0000,15.0000,1.0000,4.9911,17.0000
881,3,0.0054,2.3333,0.0819,0.3154,1.0000,0.0000,23.0000,1.3333,0.8207,11.0000
882,2,0.0308,3.0000,0.1827,0.1139,1.0000,0.0000,16.0000,1.5000,3.5632,15.0000
883,0,0.0000,0.0000,0.0000,0.0000,0.0000,0.0000,0.0000,0.0000
884,3,0.0100,3.0000,0.1157,0.0589,1.0000,0.0000,16.0000,1.0000,2.9570,10.6667
885,2,0.0238,4.0000,0.2032,0.0830,1.0000,0.0000,16.0000,1.0000,4.3544,18.5000
886,0,0.0000,0.0000,0.0000,0.0000,0.0000,0.0000,0.0000,0.0000
887,1,0.0011,2.0000,0.0465,0.0000,1.0000,0.0000,18.0000,1.0000,6.0254,44.0000
888,3,0.0060,2.6667,0.0980,0.0447,1.0000,0.0000,18.0000,1.0000,2.0863,12.6667
889,2,0.0417,4.5000,0.1735,0.1065,1.5000,129.0296,16.0000,2.5000,4.0107,17.0000
890,2,0.0075,2.5000,0.0946,0.0000,1.0000,0.0000,20.0000,1.5000,3.5282,16.0000
891,5,0.0895,3.8000,0.2084,0.0873,1.0000,0.0000,11.0000,2.4000,1.9697,6.6000
892,3,0.0053,2.3333,0.0794,0.0000,1.3333,59.3274,19.0000,1.0000,1.8487,11.6667
893,2,0.0028,2.5000,0.0758,0.0000,1.0000,0.0000,15.0000,1.0000,3.2086,17.0000
894,2,0.0151,4.5000,0.1718,0.0553,1.0000,0.0000,13.0000,1.0000,5.8730,18.0000
895,7,0.0284,2.5714,0.1140,0.0068,1.1429,72.6570,15.0000,1.7143,2.0408,6.1429
896,4,0.0172,4.2500,0.1158,0.1091,1.2500,156.0062,18.2500,1.2500,1.3768,11.5000
897,1,0.0081,5.0000,0.1396,0.3580,1.0000,0.0000,19.0000,1.0000,5.1282,40.0000
898,3,0.0151,4.0000,0.1635,0.1097,1.0000,0.0000,17.0000,1.0000,2.9101,12.0000
899,2,0.0469,4.0000,0.1811,0.0360,1.0000,0.0000,14.0000,1.5000,4.5209,19.5000
900,4,0.0197,2.5000,0.1200,0.0260,1.0000,0.0000,15.0000,1.5000,1.8651,9.0000
901,4,0.0184,3.0000,0.1409,0.0779,1.0000,0.0000,21.0000,1.2500,1.4845,9.7500
902,3,0.0606,4.6667,0.2196,0.0693,1.3333,146.9373,15.0000,2.0000,3.4174,11.6667
903,10,0.0349,3.4000,0.1443,0.1438,1.0000,0.0000,14.1000,1.7000,0.5255,3.7000
904,4,0.0140,2.7500,0.1156,0.0307,1.0000,0.0000,17.0000,1.2500,1.7647,8.7500
905,2,0.0465,3.5000,0.2092,0.0283,1.5000,184.1570,16.0000,1.5000,6.4011,19.0000
906,6,0.0413,3.8333,0.1484,0.1325,1.1667,68.4946,14.0000,2.0000,1.0761,6.1667
907,5,0.0242,3.6000,0.1384,0.1825,1.0000,0.0000,16.0000,1.6000,1.1408,6.8000
908,4,0.0361,3.7500,0.1336,0.0419,1.0000,0.0000,15.2500,1.5000,2.4038,10.0000
909,7,0.0267,4.2857,0.1446,0.1019,1.1429,78.3243,15.0000,1.5714,1.1232,6.1429
910,1,0.0667,6.0000,0.1680,0.0850,1.0000,0.0000,18.0000,4.0000,7.0732,41.0000
911,2,0.0317,3.5000,0.1418,0.1232,1.0000,0.0000,23.0000,3.5000,2.0906,21.0000
912,4,0.0067,2.7500,0.0888,0.0190,1.2500,83.0480,14.0000,1.0000,2.7439,10.2500
913,4,0.0362,3.5000,0.1556,0.0433,1.2500,121.5620,19.2500,1.5000,2.2561,10.2500
914,2,0.0176,3.5000,0.1176,0.2356,1.0000,0.0000,16.0000,2.0000,2.9365,18.0000
915,2,0.0301,8.0000,0.3030,0.2009,1.0000,0.0000,18.0000,1.0000,6.4516,16.0000
916,4,0.0281,3.0000,0.1137,0.0788,1.0000,0.0000,19.0000,2.2500,1.3445,8.7500
917,4,0.0105,2.2500,0.0927,0.0000,1.2500,55.2280,14.0000,1.5000,1.5517,7.5000
918,1,0.0020,2.0000,0.0625,0.0000,1.0000,0.0000,17.0000,1.0000,7.3864,33.0000
919,2,0.0115,2.5000,0.1045,0.0075,2.0000,412.8029,16.0000,1.0000,5.5769,20.0000
920,7,0.0074,2.8571,0.0982,0.0644,1.0000,0.0000,17.0000,1.2857,0.8390,5.1429
921,7,0.0267,3.2857,0.1361,0.1337,1.0000,0.0000,16.1429,1.4286,0.7683,5.0000
922,1,0.0026,2.0000,0.0714,0.0000,1.0000,0.0000,16.0000,1.0000,9.6059,29.0000
923,3,0.1852,4.3333,0.2149,0.0366,1.0000,0.0000,13.0000,3.6667,3.7933,12.6667
924,4,0.0394,3.7500,0.1523,0.0427,1.2500,90.6877,17.0000,1.7500,2.4085,10.2500
925,5,0.0250,3.2000,0.1181,0.1489,1.2000,116.1588,17.0000,2.0000,0.9412,7.0000
926,6,0.0383,3.1667,0.1409,0.0602,1.1667,28.4151,12.0000,1.8333,1.5467,5.5000
927,5,0.0146,3.2000,0.1113,0.1756,1.2000,53.1471,23.0000,1.4000,0.7207,7.4000
928,0,0.0000,0.0000,0.0000,0.0000,0.0000,0.0000,0.0000,0.0000
929,3,0.0336,6.3333,0.2524,0.2419,1.0000,0.0000,13.0000,1.3333,3.4722,11.0000
930,2,0.0116,3.0000,0.1256,0.0334,1.5000,179.5605,15.0000,1.0000,4.4538,17.5000
931,0,0.0000,0.0000,0.0000,0.0000,0.0000,0.0000,0.0000,0.0000
932,7,0.0422,3.1429,0.1324,0.0507,1.0000,0.0000,18.0000,1.7143,0.9890,5.7143
933,1,0.0013,2.0000,0.0500,0.0000,2.0000,639.4402,19.0000,1.0000,9.7561,41.0000
934,3,0.0123,3.3333,0.0988,0.0283,1.3333,321.8798,16.0000,1.3333,2.1886,15.0000
935,3,0.0218,2.3333,0.1110,0.0613,1.0000,0.0000,20.0000,1.6667,1.6194,13.0000
936,2,0.0298,5.0000,0.1886,0.2600,1.5000,141.4651,16.0000,1.5000,3.1746,18.0000
937,2,0.0294,4.0000,0.1843,0.1993,1.0000,0.0000,14.0000,1.5000,4.0107,17.0000
938,2,0.0235,6.0000,0.2262,0.1811,1.0000,0.0000,16.0000,1.0000,4.7619,18.0000
939,0,0.0000,0.0000,0.0000,0.0000,0.0000,0.0000,0.0000,0.0000
940,3,0.0258,4.3333,0.1862,0.0804,1.0000,0.0000,19.0000,1.3333,2.9951,14.6667
941,6,0.0416,3.3333,0.1458,0.0633,1.1667,37.7094,11.1667,1.6667,1.3445,5.8333
942,4,0.0223,3.5000,0.1457,0.1063,1.2500,135.6079,12.0000,1.2500,2.1390,8.5000
943,1,0.0270,3.0000,0.2093,0.0146,1.0000,0.0000,13.0000,1.0000,16.0661,37.0000
944,5,0.0117,3.4000,0.1076,0.0487,1.0000,0.0000,14.0000,1.4000,2.1053,7.6000
945,5,0.0791,3.0000,0.1486,0.0162,1.4000,162.4879,16.2000,2.0000,1.7073,8.2000
946,4,0.0552,6.0000,0.2205,0.1171,1.5000,223.8537,14.0000,2.2500,2.8049,10.2500
947,1,0.0024,3.0000,0.0732,0.0000,1.0000,0.0000,18.0000,1.0000,7.2009,42.0000
948,6,0.0071,2.3333,0.0815,0.0000,1.0000,0.0000,18.0000,1.5000,0.5882,5.8333
949,6,0.1134,3.8333,0.1696,0.0517,1.0000,0.0000,13.0000,2.1667,1.6138,6.0000
950,7,0.0547,3.4286,0.1622,0.1432,1.4286,203.0726,15.1429,1.8571,0.8403,5.0000
951,3,0.0190,6.6667,0.2238,0.1387,1.3333,144.7328,15.0000,1.0000,4.1270,12.0000
952,3,0.1176,4.6667,0.1872,0.0987,1.0000,0.0000,13.0000,2.6667,2.8571,12.0000
953,4,0.0363,3.5000,0.1399,0.1211,1.2500,232.6185,16.0000,2.2500,1.4205,8.2500
954,4,0.0567,3.2500,0.1689,0.0824,1.0000,0.0000,18.2500,2.2500,1.6667,9.0000
955,0,0.0000,0.0000,0.0000,0.0000,0.0000,0.0000,0.0000,0.0000
956,2,0.0160,5.5000,0.1868,0.1329,1.0000,0.0000,13.0000,1.0000,6.2185,17.5000
957,3,0.0077,4.0000,0.1271,0.0932,1.0000,0.0000,18.0000,1.0000,2.3529,11.6667
958,5,0.0286,3.8000,0.1658,0.1113,1.0000,0.0000,16.0000,1.4000,1.5909,6.6000
959,1,0.0017,2.0000,0.0571,0.0000,1.0000,0.0000,19.0000,1.0000,9.8413,36.0000
960,6,0.0450,2.6667,0.1548,0.0344,1.0000,0.0000,14.0000,1.5000,1.3276,6.3333
961,9,0.0071,3.4444,0.0831,0.0315,1.1111,65.1992,17.0000,1.3333,0.7931,6.1111
962,6,0.0121,3.1667,0.0876,0.0124,1.0000,0.0000,19.0000,1.5000,1.4096,11.1667
963,4,0.0690,7.7500,0.1584,0.0597,1.0000,0.0000,18.0000,3.5000,2.4448,18.2500
964,11,0.0065,3.5455,0.0692,0.0114,1.0909,18.6284,21.0000,1.5455,0.5655,7.0000
965,6,0.0146,3.0000,0.0750,0.0020,1.0000,0.0000,23.0000,1.5000,1.0664,11.8333
966,6,0.0017,2.3333,0.0430,0.0000,1.0000,0.0000,18.0000,1.3333,1.7869,10.8333
967,4,0.0206,2.7500,0.1246,0.0023,1.2500,94.5690,18.0000,1.5000,3.0439,19.0000
968,12,0.0031,2.5833,0.0409,0.0000,1.0000,0.0000,17.1667,1.3333,0.5896,6.5833
969,6,0.0266,4.3333,0.1140,0.0235,1.0000,0.0000,17.0000,1.8333,1.2433,11.5000
970,9,0.0365,2.7778,0.1095,0.0079,1.0000,0.0000,22.0000,1.5556,0.8006,7.7778
971,8,0.0842,3.8750,0.1181,0.0250,1.0000,0.0000,19.1250,1.8750,0.8950,9.0000
972,12,0.0192,4.0833,0.1040,0.0075,1.0000,0.0000,16.0000,2.0833,0.5771,6.0833
973,9,0.0202,3.2222,0.1161,0.0076,1.2222,154.3660,20.0000,1.5556,1.1367,7.6667
974,9,0.0187,3.4444,0.0896,0.0081,1.2222,104.4482,18.0000,1.6667,1.1609,7.4444
975,9,0.0245,4.8889,0.1028,0.0180,1.2222,83.5760,20.0000,1.6667,0.8762,8.2222
976,8,0.0024,2.8750,0.0582,0.0101,1.0000,0.0000,20.0000,1.1250,0.9161,8.7500
977,3,0.0118,3.0000,0.0758,0.0054,1.0000,0.0000,24.0000,1.6667,2.4707,23.3333
978,8,0.0145,4.5000,0.1042,0.0261,1.0000,0.0000,24.0000,1.8750,0.8950,9.0000
979,9,0.0151,4.1111,0.0926,0.0038,1.2222,153.6225,14.1111,1.6667,1.0799,8.4444
980,7,0.0127,3.5714,0.0827,0.0078,1.0000,0.0000,18.0000,1.7143,1.4129,11.1429
981,8,0.0009,2.1250,0.0312,0.0000,1.3750,146.0411,22.0000,1.1250,1.6192,9.7500
982,8,0.0038,2.6250,0.0454,0.0003,1.2500,295.5844,16.0000,1.2500,0.9979,10.6250
983,9,0.0146,4.0000,0.0871,0.0123,1.2222,135.1762,20.1111,1.8889,0.8265,8.4444
984,7,0.0251,6.5714,0.1184,0.0408,1.1429,141.6417,19.0000,2.4286,1.2048,11.8571
985,7,0.0170,4.8571,0.0946,0.0209,1.0000,0.0000,21.0000,1.5714,1.1257,12.2857
986,7,0.0075,5.0000,0.1045,0.0124,1.0000,0.0000,21.0000,1.2857,1.1076,11.4286
987,11,0.0293,4.7273,0.1437,0.0156,1.0909,40.4381,17.0000,1.9091,1.2809,6.8182
988,4,0.0214,5.5000,0.1653,0.0313,1.0000,0.0000,21.0000,1.5000,2.7682,21.0000
989,4,0.0063,3.0000,0.0661,0.0027,1.0000,0.0000,19.2500,1.0000,2.0886,20.0000
990,7,0.0061,3.1429,0.0652,0.0003,1.0000,0.0000,17.0000,1.4286,1.3107,10.1429
991,11,0.0081,3.8182,0.0788,0.0416,1.2727,141.7598,17.0000,1.5455,0.5304,6.0909
992,9,0.0072,4.5556,0.0847,0.0242,1.3333,184.1930,18.0000,1.4444,1.2238,7.7778
993,6,0.0115,3.6667,0.0707,0.0082,1.0000,0.0000,19.1667,1.5000,1.2240,12.1667
994,7,0.0026,2.7143,0.0530,0.0002,1.1429,118.2722,22.0000,1.0000,1.5819,10.4286
995,9,0.0170,4.3333,0.1217,0.0180,1.1111,73.3204,18.0000,1.4444,1.1476,8.0000
996,5,0.0006,2.4000,0.0316,0.0000,1.0000,0.0000,18.0000,1.0000,1.6013,16.0000
997,5,0.0154,3.6000,0.1135,0.0049,1.2000,146.2188,19.0000,1.4000,2.0769,16.8000
998,13,0.0380,4.3846,0.1458,0.0186,1.0000,0.0000,20.0000,2.0000,0.7541,6.5385
999,5,0.0265,4.8000,0.1309,0.0528,1.4000,374.7257,20.4000,1.2000,1.2598,14.4000
1000,10,0.0096,3.5000,0.0826,0.0183,1.1000,63.6472,21.0000,1.3000,0.8330,7.1000
1001,4,0.0028,3.2500,0.0553,0.0000,1.0000,0.0000,16.0000,1.2500,2.3077,16.5000
1002,4,0.0051,3.0000,0.0774,0.0038,1.2500,222.6063,19.0000,1.0000,2.0704,17.5000
1003,9,0.0628,3.7778,0.1227,0.0022,1.0000,0.0000,14.0000,2.0000,0.8599,7.3333
1004,7,0.0219,3.2857,0.0941,0.0027,1.2857,260.4002,17.0000,2.0000,1.4027,10.1429
1005,11,0.0568,4.9091,0.1350,0.0432,1.0909,73.5438,13.0000,2.5455,0.7007,6.5455
1006,5,0.0287,4.0000,0.1100,0.0148,1.0000,0.0000,20.0000,1.6000,2.0787,14.0000
1007,10,0.0598,5.8000,0.1462,0.0203,1.0000,0.0000,15.0000,2.6000,1.1387,7.5000
1008,12,0.0142,3.2500,0.0697,0.0024,1.1667,102.4147,20.0000,1.7500,0.6188,6.5000
1009,21,0.0596,3.9048,0.0996,0.0167,1.1429,97.7592,18.0000,1.8571,0.3962,4.0476
1010,8,0.0143,6.7500,0.1592,0.0382,1.2500,108.7001,12.0000,1.8750,1.3014,10.0000
1011,6,0.0279,5.3333,0.1033,0.0060,1.1667,183.1597,18.0000,2.0000,2.0394,13.1667
1012,6,0.0033,3.6667,0.0675,0.0009,1.0000,0.0000,22.0000,1.3333,1.4249,13.5000
1013,4,0.0096,3.0000,0.0813,0.0010,1.0000,0.0000,24.0000,1.5000,1.8645,18.2500
1014,4,0.0044,3.2500,0.0766,0.0013,1.0000,0.0000,19.0000,1.0000,2.2895,19.0000
1015,12,0.0176,4.3333,0.1149,0.0333,1.0000,0.0000,17.0000,1.6667,0.6695,6.1667
1016,5,0.0290,5.4000,0.1588,0.0487,1.0000,0.0000,18.0000,2.2000,1.6505,15.0000
1017,12,0.0283,4.9167,0.1388,0.0169,1.0833,25.5633,19.0833,1.5833,0.9398,6.4167
1018,6,0.0098,3.0000,0.0784,0.0025,1.0000,0.0000,17.0000,1.5000,1.5921,14.0000
1019,5,0.0179,3.6000,0.1149,0.0029,1.0000,0.0000,23.0000,1.0000,2.1176,17.0000
1020,4,0.0256,5.0000,0.1106,0.0217,1.0000,0.0000,23.0000,1.7500,1.9201,22.0000
1021,7,0.0051,3.1429,0.0806,0.0003,1.1429,186.7414,12.0000,1.1429,2.5570,12.1429
1022,7,0.0487,5.0000,0.1155,0.0075,1.0000,0.0000,19.0000,2.4286,1.2253,12.0000
1023,14,0.0210,3.7143,0.0841,0.0030,1.0000,0.0000,18.0714,2.0000,0.5104,5.2857
1024,6,0.0056,4.5000,0.0753,0.0273,1.1667,99.9498,21.0000,1.3333,1.3382,12.1667
1025,4,0.0111,3.5000,0.1134,0.0042,1.0000,0.0000,24.0000,1.2500,2.0313,19.5000
1026,6,0.0536,5.0000,0.1571,0.0141,1.0000,0.0000,20.0000,2.6667,1.6870,12.1667
1027,9,0.0362,4.3333,0.1075,0.0092,1.1111,81.3355,21.0000,1.8889,0.6959,9.1111
1028,5,0.0157,5.2000,0.0925,0.0089,1.0000,0.0000,22.0000,3.0000,1.2848,16.0000
1029,9,0.0152,3.4444,0.0776,0.0049,1.1111,73.4951,18.0000,1.4444,0.7441,8.1111
1030,8,0.0226,4.3750,0.1243,0.0205,1.1250,84.2196,21.1250,1.3750,0.9683,9.0000
1031,9,0.0263,3.2222,0.0933,0.0022,1.3333,263.4983,15.0000,2.0000,0.9318,8.4444
1032,9,0.0527,3.5556,0.1407,0.0042,1.2222,159.4283,15.0000,2.0000,1.3025,8.5556
1033,10,0.0163,4.0000,0.0923,0.0133,1.1000,94.5543,17.0000,1.6000,0.6804,8.0000
1034,8,0.0248,3.6250,0.0988,0.0238,1.2500,143.6069,23.1250,1.5000,0.9465,9.1250
1035,11,0.0081,3.2727,0.0683,0.0074,1.0000,0.0000,20.0000,1.2727,0.8268,6.6364
1036,4,0.0066,3.2500,0.0793,0.0004,1.0000,0.0000,21.0000,1.2500,1.7002,17.7500
1037,7,0.0098,3.4286,0.0646,0.0126,1.0000,0.0000,19.0000,2.0000,1.0290,10.1429
1038,10,0.0227,2.9000,0.0752,0.0026,1.0000,0.0000,18.0000,1.6000,0.5946,7.5000
1039,18,0.0481,4.0000,0.1134,0.0399,1.1667,98.6433,16.0000,1.6111,0.3419,3.6111
1040,3,0.0273,5.3333,0.1270,0.0531,1.0000,0.0000,26.0000,2.6667,2.0548,24.3333
1041,9,0.0113,3.7778,0.0996,0.0164,1.0000,0.0000,17.0000,1.5556,1.4756,8.1111
1042,11,0.0241,3.5455,0.1347,0.0044,1.0909,84.8980,12.0909,1.4545,0.9040,7.7273
1043,10,0.0485,4.9000,0.1189,0.0124,1.0000,0.0000,16.1000,2.4000,0.6171,8.3000
1044,3,0.0042,5.0000,0.0836,0.0403,1.0000,0.0000,24.0000,1.0000,1.9914,24.3333
1045,12,0.0228,4.0833,0.1057,0.0434,1.1667,120.7952,16.0833,2.0833,0.4184,5.5833
1046,4,0.0270,4.2500,0.1172,0.0185,1.2500,102.3184,15.2500,2.7500,1.9979,17.5000
1047,3,0.0302,7.0000,0.1806,0.0685,1.0000,0.0000,16.0000,1.6667,2.9270,23.0000
1048,10,0.0764,3.1000,0.1364,0.0090,1.0000,0.0000,11.2000,1.6000,1.2100,7.3000
1049,12,0.0442,5.9167,0.1488,0.0207,1.0000,0.0000,15.0000,2.4167,1.0481,6.4167
1050,6,0.0236,4.1667,0.1046,0.0020,1.1667,125.0542,17.0000,1.5000,1.2225,13.1667
1051,7,0.0018,2.5714,0.0402,0.0000,1.0000,0.0000,18.0000,1.4286,1.2519,11.2857
1052,3,0.0528,5.0000,0.1547,0.0045,1.0000,0.0000,21.0000,2.0000,2.7274,24.6667
1053,10,0.0111,4.1000,0.0919,0.0251,1.1000,52.0866,20.1000,1.3000,0.8008,7.1000
1054,7,0.0277,4.4286,0.1456,0.0246,1.0000,0.0000,17.1429,1.5714,1.3546,9.7143
1055,18,0.0729,3.5556,0.1143,0.0201,1.2778,152.8151,15.0000,1.7778,0.4369,4.0000
1056,9,0.0235,4.5556,0.1511,0.0186,1.0000,0.0000,18.1111,1.5556,1.3824,8.0000
1057,10,0.0312,5.5000,0.1278,0.0400,1.2000,128.9062,17.0000,1.9000,0.7754,7.6000
1058,9,0.0181,3.2222,0.0856,0.0265,1.2222,115.0912,19.0000,1.5556,0.5679,7.8889
1059,14,0.0519,3.6429,0.0852,0.0400,1.0714,36.6936,17.0000,2.0000,0.3694,4.5000
1060,8,0.0262,3.2500,0.1284,0.0253,1.2500,162.6079,16.0000,1.3750,1.2766,7.1250
1061,5,0.0076,5.6000,0.1071,0.0529,1.0000,0.0000,23.0000,1.0000,1.7732,13.8000
1062,4,0.0070,4.0000,0.0892,0.0037,1.0000,0.0000,23.0000,1.0000,1.9730,19.5000
1063,8,0.0402,2.7500,0.0935,0.0028,1.0000,0.0000,18.0000,1.6250,1.2938,9.1250
1064,11,0.0138,3.2727,0.0942,0.0105,1.1818,180.1091,18.0000,1.6364,0.7865,6.4545
1065,6,0.0014,3.0000,0.0431,0.0000,1.5000,332.7357,22.0000,1.5000,1.1477,12.3333
1066,4,0.0089,4.5000,0.0781,0.0008,1.2500,269.3078,25.0000,1.5000,2.0646,19.5000
1067,2,0.0103,6.5000,0.1676,0.0299,1.0000,0.0000,17.0000,1.5000,7.1579,38.0000
1068,7,0.0408,3.8571,0.1303,0.0079,1.0000,0.0000,21.1429,1.8571,0.9875,10.8571
1069,9,0.0356,4.4444,0.1212,0.0300,1.1111,38.3486,16.0000,2.2222,0.7076,8.2222
1070,4,0.0053,4.2500,0.0819,0.0000,1.0000,0.0000,20.0000,2.0000,2.1381,18.5000
1071,11,0.0270,4.0909,0.1182,0.0300,1.0909,57.4425,18.0000,1.8182,0.5742,6.6364
1072,6,0.0177,4.1667,0.1055,0.0170,1.0000,0.0000,16.1667,1.8333,1.4848,11.5000
1073,4,0.0107,2.2500,0.0955,0.0029,1.2500,150.4491,22.0000,1.2500,2.8671,16.5000
1074,10,0.0393,4.6000,0.1217,0.0301,1.1000,65.2165,17.0000,2.2000,0.8750,6.5000
1075,6,0.0143,4.8333,0.1083,0.0453,1.3333,165.3919,21.0000,1.6667,1.2739,11.1667
1076,8,0.0439,5.1250,0.1448,0.0353,1.2500,191.8390,22.0000,2.5000,1.1558,9.1250
1077,12,0.0161,3.5833,0.0719,0.0003,1.0000,0.0000,16.0833,2.0000,0.6195,6.0000
1078,5,0.0053,3.4000,0.0712,0.0012,1.2000,113.2332,21.0000,1.4000,1.4883,14.8000
1079,11,0.0303,3.3636,0.1030,0.0094,1.1818,131.7972,15.0000,1.6364,1.0655,6.1818
1080,7,0.0358,5.1429,0.1847,0.0061,1.0000,0.0000,17.1429,1.5714,1.9676,11.0000
1081,4,0.0079,3.7500,0.1114,0.0047,1.2500,152.3218,18.0000,1.0000,2.4392,19.5000
1082,14,0.0787,4.9286,0.1269,0.0382,1.0714,14.1867,11.0000,2.3571,0.4865,5.3571
1083,12,0.0341,4.6667,0.1119,0.0219,1.0833,61.9336,20.0000,2.1667,0.7094,6.6667
1084,9,0.0220,4.2222,0.1030,0.0255,1.2222,132.0810,20.2222,1.6667,0.7955,8.6667
1085,10,0.0407,3.7000,0.1661,0.0073,1.1000,30.7099,17.0000,2.0000,0.8700,7.4000
1086,9,0.0234,3.0000,0.0775,0.0016,1.4444,139.7502,21.0000,2.0000,0.8577,8.4444
1087,12,0.0350,3.5833,0.0989,0.0186,1.1667,79.5043,19.0000,1.8333,0.5277,5.5833
1088,7,0.0641,3.2857,0.1647,0.0162,1.0000,0.0000,18.1429,2.0000,1.3479,8.5714
1089,14,0.0203,3.2857,0.1025,0.0201,1.0000,0.0000,17.0714,1.4286,0.4484,5.0714
1090,4,0.0285,5.0000,0.1508,0.0328,1.2500,141.1884,21.2500,1.7500,2.5820,15.2500
1091,13,0.0174,2.9231,0.0851,0.0138,1.0769,64.5727,19.0769,1.5385,0.4637,4.7692
1092,8,0.0069,2.6250,0.0567,0.0000,1.0000,0.0000,20.0000,1.5000,0.7992,7.6250
1093,6,0.0161,3.5000,0.1116,0.0123,1.0000,0.0000,19.0000,1.5000,1.8079,10.0000
1094,5,0.0159,5.0000,0.0965,0.0398,1.2000,105.8721,18.0000,1.4000,1.7808,14.6000
1095,9,0.0198,3.1111,0.1106,0.0029,1.2222,186.0783,18.0000,1.5556,1.0494,9.0000
1096,12,0.0079,2.9167,0.0662,0.0011,1.1667,134.3972,12.0000,1.6667,0.8402,6.4167
1097,8,0.0048,2.5000,0.0741,0.0031,1.2500,128.9025,20.0000,1.2500,1.3201,9.6250
1098,8,0.0278,4.6250,0.1138,0.0328,1.1250,124.0574,18.0000,2.0000,1.2888,8.7500
1099,4,0.0203,4.5000,0.1233,0.0120,1.0000,0.0000,17.0000,1.2500,1.9660,18.0000
1100,8,0.0603,11.1250,0.2352,0.0773,1.0000,0.0000,17.0000,2.6250,1.7850,8.6250
1101,15,0.0044,2.6667,0.0540,0.0035,1.1333,43.7753,18.0000,1.5333,0.3190,4.5333
1102,12,0.0136,3.2500,0.0958,0.0201,1.2500,101.7107,18.0833,1.7500,0.5237,5.0833
1103,6,0.0124,3.8333,0.1042,0.0222,1.0000,0.0000,16.0000,1.6667,1.6508,11.1667
1104,5,0.0193,4.6000,0.1436,0.0289,1.2000,94.4904,13.0000,1.6000,2.1909,14.4000
1105,9,0.0379,4.3333,0.1256,0.0072,1.0000,0.0000,17.0000,2.1111,1.2114,8.5556
1106,5,0.0018,2.6000,0.0431,0.0000,1.0000,0.0000,18.0000,1.4000,1.5906,14.6000
1107,7,0.0050,3.8571,0.0803,0.0101,1.0000,0.0000,18.0000,1.1429,1.2520,10.2857
1108,3,0.0022,3.6667,0.0523,0.0000,1.0000,0.0000,18.0000,2.0000,4.1096,24.6667
1109,8,0.0136,6.0000,0.1107,0.0315,1.0000,0.0000,17.0000,1.5000,1.4330,10.7500
1110,12,0.0607,5.0000,0.0983,0.0396,1.1667,101.9210,18.0000,2.5833,0.5012,7.2500
1111,11,0.0210,5.7273,0.1447,0.0353,1.2727,106.2888,21.0000,1.6364,0.7760,7.1818
1112,7,0.0102,4.8571,0.0714,0.0266,1.1429,66.1865,27.0000,1.7143,1.0409,12.0000
1113,9,0.0248,4.0000,0.0865,0.0122,1.2222,113.6986,20.1111,2.0000,1.0101,8.5556
1114,2,0.0631,7.5000,0.1966,0.0463,1.0000,0.0000,23.0000,4.5000,4.0741,40.5000
1115,4,0.0222,5.0000,0.1161,0.0318,1.0000,0.0000,24.0000,2.2500,2.3920,20.2500
1116,8,0.0179,3.8750,0.1011,0.0042,1.0000,0.0000,17.0000,2.0000,1.2647,10.2500
1117,6,0.0180,6.1667,0.1486,0.0301,1.1667,62.2564,20.0000,1.8333,2.2046,13.3333
1118,5,0.0202,4.4000,0.1003,0.0102,1.2000,95.8951,18.0000,1.4000,1.7927,17.0000
1119,13,0.0127,2.9231,0.0602,0.0079,1.1538,93.2967,20.0000,1.8462,0.4127,5.9231
1120,7,0.0045,3.7143,0.0772,0.0179,1.1429,93.3988,23.1429,1.1429,0.9732,10.5714
1121,13,0.0145,2.7692,0.0847,0.0019,1.0769,58.1193,13.0000,1.3846,0.6235,5.8462
1122,11,0.0537,4.0000,0.1448,0.0205,1.1818,99.3965,20.2727,1.9091,0.7922,6.6364
1123,9,0.0131,4.7778,0.1081,0.0353,1.3333,188.0530,21.0000,1.3333,1.0079,8.2222
1124,7,0.0040,2.4286,0.0595,0.0046,1.1429,74.2130,18.0000,1.5714,1.1957,10.1429
1125,5,0.0030,3.2000,0.0532,0.0000,1.2000,114.6400,18.0000,1.6000,2.0896,13.6000
1126,9,0.0828,4.8889,0.1315,0.0363,1.1111,89.2262,14.0000,2.1111,1.0791,7.2222
1127,10,0.0254,4.3000,0.1182,0.0146,1.0000,0.0000,15.0000,1.6000,0.8666,7.9000
1128,11,0.0394,4.0909,0.1055,0.0019,1.1818,94.3023,17.2727,1.4545,0.7259,7.1818
1129,4,0.0040,4.7500,0.0886,0.0303,1.0000,0.0000,30.0000,1.0000,1.6495,21.0000
1130,5,0.0166,3.6000,0.1398,0.0051,1.2000,98.9118,14.0000,1.4000,2.3135,15.0000
1131,6,0.0050,3.0000,0.0668,0.0034,1.1667,133.4813,19.0000,1.5000,1.4152,12.6667
1132,7,0.0130,5.2857,0.0964,0.0303,1.2857,67.9516,18.0000,2.1429,1.3845,11.5714
1133,8,0.0349,5.0000,0.1241,0.0526,1.0000,0.0000,21.1250,2.0000,0.9955,9.3750
1134,12,0.1025,3.4167,0.1151,0.0045,1.0000,0.0000,16.0000,2.0000,0.7895,6.3333
1135,10,0.0024,3.0000,0.0458,0.0000,1.4000,235.0586,22.1000,1.3000,0.6793,7.8000
1136,4,0.0029,3.2500,0.0514,0.0000,1.0000,0.0000,23.2500,1.2500,2.3423,18.7500
1137,6,0.0282,4.1667,0.1482,0.0076,1.0000,0.0000,15.0000,1.8333,1.7262,11.1667
1138,3,0.0012,2.3333,0.0402,0.0000,1.0000,0.0000,17.0000,1.0000,3.1168,22.6667
1139,8,0.0034,3.5000,0.0640,0.0017,1.0000,0.0000,19.0000,1.5000,0.9960,8.8750
1140,13,0.0274,4.7692,0.1197,0.0357,1.2308,284.6538,16.0000,2.0769,0.6952,5.5385
1141,4,0.0010,2.2500,0.0343,0.0000,1.0000,0.0000,19.2500,1.0000,2.1119,18.2500
1142,12,0.0063,4.3333,0.0753,0.0276,1.0000,0.0000,20.0000,1.7500,0.5166,6.5833
1143,4,0.0022,3.7500,0.0607,0.0000,1.0000,0.0000,14.0000,1.2500,3.9649,19.0000
1144,6,0.0234,3.5000,0.1058,0.0097,1.1667,159.9024,17.0000,1.8333,1.5730,14.0000
1145,9,0.0179,4.1111,0.0987,0.0089,1.2222,261.9397,18.0000,1.6667,1.1810,9.1111
1146,14,0.0316,3.2857,0.0958,0.0009,1.1429,85.1915,15.0000,1.6429,0.5041,5.7143
1147,8,0.0242,4.2500,0.0978,0.0269,1.2500,61.6166,21.1250,1.7500,1.0901,9.3750
1148,2,0.0288,7.5000,0.1668,0.0712,1.0000,0.0000,16.0000,1.0000,5.4048,33.5000
1149,2,0.0004,2.0000,0.0278,0.0000,1.0000,0.0000,20.0000,1.0000,5.4224,36.5000
1150,3,0.0014,3.0000,0.0477,0.0000,1.0000,0.0000,20.0000,1.3333,2.5259,23.3333
1151,7,0.0308,3.7143,0.1116,0.0447,1.0000,0.0000,21.1429,1.8571,0.8586,9.8571
1152,9,0.0160,4.7778,0.1092,0.0341,1.1111,17.6364,18.0000,1.7778,1.1410,7.7778
1153,4,0.0136,2.2500,0.0976,0.0027,1.0000,0.0000,19.0000,1.2500,2.3077,16.5000
1154,4,0.0048,3.5000,0.0748,0.0068,1.2500,138.3708,18.0000,1.0000,2.6457,16.5000
1155,4,0.0009,2.7500,0.0351,0.0000,1.0000,0.0000,23.0000,1.2500,1.7117,20.7500
1156,9,0.0107,3.2222,0.0798,0.0021,1.2222,64.2234,18.0000,1.5556,0.8474,8.2222
1157,5,0.0045,4.6000,0.0879,0.0307,1.2000,223.4401,21.0000,1.0000,1.5818,14.0000
1158,10,0.0179,2.6000,0.0768,0.0003,1.0000,0.0000,22.1000,1.5000,0.9774,7.4000
1159,12,0.0096,3.4167,0.0670,0.0061,1.0833,22.5417,16.0833,1.5000,0.6937,6.2500
1160,9,0.0089,3.4444,0.0687,0.0206,1.4444,225.2061,20.0000,1.6667,0.5955,9.1111
1161,17,0.0259,3.1176,0.0904,0.0009,1.1765,110.5892,16.0000,1.9412,0.6404,4.7059
1162,8,0.0060,4.1250,0.0790,0.0194,1.0000,0.0000,20.0000,1.1250,0.9074,9.7500
1163,3,0.0020,4.0000,0.0551,0.0000,1.0000,0.0000,18.0000,1.6667,4.0556,25.6667
1164,2,0.0573,3.0000,0.1572,0.0062,1.0000,0.0000,19.0000,3.0000,4.3685,35.0000
1165,3,0.0014,2.6667,0.0437,0.0000,1.0000,0.0000,21.0000,1.3333,2.7270,24.3333
1166,5,0.0036,4.8000,0.0819,0.0288,1.2000,132.7788,18.0000,1.2000,2.0058,15.8000
1167,4,0.0023,3.0000,0.0468,0.0000,1.0000,0.0000,18.2500,1.5000,2.4911,19.7500
1168,13,0.0162,3.0769,0.0700,0.0011,1.0769,14.9864,15.0769,1.7692,0.5046,6.0000
1169,8,0.0094,3.1250,0.0789,0.0181,1.0000,0.0000,21.0000,1.5000,0.9877,8.5000
1170,6,0.0086,3.6667,0.1222,0.0097,1.1667,78.0851,18.0000,1.1667,1.6489,12.1667
1171,5,0.0110,3.2000,0.1049,0.0012,1.0000,0.0000,17.0000,1.4000,2.9296,14.2000
1172,12,0.0238,3.9167,0.1145,0.0239,1.1667,137.7781,17.0000,1.9167,0.6306,6.2500
1173,9,0.0406,4.5556,0.1090,0.0175,1.2222,187.4633,12.2222,2.1111,1.1204,8.1111
1174,7,0.0164,4.1429,0.0933,0.0029,1.2857,151.9544,15.0000,1.5714,1.0546,10.4286
1175,10,0.0071,2.8000,0.0600,0.0042,1.2000,125.2091,21.1000,1.6000,0.6829,6.7000
1176,4,0.0648,4.2500,0.1707,0.0034,1.0000,0.0000,20.2500,2.0000,3.2051,19.5000
1177,6,0.0375,4.0000,0.1423,0.0219,1.3333,161.2463,19.0000,1.8333,1.8170,12.8333
1178,5,0.0862,7.2000,0.1545,0.0674,1.0000,0.0000,20.0000,4.8000,1.4810,16.0000
1179,9,0.0260,3.5556,0.0898,0.0017,1.0000,0.0000,19.0000,1.8889,1.2605,9.4444
1180,6,0.0136,3.3333,0.1028,0.0010,1.1667,136.5065,21.0000,1.6667,2.4991,14.6667
1181,9,0.0713,5.7778,0.1733,0.0180,1.0000,0.0000,18.0000,2.0000,1.3694,9.4444
1182,10,0.0145,4.1000,0.0808,0.0171,1.2000,195.9471,25.0000,2.1000,0.8287,8.7000
1183,6,0.0505,6.3333,0.1134,0.0204,1.3333,260.9132,16.0000,3.6667,1.7716,13.6667
1184,10,0.0172,4.7000,0.1103,0.0112,1.1000,67.8402,20.0000,2.0000,0.8325,8.9000
1185,6,0.0221,4.6667,0.1553,0.0065,1.1667,235.9665,19.0000,1.5000,1.7284,13.5000
1186,7,0.0135,4.1429,0.1050,0.0182,1.0000,0.0000,14.0000,1.8571,1.2743,11.0000
1187,2,0.0004,2.0000,0.0263,0.0000,1.0000,0.0000,26.0000,1.0000,4.1524,38.5000
1188,3,0.0377,4.0000,0.1505,0.0089,1.0000,0.0000,16.0000,2.3333,4.9180,20.3333
1189,9,0.0592,5.0000,0.1392,0.0225,1.0000,0.0000,14.0000,1.8889,1.1042,8.0000
1190,9,0.0075,3.2222,0.0642,0.0036,1.0000,0.0000,20.1111,1.7778,0.7762,9.1111
1191,7,0.0059,4.8571,0.0845,0.0212,1.0000,0.0000,22.0000,1.2857,1.1067,11.5714
1192,9,0.0174,4.3333,0.0956,0.0263,1.1111,53.0600,21.0000,1.6667,0.5981,7.7778
1193,19,0.0101,3.5789,0.0750,0.0184,1.1053,120.2943,17.0000,1.7895,0.4130,3.7368
1194,8,0.0117,3.3750,0.0786,0.0020,1.1250,59.7267,19.0000,1.5000,1.4369,9.3750
1195,7,0.0201,3.0000,0.0843,0.0001,1.1429,121.6654,17.1429,1.4286,1.3694,10.7143
1196,9,0.0709,4.0000,0.1229,0.0314,1.0000,0.0000,17.0000,2.0000,0.7474,8.6667
1197,10,0.0072,3.2000,0.0718,0.0032,1.1000,103.4395,16.0000,1.8000,0.7743,7.0000
1198,12,0.0156,3.0000,0.0880,0.0092,1.0833,56.5053,21.0833,1.5000,0.7205,6.0000
1199,3,0.0062,7.0000,0.1075,0.0584,1.0000,0.0000,22.0000,1.0000,3.5335,23.3333
1200,9,0.0127,3.5556,0.0815,0.0198,1.0000,0.0000,21.1111,1.8889,0.7511,7.3333
1201,8,0.0188,3.2500,0.1095,0.0480,1.3750,249.0698,15.0000,1.7500,1.0417,6.1250
1202,2,0.0024,3.0000,0.0732,0.0000,1.0000,0.0000,17.0000,1.0000,3.3682,21.0000
1203,3,0.0057,2.6667,0.0896,0.0000,1.3333,207.8992,18.0000,1.3333,2.7332,11.3333
1204,1,0.0966,9.0000,0.3151,0.3278,1.0000,0.0000,18.0000,6.0000,9.0756,35.0000
1205,4,0.0527,4.7500,0.1794,0.1718,1.0000,0.0000,15.0000,2.5000,2.1169,8.0000
1206,0,0.0000,0.0000,0.0000,0.0000,0.0000,0.0000,0.0000,0.0000
1207,4,0.0106,3.0000,0.1227,0.1461,1.0000,0.0000,13.0000,1.2500,1.5394,7.2500
1208,2,0.0152,5.0000,0.1852,0.2300,1.5000,665.2565,13.5000,1.0000,3.4392,14.0000
1209,1,0.0031,2.0000,0.0769,0.0000,1.0000,0.0000,18.0000,1.0000,3.9886,27.0000
1210,4,0.0725,4.0000,0.2131,0.1866,1.0000,0.0000,10.0000,2.0000,2.5833,6.2500
1211,2,0.0218,4.0000,0.1778,0.2057,1.0000,0.0000,15.0000,1.5000,4.0860,15.5000
1212,2,0.0477,2.5000,0.2069,0.0390,1.5000,145.0564,14.0000,1.5000,6.6952,13.5000
1213,3,0.0379,4.0000,0.1862,0.1165,1.3333,119.7016,17.0000,2.0000,2.5806,10.3333
1214,1,0.0256,4.0000,0.1764,0.1932,1.0000,0.0000,17.0000,1.0000,7.4074,28.0000
1215,1,0.0492,7.0000,0.2735,0.5000,1.0000,0.0000,12.0000,4.0000,9.1168,27.0000
1216,3,0.0777,6.3333,0.3098,0.1502,1.0000,0.0000,12.0000,2.0000,5.6650,9.6667
1217,2,0.0028,2.0000,0.0741,0.0000,1.0000,0.0000,16.0000,1.0000,3.8360,14.0000
1218,3,0.0218,2.6667,0.1262,0.1985,1.0000,0.0000,18.0000,2.0000,1.3228,9.3333
1219,2,0.0057,2.0000,0.0833,0.0000,1.0000,0.0000,11.0000,1.0000,4.8942,14.0000
1220,5,0.0215,2.6000,0.1213,0.0437,1.0000,0.0000,11.0000,1.2000,1.5385,5.4000
1221,1,0.0143,3.0000,0.1524,0.4747,1.0000,0.0000,13.0000,1.0000,6.0606,22.0000
1222,2,0.0257,3.0000,0.1690,0.0000,1.0000,0.0000,9.0000,1.5000,5.9783,12.0000
1223,3,0.0675,3.6667,0.2486,0.0610,1.0000,0.0000,14.0000,1.6667,5.4187,9.6667
1224,0,0.0000,0.0000,0.0000,0.0000,0.0000,0.0000,0.0000,0.0000
1225,0,0.0000,0.0000,0.0000,0.0000,0.0000,0.0000,0.0000,0.0000
1226,5,0.0037,2.0000,0.0750,0.0000,1.0000,0.0000,17.0000,1.0000,0.6897,5.8000
1227,4,0.0742,3.5000,0.1850,0.1936,1.2500,65.2932,10.2500,2.0000,1.9231,6.5000
1228,2,0.0427,5.0000,0.2636,0.2156,1.0000,0.0000,12.0000,1.5000,5.0493,14.5000
1229,1,0.0053,3.0000,0.1071,0.0000,1.0000,0.0000,12.0000,1.0000,8.3744,29.0000
1230,2,0.0026,2.0000,0.0714,0.0000,1.0000,0.0000,20.0000,1.0000,1.3547,14.5000
1231,0,0.0000,0.0000,0.0000,0.0000,0.0000,0.0000,0.0000,0.0000
1232,3,0.0123,2.6667,0.1340,0.0828,1.0000,0.0000,11.0000,1.0000,2.7540,9.0000
1233,0,0.0000,0.0000,0.0000,0.0000,0.0000,0.0000,0.0000,0.0000
1234,6,0.0122,2.6667,0.1167,0.1728,1.0000,0.0000,13.0000,1.3333,0.8718,4.3333
1235,6,0.0513,3.5000,0.2103,0.1017,1.0000,0.0000,8.0000,1.3333,2.5692,3.8333
1236,0,0.0000,0.0000,0.0000,0.0000,0.0000,0.0000,0.0000,0.0000
1237,1,0.0185,4.0000,0.1538,0.0000,1.0000,0.0000,19.0000,1.0000,4.8433,27.0000
1238,1,0.0033,2.0000,0.0800,0.0000,1.0000,0.0000,17.0000,1.0000,8.6154,26.0000
1239,2,0.0028,2.0000,0.0741,0.0000,1.0000,0.0000,16.0000,1.0000,2.7778,14.0000
1240,4,0.0346,3.5000,0.1912,0.2938,1.0000,0.0000,14.2500,1.2500,1.3587,6.0000
1241,1,0.0456,4.0000,0.2179,0.1184,1.0000,0.0000,16.0000,2.0000,8.4656,28.0000
1242,1,0.0031,2.0000,0.0769,0.0000,2.0000,728.7759,13.0000,1.0000,7.9772,27.0000
1243,4,0.0535,4.2500,0.2050,0.1862,1.0000,0.0000,12.2500,1.7500,2.2177,8.0000
1244,4,0.0236,3.5000,0.1372,0.1281,1.0000,0.0000,15.0000,1.7500,1.6129,7.7500
1245,0,0.0000,0.0000,0.0000,0.0000,0.0000,0.0000,0.0000,0.0000
1246,3,0.0101,3.6667,0.1156,0.1124,1.3333,202.9628,19.3333,1.3333,1.5449,11.3333
1247,2,0.0229,4.0000,0.1613,0.1211,1.0000,0.0000,16.0000,1.5000,4.0323,16.0000
1248,2,0.0739,6.5000,0.2628,0.1427,1.0000,0.0000,12.0000,1.5000,5.7471,15.0000
1249,2,0.0407,4.0000,0.1869,0.1853,1.0000,0.0000,16.0000,1.5000,3.9216,17.0000
1250,3,0.0275,4.3333,0.1783,0.0934,1.0000,0.0000,12.0000,1.0000,3.4462,11.3333
1251,6,0.0254,3.6667,0.1522,0.1048,1.1667,85.9166,12.0000,1.8333,1.1761,5.3333
1252,3,0.0157,4.3333,0.1507,0.1535,1.0000,0.0000,14.0000,1.3333,2.2222,10.0000
1253,5,0.0185,2.6000,0.1191,0.2196,1.0000,0.0000,17.2000,1.0000,0.7407,5.4000
1254,2,0.0370,5.0000,0.2351,0.2250,1.0000,0.0000,14.0000,1.5000,4.6798,14.5000
1255,2,0.0050,2.5000,0.1000,0.0000,1.0000,0.0000,14.0000,1.0000,4.3077,13.0000
1256,4,0.0398,4.2500,0.1926,0.2500,1.0000,0.0000,17.0000,1.7500,1.3609,8.0000
1257,1,0.0123,4.0000,0.1500,0.3584,1.0000,0.0000,17.0000,1.0000,5.1613,31.0000
1258,5,0.0320,4.2000,0.1729,0.1574,1.0000,0.0000,17.0000,1.8000,1.3445,7.0000
1259,3,0.0087,2.3333,0.1081,0.0285,1.0000,0.0000,20.0000,1.0000,2.7146,11.0000
1260,4,0.0121,3.0000,0.1164,0.1187,1.2500,269.4630,12.2500,1.0000,1.6572,8.2500
1261,5,0.0511,3.2000,0.1749,0.1273,1.6000,339.3086,13.0000,1.6000,1.3333,6.0000
1262,3,0.0622,4.6667,0.2299,0.1573,1.6667,184.5167,14.0000,2.0000,3.2841,9.6667
1263,0,0.0000,0.0000,0.0000,0.0000,0.0000,0.0000,0.0000,0.0000
1264,1,0.0205,4.0000,0.1905,0.2275,1.0000,0.0000,15.0000,1.0000,6.8966,29.0000
1265,2,0.1133,6.5000,0.3298,0.1696,1.0000,0.0000,14.0000,2.5000,6.4368,15.0000
1266,1,0.0028,2.0000,0.0741,0.0000,1.0000,0.0000,16.0000,1.0000,7.9365,28.0000
1267,1,0.0258,7.0000,0.2726,0.3147,1.0000,0.0000,15.0000,1.0000,9.2742,32.0000
1268,0,0.0000,0.0000,0.0000,0.0000,0.0000,0.0000,0.0000,0.0000
1269,4,0.0267,3.0000,0.1463,0.0033,1.0000,0.0000,12.0000,1.5000,2.6989,8.2500
1270,1,0.0202,3.0000,0.1990,0.0634,1.0000,0.0000,16.0000,1.0000,9.4697,33.0000
1271,2,0.0261,6.0000,0.2286,0.4095,1.0000,0.0000,14.0000,1.5000,4.3103,14.5000
1272,2,0.0251,6.5000,0.2413,0.4180,1.0000,0.0000,18.0000,1.5000,2.8325,14.5000
1273,1,0.0058,2.0000,0.1053,0.0000,1.0000,0.0000,10.0000,1.0000,14.7368,20.0000
1274,4,0.0145,2.2500,0.1296,0.2366,1.0000,0.0000,14.0000,1.2500,1.0714,5.2500
1275,1,0.0058,2.0000,0.1053,0.0000,1.0000,0.0000,12.0000,1.0000,6.8421,20.0000
1276,5,0.0495,2.6000,0.1648,0.1168,1.2000,139.5615,11.0000,1.6000,1.5584,4.4000
1277,1,0.0053,3.0000,0.1071,0.0000,1.0000,0.0000,14.0000,1.0000,11.3300,29.0000
1278,5,0.0780,6.0000,0.2903,0.1636,1.2000,89.6710,9.2000,1.4000,2.6667,6.2000
1279,3,0.0222,4.0000,0.1506,0.1426,1.3333,192.0835,13.0000,1.3333,2.7957,10.3333
1280,1,0.0123,3.0000,0.1241,0.2807,1.0000,0.0000,18.0000,1.0000,4.5977,30.0000
1281,3,0.0057,2.3333,0.0926,0.0000,1.0000,0.0000,14.0000,1.0000,2.8219,9.3333
1282,1,0.0031,2.0000,0.0769,0.0000,1.0000,0.0000,18.0000,1.0000,4.5584,27.0000
1283,1,0.0026,2.0000,0.0714,0.0000,1.0000,0.0000,16.0000,1.0000,7.1429,29.0000
1284,4,0.0351,2.5000,0.1507,0.0448,1.0000,0.0000,14.0000,1.5000,2.4631,7.2500
1285,1,0.0443,9.0000,0.3210,0.3117,1.0000,0.0000,18.0000,2.0000,9.8851,30.0000
1286,3,0.0141,2.6667,0.1450,0.0289,1.0000,0.0000,11.0000,1.0000,5.4187,9.6667
1287,0,0.0000,0.0000,0.0000,0.0000,0.0000,0.0000,0.0000,0.0000
1288,0,0.0000,0.0000,0.0000,0.0000,0.0000,0.0000,0.0000,0.0000
1289,1,0.0242,3.0000,0.1704,0.0449,1.0000,0.0000,16.0000,1.0000,10.6061,33.0000
1290,1,0.0016,2.0000,0.0556,0.0000,1.0000,0.0000,19.0000,1.0000,10.5105,37.0000
1291,2,0.0445,4.5000,0.1688,0.2541,1.0000,0.0000,20.0000,2.5000,2.4064,17.0000
1292,4,0.0034,2.0000,0.0708,0.0000,1.2500,149.5133,14.0000,1.0000,2.2043,7.7500
1293,1,0.0759,5.0000,0.2513,0.1814,1.0000,0.0000,16.0000,3.0000,8.6022,31.0000
1294,3,0.0107,2.6667,0.1053,0.4685,1.3333,335.2287,23.0000,1.3333,0.7168,10.3333
1295,1,0.0157,5.0000,0.2083,0.4963,1.0000,0.0000,19.0000,1.0000,4.0000,25.0000
1296,2,0.0300,4.0000,0.1906,0.3107,1.5000,63.7721,15.0000,1.5000,2.7692,13.0000
1297,1,0.0215,4.0000,0.2051,0.2076,1.0000,0.0000,18.0000,1.0000,7.1225,27.0000
1298,0,0.0000,0.0000,0.0000,0.0000,0.0000,0.0000,0.0000,0.0000
1299,1,0.0031,2.0000,0.0769,0.0000,1.0000,0.0000,17.0000,1.0000,9.9715,27.0000
1300,2,0.0133,2.5000,0.1253,0.1208,1.0000,0.0000,14.0000,1.0000,3.0769,13.0000
1301,1,0.0062,3.0000,0.1154,0.6116,1.0000,0.0000,19.0000,1.0000,2.8490,27.0000
1302,0,0.0000,0.0000,0.0000,0.0000,0.0000,0.0000,0.0000,0.0000
1303,4,0.0117,2.5000,0.1055,0.0429,1.0000,0.0000,13.0000,1.2500,1.8966,7.5000
1304,3,0.0233,3.3333,0.1443,0.1919,1.0000,0.0000,12.0000,1.3333,2.2564,8.6667
1305,3,0.0624,3.6667,0.1850,0.1239,1.3333,140.2703,14.0000,2.3333,2.5287,10.0000
1306,3,0.0117,4.0000,0.1615,0.1301,1.0000,0.0000,13.0000,1.0000,3.0769,8.6667
1307,2,0.0046,3.0000,0.1000,0.0000,1.0000,0.0000,18.0000,1.0000,2.3656,15.5000
1308,3,0.0379,3.6667,0.1783,0.3068,1.0000,0.0000,16.0000,2.0000,1.8062,9.6667
1309,1,0.0057,3.0000,0.1111,0.0000,1.0000,0.0000,13.0000,1.0000,14.0212,28.0000
1310,3,0.0141,4.0000,0.1547,0.1297,1.0000,0.0000,14.0000,1.3333,2.6820,10.0000
1311,0,0.0000,0.0000,0.0000,0.0000,0.0000,0.0000,0.0000,0.0000
1312,2,0.0128,3.0000,0.1370,0.0961,1.0000,0.0000,16.0000,1.0000,3.9683,14.0000
1313,3,0.0408,4.3333,0.1854,0.1203,1.0000,0.0000,12.0000,1.6667,4.1446,9.3333
1314,2,0.0199,4.0000,0.1823,0.3808,1.0000,0.0000,15.0000,1.0000,2.9101,14.0000
1315,7,0.0944,3.0000,0.1799,0.1867,1.0000,0.0000,12.0000,2.1429,0.9826,4.0000
1316,0,0.0000,0.0000,0.0000,0.0000,0.0000,0.0000,0.0000,0.0000
1317,2,0.0468,3.0000,0.1771,0.0269,1.0000,0.0000,14.0000,1.5000,4.5378,17.5000
1318,4,0.0759,5.7500,0.3102,0.1394,1.0000,0.0000,9.0000,2.0000,4.1379,7.5000
1319,2,0.0040,2.0000,0.0703,0.0000,1.0000,0.0000,18.0000,1.0000,2.8409,16.5000
1320,3,0.0416,4.0000,0.1877,0.1931,1.0000,0.0000,13.0000,2.0000,3.0914,10.6667
1321,2,0.0062,3.0000,0.1015,0.1214,1.5000,139.0907,19.0000,1.0000,2.6050,17.5000
1322,0,0.0000,0.0000,0.0000,0.0000,0.0000,0.0000,0.0000,0.0000
1323,2,0.0213,4.0000,0.1621,0.0697,1.0000,0.0000,14.0000,1.0000,4.9395,16.0000
1324,2,0.0159,3.5000,0.1582,0.0767,1.0000,0.0000,15.0000,1.0000,5.4187,14.5000
1325,5,0.1195,4.8000,0.2298,0.0876,1.0000,0.0000,10.0000,3.0000,2.3448,6.0000
1326,2,0.0277,3.0000,0.1877,0.1351,1.0000,0.0000,14.0000,1.0000,4.1311,13.5000
1327,6,0.0897,3.1667,0.1790,0.1127,1.0000,0.0000,13.3333,1.6667,1.1470,5.1667
1328,2,0.0291,3.0000,0.1561,0.1876,1.0000,0.0000,14.0000,1.5000,3.6946,14.5000
1329,4,0.0115,3.2500,0.1333,0.1156,1.0000,0.0000,15.5000,1.0000,1.3533,6.7500
1330,0,0.0000,0.0000,0.0000,0.0000,0.0000,0.0000,0.0000,0.0000
1331,0,0.0000,0.0000,0.0000,0.0000,0.0000,0.0000,0.0000,0.0000
1332,0,0.0000,0.0000,0.0000,0.0000,0.0000,0.0000,0.0000,0.0000
1333,3,0.0323,4.3333,0.1674,0.2447,1.0000,0.0000,18.0000,2.6667,1.7677,11.0000
1334,3,0.0870,6.0000,0.2850,0.2187,1.0000,0.0000,11.0000,2.3333,3.8314,10.0000
1335,4,0.0178,4.7500,0.1678,0.1730,1.2500,37.6203,14.0000,1.7500,1.9892,7.7500
1336,3,0.0082,2.0000,0.0832,0.0000,1.0000,0.0000,14.0000,1.3333,3.3716,10.0000
1337,4,0.0190,3.0000,0.1192,0.3243,1.0000,0.0000,19.0000,1.7500,0.9140,7.7500
1338,2,0.0344,4.5000,0.1951,0.2324,1.5000,160.5909,14.0000,2.0000,3.8333,12.5000
1339,1,0.0632,6.0000,0.2783,0.4884,1.0000,0.0000,15.0000,3.0000,6.8841,24.0000
1340,4,0.1345,4.7500,0.2278,0.0762,1.0000,0.0000,11.0000,3.2500,3.3333,7.7500
1341,3,0.0259,2.3333,0.1464,0.0144,1.0000,0.0000,17.0000,1.3333,4.0998,11.3333
1342,3,0.0188,2.3333,0.1073,0.1597,1.0000,0.0000,20.0000,1.6667,1.1995,11.0000
1343,4,0.0177,3.0000,0.1358,0.0970,1.0000,0.0000,17.0000,1.5000,1.4617,8.0000
1344,6,0.0204,2.5000,0.1204,0.0000,1.0000,0.0000,17.0000,1.5000,0.7728,5.3333
1345,2,0.0702,5.5000,0.2324,0.1908,1.0000,0.0000,13.0000,2.5000,4.9425,15.0000
1346,1,0.0423,6.0000,0.2232,0.3070,1.0000,0.0000,18.0000,3.0000,6.2500,33.0000
1347,3,0.0212,4.3333,0.1689,0.2184,1.0000,0.0000,15.0000,1.3333,2.2167,9.6667
1348,1,0.0033,2.0000,0.0800,0.0000,1.0000,0.0000,14.0000,1.0000,9.5385,26.0000
1349,3,0.0574,3.0000,0.1948,0.0560,1.0000,0.0000,15.0000,1.6667,2.8490,9.0000
1350,1,0.0172,5.0000,0.2006,0.2442,1.0000,0.0000,19.0000,1.0000,6.8966,30.0000
1351,2,0.0417,4.0000,0.1832,0.2957,1.0000,0.0000,16.0000,3.0000,3.0788,14.5000
1352,2,0.0583,5.5000,0.2386,0.3365,1.0000,0.0000,14.0000,2.0000,3.5385,13.0000
1353,0,0.0000,0.0000,0.0000,0.0000,0.0000,0.0000,0.0000,0.0000
1354,3,0.0082,3.0000,0.1063,0.2978,1.0000,0.0000,19.0000,1.0000,1.2261,10.0000
1355,2,0.0308,3.5000,0.1618,0.1059,1.0000,0.0000,11.5000,1.5000,4.0000,12.5000
1356,0,0.0000,0.0000,0.0000,0.0000,0.0000,0.0000,0.0000,0.0000
1357,2,0.0431,3.5000,0.2087,0.1553,1.0000,0.0000,15.0000,1.5000,4.1311,13.5000
1358,2,0.0132,3.0000,0.1473,0.0744,1.5000,150.4792,15.0000,1.0000,5.1724,14.5000
1359,6,0.0587,4.1667,0.2244,0.1281,1.0000,0.0000,11.0000,1.5000,1.8391,5.0000
1360,0,0.0000,0.0000,0.0000,0.0000,0.0000,0.0000,0.0000,0.0000
1361,2,0.0368,4.5000,0.2153,0.0652,1.0000,0.0000,13.0000,1.0000,4.3347,16.0000
1362,1,0.0212,5.0000,0.2225,0.2461,1.0000,0.0000,20.0000,1.0000,6.8966,29.0000
1363,4,0.0750,3.5000,0.2763,0.1322,1.0000,0.0000,9.0000,1.2500,3.5714,5.5000
1364,4,0.1182,2.7500,0.1781,0.0644,1.2500,84.9213,14.0000,2.0000,1.9841,7.0000
1365,0,0.0000,0.0000,0.0000,0.0000,0.0000,0.0000,0.0000,0.0000
1366,8,0.0099,2.5000,0.1005,0.0544,1.0000,0.0000,13.0000,1.3750,0.7812,4.0000
1367,4,0.0086,2.5000,0.0983,0.1035,1.5000,405.1177,15.0000,1.2500,1.3218,7.5000
1368,6,0.0477,3.0000,0.1517,0.1295,1.0000,0.0000,13.0000,1.5000,1.0921,4.5000
1369,3,0.0222,3.0000,0.1385,0.1066,1.3333,135.8275,15.0000,1.3333,1.9157,10.0000
1370,2,0.0298,6.0000,0.2681,0.2889,1.0000,0.0000,14.0000,1.0000,4.8433,13.5000
1371,1,0.0028,2.0000,0.0741,0.0000,1.0000,0.0000,14.0000,1.0000,6.6138,28.0000
1372,1,0.0254,6.0000,0.2667,0.3282,1.0000,0.0000,14.0000,1.0000,9.3333,25.0000
1373,4,0.1168,3.7500,0.1975,0.1083,1.2500,180.0386,11.0000,2.5000,2.5132,7.0000
1374,6,0.0216,3.5000,0.1459,0.1749,1.1667,36.2203,12.0000,1.3333,1.1111,5.0000
1375,1,0.0057,3.0000,0.1111,0.0000,1.0000,0.0000,16.0000,1.0000,7.9365,28.0000
1376,2,0.0233,3.0000,0.1588,0.0847,1.0000,0.0000,10.0000,1.0000,4.9231,13.0000
1377,6,0.0503,2.6667,0.1365,0.3034,1.1667,145.9472,16.1667,1.6667,0.6568,4.8333
1378,2,0.0530,3.5000,0.1892,0.0564,1.0000,0.0000,14.0000,2.0000,4.9425,15.0000
1379,3,0.0355,5.6667,0.1903,0.0971,1.3333,422.5683,9.0000,2.0000,5.3091,10.6667
1380,7,0.0298,2.2857,0.1022,0.0000,1.2857,78.3167,16.1429,1.7143,0.6048,4.5714
1381,2,0.0399,3.0000,0.2009,0.0932,1.5000,363.3419,16.0000,1.5000,4.4974,14.0000
1382,3,0.0344,2.6667,0.1453,0.0325,1.0000,0.0000,16.0000,2.0000,3.0242,10.6667
1383,2,0.0356,3.5000,0.1437,0.1595,1.0000,0.0000,12.0000,2.0000,3.7037,14.0000
1384,1,0.0145,5.0000,0.2083,0.4623,1.0000,0.0000,17.0000,1.0000,5.3333,25.0000
1385,3,0.0132,3.0000,0.1411,0.3377,1.0000,0.0000,16.0000,1.0000,1.3285,8.0000
1386,4,0.0335,2.5000,0.1620,0.0604,1.0000,0.0000,12.0000,1.2500,2.4471,7.0000
1387,4,0.0126,2.7500,0.1159,0.0698,1.0000,0.0000,16.0000,1.2500,1.5152,8.2500
1388,0,0.0000,0.0000,0.0000,0.0000,0.0000,0.0000,0.0000,0.0000
1389,3,0.0085,4.0000,0.1481,0.1283,1.0000,0.0000,15.0000,1.0000,2.6455,9.3333
1390,2,0.0338,3.5000,0.2018,0.1557,1.0000,0.0000,16.0000,1.5000,3.9886,13.5000
1391,5,0.0520,2.6000,0.1551,0.1054,1.4000,161.9056,11.2000,1.6000,1.3538,5.2000
1392,2,0.0183,4.5000,0.1829,0.2230,1.0000,0.0000,16.0000,1.5000,3.0769,13.0000
1393,4,0.0192,3.2500,0.1410,0.0765,1.2500,105.8502,13.0000,1.5000,1.6626,7.2500
1394,3,0.0079,3.3333,0.1230,0.3372,1.0000,0.0000,19.0000,1.0000,1.2315,9.6667
1395,3,0.0476,3.0000,0.1593,0.1061,1.0000,0.0000,15.0000,2.0000,2.1346,9.6667
1396,0,0.0000,0.0000,0.0000,0.0000,0.0000,0.0000,0.0000,0.0000
1397,2,0.0085,3.0000,0.1185,0.0000,1.0000,0.0000,14.0000,1.0000,4.6296,14.0000
1398,1,0.0025,2.0000,0.0690,0.0000,1.0000,0.0000,18.0000,1.0000,5.5172,30.0000
1399,1,0.0025,2.0000,0.0690,0.0000,1.0000,0.0000,17.0000,1.0000,13.1034,30.0000
1400,4,0.0554,5.7500,0.2532,0.1614,1.0000,0.0000,11.0000,2.0000,3.2020,7.2500
1401,5,0.0146,3.0000,0.1164,0.1234,1.0000,0.0000,17.2000,1.4000,0.9274,6.4000
1402,0,0.0000,0.0000,0.0000,0.0000,0.0000,0.0000,0.0000,0.0000
1403,3,0.0575,5.3333,0.2550,0.1860,1.3333,169.6196,12.0000,2.0000,3.9080,10.0000
1404,3,0.0175,3.0000,0.1163,0.2695,1.0000,0.0000,21.0000,2.3333,1.1364,11.0000
1405,10,0.1643,2.7000,0.1485,0.0598,1.2000,66.0422,8.1000,1.9000,0.8374,2.9000
1406,2,0.0119,2.5000,0.1208,0.0531,1.0000,0.0000,18.0000,1.0000,3.6946,14.5000
1407,4,0.0494,4.2500,0.1847,0.2304,1.0000,0.0000,15.0000,2.0000,1.6092,7.5000
1408,1,0.0260,6.0000,0.2500,0.3336,1.0000,0.0000,18.0000,1.0000,6.8783,28.0000
1409,0,0.0000,0.0000,0.0000,0.0000,0.0000,0.0000,0.0000,0.0000
1410,2,0.0031,2.0000,0.0769,0.0000,1.0000,0.0000,20.0000,1.0000,1.5670,13.5000
1411,2,0.0346,3.0000,0.1909,0.2721,1.0000,0.0000,14.0000,1.5000,3.1621,11.5000
1412,3,0.0595,3.0000,0.1833,0.0463,1.0000,0.0000,12.0000,2.0000,4.0836,9.0000
1413,1,0.0484,6.0000,0.2269,0.1399,1.0000,0.0000,14.0000,2.0000,9.2803,33.0000
1414,6,0.0272,3.3333,0.1629,0.0807,1.0000,0.0000,12.0000,1.1667,1.5121,5.3333
1415,0,0.0000,0.0000,0.0000,0.0000,0.0000,0.0000,0.0000,0.0000
1416,4,0.0133,3.0000,0.1374,0.1461,1.0000,0.0000,12.0000,1.2500,1.9231,6.5000
1417,4,0.0845,3.5000,0.1953,0.0367,1.2500,90.6549,7.0000,2.2500,3.2635,7.2500
1418,1,0.0019,2.0000,0.0606,0.0000,1.0000,0.0000,14.0000,1.0000,17.6471,34.0000
1419,3,0.0553,6.3333,0.2328,0.2134,1.3333,79.6094,17.0000,2.0000,2.4656,12.6667
1420,4,0.0052,2.0000,0.0700,0.0001,1.0000,0.0000,20.0000,1.2500,0.7576,8.5000
1421,0,0.0000,0.0000,0.0000,0.0000,0.0000,0.0000,0.0000,0.0000
1422,1,0.0429,5.0000,0.2449,0.5424,1.0000,0.0000,15.0000,3.0000,5.6277,22.0000
1423,4,0.0208,2.5000,0.1168,0.3073,1.2500,187.0394,17.2500,1.7500,0.9259,6.7500
1424,0,0.0000,0.0000,0.0000,0.0000,0.0000,0.0000,0.0000,0.0000
1425,0,0.0000,0.0000,0.0000,0.0000,0.0000,0.0000,0.0000,0.0000
1426,0,0.0000,0.0000,0.0000,0.0000,0.0000,0.0000,0.0000,0.0000
1427,2,0.0079,4.0000,0.1429,0.2091,1.0000,0.0000,19.0000,1.0000,2.5862,14.5000
1428,4,0.0138,2.5000,0.1129,0.0944,1.0000,0.0000,16.0000,1.5000,1.2108,6.7500
1429,2,0.0259,4.5000,0.1614,0.2293,1.0000,0.0000,16.0000,2.5000,3.2184,15.0000
1430,2,0.0410,3.0000,0.1785,0.1064,1.0000,0.0000,16.0000,1.5000,3.5714,14.5000
1431,0,0.0000,0.0000,0.0000,0.0000,0.0000,0.0000,0.0000,0.0000
1432,3,0.0952,4.3333,0.2427,0.1387,1.0000,0.0000,15.0000,2.6667,2.6273,9.6667
1433,2,0.0171,3.5000,0.1733,0.0915,1.0000,0.0000,12.0000,1.0000,6.1538,13.0000
1434,2,0.0670,3.5000,0.2143,0.1789,1.0000,0.0000,16.5000,1.5000,2.8333,12.5000
1435,2,0.0053,2.0000,0.0804,0.0000,1.0000,0.0000,17.0000,1.0000,3.6946,14.5000
1436,3,0.0199,3.0000,0.1158,0.3426,1.0000,0.0000,17.0000,1.6667,1.4337,10.3333
1437,5,0.0584,3.4000,0.1592,0.1379,1.2000,77.3789,13.0000,2.2000,1.3763,6.2000
1438,0,0.0000,0.0000,0.0000,0.0000,0.0000,0.0000,0.0000,0.0000
1439,3,0.0071,3.3333,0.1214,0.1745,1.0000,0.0000,18.0000,1.0000,1.4778,9.6667
1440,2,0.0085,4.0000,0.1481,0.2091,1.0000,0.0000,18.0000,1.0000,2.9101,14.0000
