tempo,quantidadePAs,betweenness,degree,closeness,eigenvector,lifespan,mobility,fragmentationImpact,k_connectivity,density,number_of_cars
0,0,0.0000,0.0000,0.0000,0.0000,0.0000,0.0000,0.0000,0.0000
1,0,0.0000,0.0000,0.0000,0.0000,0.0000,0.0000,0.0000,0.0000
2,0,0.0000,0.0000,0.0000,0.0000,0.0000,0.0000,0.0000,0.0000
3,0,0.0000,0.0000,0.0000,0.0000,0.0000,0.0000,0.0000,0.0000
4,0,0.0000,0.0000,0.0000,0.0000,0.0000,0.0000,0.0000,0.0000
5,0,0.0000,0.0000,0.0000,0.0000,0.0000,0.0000,0.0000,0.0000
6,1,0.0033,2.0000,0.0800,0.0000,1.0000,0.0000,1.0000,0.0000,6.1538,26.0000
7,1,0.0033,2.0000,0.0800,0.0000,1.0000,0.0000,1.0000,0.0000,6.1538,26.0000
8,2,0.0026,2.0000,0.0714,0.0000,1.0000,0.0000,1.0000,0.0000,5.1724,29.0000
9,2,0.0026,2.0000,0.0714,0.0000,1.0000,0.0000,1.0000,0.0000,5.1724,29.0000
10,5,0.0223,2.8000,0.1226,0.2881,1.0000,0.0000,1.0000,0.0000,3.2258,31.0000
11,5,0.0223,2.8000,0.1226,0.2881,1.0000,0.0000,1.0000,0.0000,3.2258,31.0000
12,0,0.0000,0.0000,0.0000,0.0000,0.0000,0.0000,0.0000,0.0000
13,0,0.0000,0.0000,0.0000,0.0000,0.0000,0.0000,0.0000,0.0000
14,1,0.0026,2.0000,0.0714,0.0000,1.0000,0.0000,1.0000,0.0000,2.9557,29.0000
15,1,0.0026,2.0000,0.0714,0.0000,1.0000,0.0000,1.0000,0.0000,2.9557,29.0000
16,0,0.0000,0.0000,0.0000,0.0000,0.0000,0.0000,0.0000,0.0000
17,0,0.0000,0.0000,0.0000,0.0000,0.0000,0.0000,0.0000,0.0000
18,0,0.0000,0.0000,0.0000,0.0000,0.0000,0.0000,0.0000,0.0000
19,0,0.0000,0.0000,0.0000,0.0000,0.0000,0.0000,0.0000,0.0000
20,2,0.0553,3.5000,0.2087,0.2205,1.0000,0.0000,1.5000,0.0000,6.5217,24.0000
21,2,0.0553,3.5000,0.2087,0.2205,1.0000,0.0000,1.5000,0.0000,6.5217,24.0000
22,1,0.0026,2.0000,0.0714,0.0000,1.0000,0.0000,1.0000,0.0000,2.4631,29.0000
23,1,0.0026,2.0000,0.0714,0.0000,1.0000,0.0000,1.0000,0.0000,2.4631,29.0000
24,0,0.0000,0.0000,0.0000,0.0000,0.0000,0.0000,0.0000,0.0000
25,0,0.0000,0.0000,0.0000,0.0000,0.0000,0.0000,0.0000,0.0000
26,3,0.0411,3.0000,0.1473,0.1358,1.0000,0.0000,1.0000,0.0000,5.5172,30.0000
27,3,0.0411,3.0000,0.1473,0.1358,1.0000,0.0000,1.0000,0.0000,5.5172,30.0000
28,0,0.0000,0.0000,0.0000,0.0000,0.0000,0.0000,0.0000,0.0000
29,0,0.0000,0.0000,0.0000,0.0000,0.0000,0.0000,0.0000,0.0000
30,2,0.0216,3.5000,0.1759,0.5181,1.0000,0.0000,1.0000,0.0000,4.3478,23.0000
31,2,0.0216,3.5000,0.1759,0.5181,1.0000,0.0000,1.0000,0.0000,4.3478,23.0000
32,2,0.0812,4.0000,0.2353,0.1478,1.0000,0.0000,1.0000,0.0000,9.5238,28.0000
33,2,0.0812,4.0000,0.2353,0.1478,1.0000,0.0000,1.0000,0.0000,9.5238,28.0000
34,0,0.0000,0.0000,0.0000,0.0000,0.0000,0.0000,0.0000,0.0000
35,0,0.0000,0.0000,0.0000,0.0000,0.0000,0.0000,0.0000,0.0000
36,1,0.0031,2.0000,0.0769,0.0000,1.0000,0.0000,1.0000,0.0000,2.2792,27.0000
37,1,0.0031,2.0000,0.0769,0.0000,1.0000,0.0000,1.0000,0.0000,2.2792,27.0000
38,2,0.0067,2.0000,0.0900,0.0000,1.0000,0.0000,1.0000,0.0000,4.3077,26.0000
39,2,0.0067,2.0000,0.0900,0.0000,1.0000,0.0000,1.0000,0.0000,4.3077,26.0000
40,2,0.0217,3.0000,0.1488,0.0000,1.0000,0.0000,1.0000,0.0000,5.6667,25.0000
41,2,0.0217,3.0000,0.1488,0.0000,1.0000,0.0000,1.0000,0.0000,5.6667,25.0000
42,2,0.0105,2.5000,0.1250,0.3536,1.0000,0.0000,1.5000,0.0000,3.3333,21.0000
43,2,0.0105,2.5000,0.1250,0.3536,1.0000,0.0000,1.5000,0.0000,3.3333,21.0000
44,0,0.0000,0.0000,0.0000,0.0000,0.0000,0.0000,0.0000,0.0000
45,0,0.0000,0.0000,0.0000,0.0000,0.0000,0.0000,0.0000,0.0000
46,1,0.0855,6.0000,0.2721,0.3022,1.0000,0.0000,1.0000,0.0000,8.9947,28.0000
47,1,0.0855,6.0000,0.2721,0.3022,1.0000,0.0000,1.0000,0.0000,8.9947,28.0000
48,1,0.0060,4.0000,0.1250,0.5236,1.0000,0.0000,1.0000,0.0000,3.2197,33.0000
49,1,0.0060,4.0000,0.1250,0.5236,1.0000,0.0000,1.0000,0.0000,3.2197,33.0000
50,4,0.0067,2.0000,0.0900,0.4253,1.0000,0.0000,1.0000,0.0000,2.7692,26.0000
51,4,0.0067,2.0000,0.0900,0.4253,1.0000,0.0000,1.0000,0.0000,2.7692,26.0000
52,2,0.0066,3.0000,0.1071,0.3077,1.0000,0.0000,1.0000,0.0000,2.9557,29.0000
53,2,0.0066,3.0000,0.1071,0.3077,1.0000,0.0000,1.0000,0.0000,2.9557,29.0000
54,0,0.0000,0.0000,0.0000,0.0000,0.0000,0.0000,0.0000,0.0000
55,0,0.0000,0.0000,0.0000,0.0000,0.0000,0.0000,0.0000,0.0000
56,4,0.0231,3.0000,0.1309,0.2689,1.0000,0.0000,1.0000,0.0000,4.2339,32.0000
57,4,0.0231,3.0000,0.1309,0.2689,1.0000,0.0000,1.0000,0.0000,4.2339,32.0000
58,1,0.0062,3.0000,0.1154,0.6116,1.0000,0.0000,1.0000,0.0000,3.7037,27.0000
59,1,0.0062,3.0000,0.1154,0.6116,1.0000,0.0000,1.0000,0.0000,3.7037,27.0000
60,4,0.0043,2.0000,0.0787,0.3008,1.0000,0.0000,1.0000,0.0000,2.9101,28.0000
61,4,0.0043,2.0000,0.0787,0.3008,1.0000,0.0000,1.0000,0.0000,2.9101,28.0000
62,0,0.0000,0.0000,0.0000,0.0000,0.0000,0.0000,0.0000,0.0000
63,0,0.0000,0.0000,0.0000,0.0000,0.0000,0.0000,0.0000,0.0000
64,3,0.0051,2.6667,0.1026,0.2883,1.0000,0.0000,1.0000,0.0000,3.4188,27.0000
65,3,0.0051,2.6667,0.1026,0.2883,1.0000,0.0000,1.0000,0.0000,3.4188,27.0000
66,4,0.0392,3.2500,0.1471,0.2399,1.0000,0.0000,1.2500,0.0000,3.9683,28.0000
67,4,0.0392,3.2500,0.1471,0.2399,1.0000,0.0000,1.2500,0.0000,3.9683,28.0000
68,0,0.0000,0.0000,0.0000,0.0000,0.0000,0.0000,0.0000,0.0000
69,0,0.0000,0.0000,0.0000,0.0000,0.0000,0.0000,0.0000,0.0000
70,0,0.0000,0.0000,0.0000,0.0000,0.0000,0.0000,0.0000,0.0000
71,0,0.0000,0.0000,0.0000,0.0000,0.0000,0.0000,0.0000,0.0000
72,4,0.0107,2.5000,0.1062,0.3514,1.0000,0.0000,1.0000,0.0000,2.9101,28.0000
73,4,0.0107,2.5000,0.1062,0.3514,1.0000,0.0000,1.0000,0.0000,2.9101,28.0000
74,1,0.0031,2.0000,0.0769,0.7071,1.0000,0.0000,1.0000,0.0000,1.1396,27.0000
75,1,0.0031,2.0000,0.0769,0.7071,1.0000,0.0000,1.0000,0.0000,1.1396,27.0000
76,0,0.0000,0.0000,0.0000,0.0000,0.0000,0.0000,0.0000,0.0000
77,0,0.0000,0.0000,0.0000,0.0000,0.0000,0.0000,0.0000,0.0000
78,1,0.0033,2.0000,0.0800,0.0000,1.0000,0.0000,1.0000,0.0000,4.3077,26.0000
79,1,0.0033,2.0000,0.0800,0.0000,1.0000,0.0000,1.0000,0.0000,4.3077,26.0000
80,1,0.0048,2.0000,0.0952,0.0000,1.0000,0.0000,1.0000,0.0000,3.4632,22.0000
81,1,0.0048,2.0000,0.0952,0.0000,1.0000,0.0000,1.0000,0.0000,3.4632,22.0000
82,2,0.0057,2.0000,0.0833,0.0000,1.0000,0.0000,1.0000,0.0000,6.0847,28.0000
83,2,0.0057,2.0000,0.0833,0.0000,1.0000,0.0000,1.0000,0.0000,6.0847,28.0000
84,4,0.0100,3.0000,0.1283,0.2529,1.5000,140.4117,1.0000,0.0000,3.6923,26.0000
85,4,0.0100,3.0000,0.1283,0.2529,1.5000,140.4117,1.0000,0.0000,3.6923,26.0000
86,1,0.0099,4.0000,0.1379,0.0000,1.0000,0.0000,1.0000,0.0000,5.0575,30.0000
87,1,0.0099,4.0000,0.1379,0.0000,1.0000,0.0000,1.0000,0.0000,5.0575,30.0000
88,3,0.0427,2.6667,0.1442,0.1026,1.0000,0.0000,1.0000,0.0000,4.8276,30.0000
89,3,0.0427,2.6667,0.1442,0.1026,1.0000,0.0000,1.0000,0.0000,4.8276,30.0000
90,0,0.0000,0.0000,0.0000,0.0000,0.0000,0.0000,0.0000,0.0000
91,0,0.0000,0.0000,0.0000,0.0000,0.0000,0.0000,0.0000,0.0000
92,3,0.0086,3.0000,0.1107,0.2378,1.0000,0.0000,1.0000,0.0000,2.8226,32.0000
93,3,0.0086,3.0000,0.1107,0.2378,1.0000,0.0000,1.0000,0.0000,2.8226,32.0000
94,2,0.0360,4.0000,0.1644,0.2726,1.0000,0.0000,1.0000,0.0000,3.7433,34.0000
95,2,0.0360,4.0000,0.1644,0.2726,1.0000,0.0000,1.0000,0.0000,3.7433,34.0000
96,2,0.0897,4.5000,0.2365,0.2472,1.0000,0.0000,1.5000,0.0000,7.4074,28.0000
97,2,0.0897,4.5000,0.2365,0.2472,1.0000,0.0000,1.5000,0.0000,7.4074,28.0000
98,3,0.0202,4.0000,0.1589,0.2332,1.3333,14.6779,1.0000,0.0000,5.4924,33.0000
99,3,0.0202,4.0000,0.1589,0.2332,1.3333,14.6779,1.0000,0.0000,5.4924,33.0000
100,1,0.0303,5.0000,0.1921,0.1440,1.0000,0.0000,1.0000,0.0000,6.3492,36.0000
101,1,0.0303,5.0000,0.1921,0.1440,1.0000,0.0000,1.0000,0.0000,6.3492,36.0000
102,3,0.0041,2.0000,0.0747,0.0000,1.0000,0.0000,1.0000,0.0000,2.7586,30.0000
103,3,0.0041,2.0000,0.0747,0.0000,1.0000,0.0000,1.0000,0.0000,2.7586,30.0000
104,2,0.0142,3.5000,0.1433,0.5181,1.0000,0.0000,1.0000,0.0000,3.1746,28.0000
105,2,0.0142,3.5000,0.1433,0.5181,1.0000,0.0000,1.0000,0.0000,3.1746,28.0000
106,0,0.0000,0.0000,0.0000,0.0000,0.0000,0.0000,0.0000,0.0000
107,0,0.0000,0.0000,0.0000,0.0000,0.0000,0.0000,0.0000,0.0000
108,0,0.0000,0.0000,0.0000,0.0000,0.0000,0.0000,0.0000,0.0000
109,0,0.0000,0.0000,0.0000,0.0000,0.0000,0.0000,0.0000,0.0000
110,1,0.0246,4.0000,0.1731,0.3777,1.0000,0.0000,1.0000,0.0000,5.1282,27.0000
111,1,0.0246,4.0000,0.1731,0.3777,1.0000,0.0000,1.0000,0.0000,5.1282,27.0000
112,2,0.0049,2.0000,0.0776,0.0000,1.0000,0.0000,1.0000,0.0000,2.9885,30.0000
113,2,0.0049,2.0000,0.0776,0.0000,1.0000,0.0000,1.0000,0.0000,2.9885,30.0000
114,0,0.0000,0.0000,0.0000,0.0000,0.0000,0.0000,0.0000,0.0000
115,0,0.0000,0.0000,0.0000,0.0000,0.0000,0.0000,0.0000,0.0000
116,1,0.0095,3.0000,0.1212,0.2522,1.0000,0.0000,1.0000,0.0000,2.6738,34.0000
117,1,0.0095,3.0000,0.1212,0.2522,1.0000,0.0000,1.0000,0.0000,2.6738,34.0000
118,3,0.0389,4.0000,0.1881,0.2132,1.0000,0.0000,1.0000,0.0000,4.8387,32.0000
119,3,0.0389,4.0000,0.1881,0.2132,1.0000,0.0000,1.0000,0.0000,4.8387,32.0000
120,3,0.0041,2.0000,0.0747,0.4010,1.0000,0.0000,1.0000,0.0000,2.0690,30.0000
121,3,0.0041,2.0000,0.0747,0.4010,1.0000,0.0000,1.0000,0.0000,2.0690,30.0000
122,2,0.0119,3.0000,0.1367,0.0888,1.0000,0.0000,1.0000,0.0000,5.6650,29.0000
123,2,0.0119,3.0000,0.1367,0.0888,1.0000,0.0000,1.0000,0.0000,5.6650,29.0000
124,6,0.0582,2.8333,0.1433,0.1961,1.0000,0.0000,1.0000,0.0000,4.4974,28.0000
125,6,0.0582,2.8333,0.1433,0.1961,1.0000,0.0000,1.0000,0.0000,4.4974,28.0000
126,4,0.0296,4.5000,0.1680,0.2242,1.2500,49.2654,1.0000,0.0000,6.2366,31.0000
127,4,0.0296,4.5000,0.1680,0.2242,1.2500,49.2654,1.0000,0.0000,6.2366,31.0000
128,1,0.0456,4.0000,0.1975,0.4494,1.0000,0.0000,1.0000,0.0000,5.2910,28.0000
129,1,0.0456,4.0000,0.1975,0.4494,1.0000,0.0000,1.0000,0.0000,5.2910,28.0000
130,2,0.0019,2.0000,0.0606,0.0000,1.0000,0.0000,1.0000,0.0000,6.2389,34.0000
131,2,0.0019,2.0000,0.0606,0.0000,1.0000,0.0000,1.0000,0.0000,6.2389,34.0000
132,3,0.0169,3.3333,0.1509,0.1747,1.0000,0.0000,1.0000,0.0000,4.8433,27.0000
133,3,0.0169,3.3333,0.1509,0.1747,1.0000,0.0000,1.0000,0.0000,4.8433,27.0000
134,2,0.0234,3.0000,0.1218,0.1280,1.0000,0.0000,1.0000,0.0000,4.5977,30.0000
135,2,0.0234,3.0000,0.1218,0.1280,1.0000,0.0000,1.0000,0.0000,4.5977,30.0000
136,2,0.0049,2.0000,0.0776,0.0000,1.0000,0.0000,1.0000,0.0000,6.8966,30.0000
137,2,0.0049,2.0000,0.0776,0.0000,1.0000,0.0000,1.0000,0.0000,6.8966,30.0000
138,2,0.0252,3.5000,0.1363,0.0619,1.0000,0.0000,1.0000,0.0000,7.3864,33.0000
139,2,0.0252,3.5000,0.1363,0.0619,1.0000,0.0000,1.0000,0.0000,7.3864,33.0000
140,3,0.0238,3.3333,0.1492,0.0970,1.0000,0.0000,1.0000,0.0000,6.2366,31.0000
141,3,0.0238,3.3333,0.1492,0.0970,1.0000,0.0000,1.0000,0.0000,6.2366,31.0000
142,1,0.0025,2.0000,0.0690,0.0000,1.0000,0.0000,1.0000,0.0000,2.5287,30.0000
143,1,0.0025,2.0000,0.0690,0.0000,1.0000,0.0000,1.0000,0.0000,2.5287,30.0000
144,0,0.0000,0.0000,0.0000,0.0000,0.0000,0.0000,0.0000,0.0000
145,0,0.0000,0.0000,0.0000,0.0000,0.0000,0.0000,0.0000,0.0000
146,5,0.0114,2.0000,0.1070,0.3155,1.0000,0.0000,1.0000,0.0000,4.3290,22.0000
147,5,0.0114,2.0000,0.1070,0.3155,1.0000,0.0000,1.0000,0.0000,4.3290,22.0000
148,1,0.0065,2.0000,0.1111,0.7071,1.0000,0.0000,1.0000,0.0000,2.3392,19.0000
149,1,0.0065,2.0000,0.1111,0.7071,1.0000,0.0000,1.0000,0.0000,2.3392,19.0000
150,1,0.0053,2.0000,0.1000,0.7071,1.0000,0.0000,1.0000,0.0000,2.8571,21.0000
151,1,0.0053,2.0000,0.1000,0.7071,1.0000,0.0000,1.0000,0.0000,2.8571,21.0000
152,0,0.0000,0.0000,0.0000,0.0000,0.0000,0.0000,0.0000,0.0000
153,0,0.0000,0.0000,0.0000,0.0000,0.0000,0.0000,0.0000,0.0000
154,0,0.0000,0.0000,0.0000,0.0000,0.0000,0.0000,0.0000,0.0000
155,0,0.0000,0.0000,0.0000,0.0000,0.0000,0.0000,0.0000,0.0000
156,1,0.0148,7.0000,0.2414,0.3850,1.0000,0.0000,1.0000,0.0000,6.6667,30.0000
157,1,0.0148,7.0000,0.2414,0.3850,1.0000,0.0000,1.0000,0.0000,6.6667,30.0000
158,1,0.0107,5.0000,0.1601,0.3022,1.0000,0.0000,1.0000,0.0000,5.2101,35.0000
159,1,0.0107,5.0000,0.1601,0.3022,1.0000,0.0000,1.0000,0.0000,5.2101,35.0000
160,0,0.0000,0.0000,0.0000,0.0000,0.0000,0.0000,0.0000,0.0000
161,0,0.0000,0.0000,0.0000,0.0000,0.0000,0.0000,0.0000,0.0000
162,2,0.0067,2.0000,0.0900,0.0000,1.0000,0.0000,1.0000,0.0000,8.9231,26.0000
163,2,0.0067,2.0000,0.0900,0.0000,1.0000,0.0000,1.0000,0.0000,8.9231,26.0000
164,0,0.0000,0.0000,0.0000,0.0000,0.0000,0.0000,0.0000,0.0000
165,0,0.0000,0.0000,0.0000,0.0000,0.0000,0.0000,0.0000,0.0000
166,0,0.0000,0.0000,0.0000,0.0000,0.0000,0.0000,0.0000,0.0000
167,0,0.0000,0.0000,0.0000,0.0000,0.0000,0.0000,0.0000,0.0000
168,0,0.0000,0.0000,0.0000,0.0000,0.0000,0.0000,0.0000,0.0000
169,0,0.0000,0.0000,0.0000,0.0000,0.0000,0.0000,0.0000,0.0000
170,2,0.0382,4.5000,0.1923,0.3191,1.0000,0.0000,1.0000,0.0000,5.2874,30.0000
171,2,0.0382,4.5000,0.1923,0.3191,1.0000,0.0000,1.0000,0.0000,5.2874,30.0000
172,2,0.0265,3.5000,0.1900,0.1682,1.0000,0.0000,1.0000,0.0000,5.7471,30.0000
173,2,0.0265,3.5000,0.1900,0.1682,1.0000,0.0000,1.0000,0.0000,5.7471,30.0000
174,2,0.0099,3.0000,0.1078,0.4467,1.0000,0.0000,1.0000,0.0000,2.7586,30.0000
175,2,0.0099,3.0000,0.1078,0.4467,1.0000,0.0000,1.0000,0.0000,2.7586,30.0000
176,0,0.0000,0.0000,0.0000,0.0000,0.0000,0.0000,0.0000,0.0000
177,0,0.0000,0.0000,0.0000,0.0000,0.0000,0.0000,0.0000,0.0000
178,9,0.0506,3.4444,0.1603,0.1211,1.0000,0.0000,1.0000,0.0000,6.4394,33.0000
179,9,0.0506,3.4444,0.1603,0.1211,1.0000,0.0000,1.0000,0.0000,6.4394,33.0000
180,1,0.0036,3.0000,0.0882,0.0000,1.0000,0.0000,1.0000,0.0000,7.0588,35.0000
181,1,0.0036,3.0000,0.0882,0.0000,1.0000,0.0000,1.0000,0.0000,7.0588,35.0000
182,3,0.0145,3.6667,0.1172,0.2638,1.0000,0.0000,1.0000,0.0000,3.3868,34.0000
183,3,0.0145,3.6667,0.1172,0.2638,1.0000,0.0000,1.0000,0.0000,3.3868,34.0000
184,0,0.0000,0.0000,0.0000,0.0000,0.0000,0.0000,0.0000,0.0000
185,0,0.0000,0.0000,0.0000,0.0000,0.0000,0.0000,0.0000,0.0000
186,3,0.0180,3.0000,0.1404,0.4132,1.0000,0.0000,1.0000,0.0000,3.4392,28.0000
187,3,0.0180,3.0000,0.1404,0.4132,1.0000,0.0000,1.0000,0.0000,3.4392,28.0000
188,0,0.0000,0.0000,0.0000,0.0000,0.0000,0.0000,0.0000,0.0000
189,0,0.0000,0.0000,0.0000,0.0000,0.0000,0.0000,0.0000,0.0000
190,0,0.0000,0.0000,0.0000,0.0000,0.0000,0.0000,0.0000,0.0000
191,0,0.0000,0.0000,0.0000,0.0000,0.0000,0.0000,0.0000,0.0000
192,0,0.0000,0.0000,0.0000,0.0000,0.0000,0.0000,0.0000,0.0000
193,0,0.0000,0.0000,0.0000,0.0000,0.0000,0.0000,0.0000,0.0000
194,1,0.0222,7.0000,0.2735,0.3495,1.0000,0.0000,1.0000,0.0000,7.4074,27.0000
195,1,0.0222,7.0000,0.2735,0.3495,1.0000,0.0000,1.0000,0.0000,7.4074,27.0000
196,0,0.0000,0.0000,0.0000,0.0000,0.0000,0.0000,0.0000,0.0000
197,0,0.0000,0.0000,0.0000,0.0000,0.0000,0.0000,0.0000,0.0000
198,1,0.0199,6.0000,0.2370,0.3787,1.0000,0.0000,1.0000,0.0000,6.3492,28.0000
199,1,0.0199,6.0000,0.2370,0.3787,1.0000,0.0000,1.0000,0.0000,6.3492,28.0000
200,0,0.0000,0.0000,0.0000,0.0000,0.0000,0.0000,0.0000,0.0000
201,0,0.0000,0.0000,0.0000,0.0000,0.0000,0.0000,0.0000,0.0000
202,2,0.0062,2.5000,0.1000,0.2374,1.0000,0.0000,1.0000,0.0000,2.5641,27.0000
203,2,0.0062,2.5000,0.1000,0.2374,1.0000,0.0000,1.0000,0.0000,2.5641,27.0000
204,0,0.0000,0.0000,0.0000,0.0000,0.0000,0.0000,0.0000,0.0000
205,0,0.0000,0.0000,0.0000,0.0000,0.0000,0.0000,0.0000,0.0000
206,3,0.0703,3.6667,0.2077,0.2520,1.0000,0.0000,1.0000,0.0000,5.9113,29.0000
207,3,0.0703,3.6667,0.2077,0.2520,1.0000,0.0000,1.0000,0.0000,5.9113,29.0000
208,0,0.0000,0.0000,0.0000,0.0000,0.0000,0.0000,0.0000,0.0000
209,0,0.0000,0.0000,0.0000,0.0000,0.0000,0.0000,0.0000,0.0000
210,4,0.0584,2.7500,0.1447,0.1304,1.0000,0.0000,1.0000,0.0000,4.4974,28.0000
211,4,0.0584,2.7500,0.1447,0.1304,1.0000,0.0000,1.0000,0.0000,4.4974,28.0000
212,0,0.0000,0.0000,0.0000,0.0000,0.0000,0.0000,0.0000,0.0000
213,0,0.0000,0.0000,0.0000,0.0000,0.0000,0.0000,0.0000,0.0000
214,1,0.0025,2.0000,0.0690,0.7071,1.0000,0.0000,1.0000,0.0000,1.1494,30.0000
215,1,0.0025,2.0000,0.0690,0.7071,1.0000,0.0000,1.0000,0.0000,1.1494,30.0000
216,2,0.0054,2.5000,0.1042,0.3058,1.0000,0.0000,1.0000,0.0000,2.3333,25.0000
217,2,0.0054,2.5000,0.1042,0.3058,1.0000,0.0000,1.0000,0.0000,2.3333,25.0000
218,0,0.0000,0.0000,0.0000,0.0000,0.0000,0.0000,0.0000,0.0000
219,0,0.0000,0.0000,0.0000,0.0000,0.0000,0.0000,0.0000,0.0000
220,2,0.0060,3.0000,0.1071,0.0000,1.0000,0.0000,1.0000,0.0000,5.4187,29.0000
221,2,0.0060,3.0000,0.1071,0.0000,1.0000,0.0000,1.0000,0.0000,5.4187,29.0000
222,4,0.0073,2.5000,0.1018,0.0645,1.2500,116.3033,1.0000,0.0000,5.6650,29.0000
223,4,0.0073,2.5000,0.1018,0.0645,1.2500,116.3033,1.0000,0.0000,5.6650,29.0000
224,2,0.0217,3.0000,0.1380,0.1971,1.0000,0.0000,1.0000,0.0000,4.9231,26.0000
225,2,0.0217,3.0000,0.1380,0.1971,1.0000,0.0000,1.0000,0.0000,4.9231,26.0000
226,2,0.0523,4.5000,0.2842,0.1260,1.0000,0.0000,1.0000,0.0000,10.5413,27.0000
227,2,0.0523,4.5000,0.2842,0.1260,1.0000,0.0000,1.0000,0.0000,10.5413,27.0000
228,2,0.0043,2.5000,0.0926,0.3058,1.5000,65.3491,1.0000,0.0000,2.6455,28.0000
229,2,0.0043,2.5000,0.0926,0.3058,1.5000,65.3491,1.0000,0.0000,2.6455,28.0000
230,1,0.0057,3.0000,0.1111,0.6116,1.0000,0.0000,1.0000,0.0000,2.1164,28.0000
231,1,0.0057,3.0000,0.1111,0.6116,1.0000,0.0000,1.0000,0.0000,2.1164,28.0000
232,1,0.0200,3.0000,0.1782,0.1776,1.0000,0.0000,1.0000,0.0000,5.5385,26.0000
233,1,0.0200,3.0000,0.1782,0.1776,1.0000,0.0000,1.0000,0.0000,5.5385,26.0000
234,1,0.0795,4.0000,0.1970,0.2877,1.0000,0.0000,1.0000,0.0000,4.9911,34.0000
235,1,0.0795,4.0000,0.1970,0.2877,1.0000,0.0000,1.0000,0.0000,4.9911,34.0000
236,2,0.0436,4.0000,0.1944,0.2026,1.0000,0.0000,1.0000,0.0000,6.6667,31.0000
237,2,0.0436,4.0000,0.1944,0.2026,1.0000,0.0000,1.0000,0.0000,6.6667,31.0000
238,0,0.0000,0.0000,0.0000,0.0000,0.0000,0.0000,0.0000,0.0000
239,0,0.0000,0.0000,0.0000,0.0000,0.0000,0.0000,0.0000,0.0000
240,3,0.0165,3.0000,0.1322,0.1004,1.0000,0.0000,1.0000,0.0000,5.8468,32.0000
241,3,0.0165,3.0000,0.1322,0.1004,1.0000,0.0000,1.0000,0.0000,5.8468,32.0000
242,1,0.0114,3.0000,0.1237,0.1944,1.0000,0.0000,1.0000,0.0000,3.2086,34.0000
243,1,0.0114,3.0000,0.1237,0.1944,1.0000,0.0000,1.0000,0.0000,3.2086,34.0000
244,4,0.0305,2.7500,0.1215,0.2573,1.0000,0.0000,1.0000,0.0000,3.6559,31.0000
245,4,0.0305,2.7500,0.1215,0.2573,1.0000,0.0000,1.0000,0.0000,3.6559,31.0000
246,1,0.0022,2.0000,0.0645,0.0000,1.0000,0.0000,1.0000,0.0000,7.6613,32.0000
247,1,0.0022,2.0000,0.0645,0.0000,1.0000,0.0000,1.0000,0.0000,7.6613,32.0000
248,2,0.0492,4.5000,0.2372,0.1802,1.0000,0.0000,1.0000,0.0000,10.8374,29.0000
249,2,0.0492,4.5000,0.2372,0.1802,1.0000,0.0000,1.0000,0.0000,10.8374,29.0000
250,2,0.0184,3.5000,0.1559,0.0896,1.0000,0.0000,1.0000,0.0000,6.4516,31.0000
251,2,0.0184,3.5000,0.1559,0.0896,1.0000,0.0000,1.0000,0.0000,6.4516,31.0000
252,2,0.0062,2.0000,0.0865,0.0000,1.0000,0.0000,1.0000,0.0000,7.1225,27.0000
253,2,0.0062,2.0000,0.0865,0.0000,1.0000,0.0000,1.0000,0.0000,7.1225,27.0000
254,2,0.0115,2.5000,0.1058,0.3440,1.0000,0.0000,1.0000,0.0000,3.2258,31.0000
255,2,0.0115,2.5000,0.1058,0.3440,1.0000,0.0000,1.0000,0.0000,3.2258,31.0000
256,2,0.0251,2.5000,0.1333,0.1326,1.0000,0.0000,1.0000,0.0000,4.9261,29.0000
257,2,0.0251,2.5000,0.1333,0.1326,1.0000,0.0000,1.0000,0.0000,4.9261,29.0000
258,0,0.0000,0.0000,0.0000,0.0000,0.0000,0.0000,0.0000,0.0000
259,0,0.0000,0.0000,0.0000,0.0000,0.0000,0.0000,0.0000,0.0000
260,1,0.0100,4.0000,0.1600,0.5236,1.0000,0.0000,1.0000,0.0000,2.7692,26.0000
261,1,0.0100,4.0000,0.1600,0.5236,1.0000,0.0000,1.0000,0.0000,2.7692,26.0000
262,0,0.0000,0.0000,0.0000,0.0000,0.0000,0.0000,0.0000,0.0000
263,0,0.0000,0.0000,0.0000,0.0000,0.0000,0.0000,0.0000,0.0000
264,3,0.0635,3.0000,0.1705,0.1243,1.0000,0.0000,1.3333,0.0000,5.4187,29.0000
265,3,0.0635,3.0000,0.1705,0.1243,1.0000,0.0000,1.3333,0.0000,5.4187,29.0000
266,1,0.0141,5.0000,0.1818,0.2672,1.0000,0.0000,1.0000,0.0000,5.4924,33.0000
267,1,0.0141,5.0000,0.1818,0.2672,1.0000,0.0000,1.0000,0.0000,5.4924,33.0000
268,5,0.0124,2.8000,0.1150,0.1073,1.0000,0.0000,1.0000,0.0000,4.9462,31.0000
269,5,0.0124,2.8000,0.1150,0.1073,1.0000,0.0000,1.0000,0.0000,4.9462,31.0000
270,1,0.0159,5.0000,0.1944,0.3377,2.0000,257.3020,1.0000,0.0000,5.9113,29.0000
271,1,0.0159,5.0000,0.1944,0.3377,2.0000,257.3020,1.0000,0.0000,5.9113,29.0000
272,1,0.0185,6.0000,0.2112,0.4600,1.0000,0.0000,1.0000,0.0000,4.1379,30.0000
273,1,0.0185,6.0000,0.2112,0.4600,1.0000,0.0000,1.0000,0.0000,4.1379,30.0000
274,0,0.0000,0.0000,0.0000,0.0000,0.0000,0.0000,0.0000,0.0000
275,0,0.0000,0.0000,0.0000,0.0000,0.0000,0.0000,0.0000,0.0000
276,1,0.0237,4.0000,0.1812,0.0001,1.0000,0.0000,1.0000,0.0000,5.4348,24.0000
277,1,0.0237,4.0000,0.1812,0.0001,1.0000,0.0000,1.0000,0.0000,5.4348,24.0000
278,3,0.0375,3.6667,0.2015,0.3840,1.0000,0.0000,1.0000,0.0000,4.7431,23.0000
279,3,0.0375,3.6667,0.2015,0.3840,1.0000,0.0000,1.0000,0.0000,4.7431,23.0000
280,0,0.0000,0.0000,0.0000,0.0000,0.0000,0.0000,0.0000,0.0000
281,0,0.0000,0.0000,0.0000,0.0000,0.0000,0.0000,0.0000,0.0000
282,0,0.0000,0.0000,0.0000,0.0000,0.0000,0.0000,0.0000,0.0000
283,0,0.0000,0.0000,0.0000,0.0000,0.0000,0.0000,0.0000,0.0000
284,2,0.0020,2.0000,0.0625,0.0000,1.0000,0.0000,1.0000,0.0000,2.6515,33.0000
285,2,0.0020,2.0000,0.0625,0.0000,1.0000,0.0000,1.0000,0.0000,2.6515,33.0000
286,1,0.0022,2.0000,0.0645,0.0000,1.0000,0.0000,1.0000,0.0000,2.8226,32.0000
287,1,0.0022,2.0000,0.0645,0.0000,1.0000,0.0000,1.0000,0.0000,2.8226,32.0000
288,1,0.0069,3.0000,0.1067,0.0000,1.0000,0.0000,1.0000,0.0000,4.5161,31.0000
289,1,0.0069,3.0000,0.1067,0.0000,1.0000,0.0000,1.0000,0.0000,4.5161,31.0000
290,3,0.0130,3.3333,0.1285,0.1419,1.0000,0.0000,1.0000,0.0000,5.5914,31.0000
291,3,0.0130,3.3333,0.1285,0.1419,1.0000,0.0000,1.0000,0.0000,5.5914,31.0000
292,2,0.0099,3.0000,0.1285,0.0850,1.0000,0.0000,1.0000,0.0000,6.2069,30.0000
293,2,0.0099,3.0000,0.1285,0.0850,1.0000,0.0000,1.0000,0.0000,6.2069,30.0000
294,2,0.0053,2.5000,0.0929,0.0000,1.0000,0.0000,1.0000,0.0000,3.6946,29.0000
295,2,0.0053,2.5000,0.0929,0.0000,1.0000,0.0000,1.0000,0.0000,3.6946,29.0000
296,1,0.0356,5.0000,0.2236,0.5424,1.0000,0.0000,1.0000,0.0000,5.4348,24.0000
297,1,0.0356,5.0000,0.2236,0.5424,1.0000,0.0000,1.0000,0.0000,5.4348,24.0000
298,0,0.0000,0.0000,0.0000,0.0000,0.0000,0.0000,0.0000,0.0000
299,0,0.0000,0.0000,0.0000,0.0000,0.0000,0.0000,0.0000,0.0000
300,2,0.0126,3.0000,0.1076,0.1855,1.0000,0.0000,1.0000,0.0000,4.3011,31.0000
301,2,0.0126,3.0000,0.1076,0.1855,1.0000,0.0000,1.0000,0.0000,4.3011,31.0000
302,1,0.0079,3.0000,0.1143,0.4747,1.0000,0.0000,1.0000,0.0000,3.4483,29.0000
303,1,0.0079,3.0000,0.1143,0.4747,1.0000,0.0000,1.0000,0.0000,3.4483,29.0000
304,1,0.0033,2.0000,0.0800,0.0000,1.0000,0.0000,1.0000,0.0000,5.8462,26.0000
305,1,0.0033,2.0000,0.0800,0.0000,1.0000,0.0000,1.0000,0.0000,5.8462,26.0000
306,2,0.0132,4.0000,0.1494,0.1823,1.0000,0.0000,1.0000,0.0000,6.6667,30.0000
307,2,0.0132,4.0000,0.1494,0.1823,1.0000,0.0000,1.0000,0.0000,6.6667,30.0000
308,1,0.0023,2.0000,0.0667,0.0000,1.0000,0.0000,1.0000,0.0000,3.4409,31.0000
309,1,0.0023,2.0000,0.0667,0.0000,1.0000,0.0000,1.0000,0.0000,3.4409,31.0000
310,4,0.0060,2.2500,0.0881,0.2365,1.2500,82.4785,1.0000,0.0000,3.2020,29.0000
311,4,0.0060,2.2500,0.0881,0.2365,1.2500,82.4785,1.0000,0.0000,3.2020,29.0000
312,1,0.0036,2.0000,0.0833,0.0000,1.0000,0.0000,1.0000,0.0000,6.3333,25.0000
313,1,0.0036,2.0000,0.0833,0.0000,1.0000,0.0000,1.0000,0.0000,6.3333,25.0000
314,1,0.0290,5.0000,0.2143,0.4460,1.0000,0.0000,1.0000,0.0000,6.3333,25.0000
315,1,0.0290,5.0000,0.2143,0.4460,1.0000,0.0000,1.0000,0.0000,6.3333,25.0000
316,1,0.0031,2.0000,0.0769,0.0000,1.0000,0.0000,1.0000,0.0000,4.2735,27.0000
317,1,0.0031,2.0000,0.0769,0.0000,1.0000,0.0000,1.0000,0.0000,4.2735,27.0000
318,1,0.0189,5.0000,0.1773,0.5259,1.0000,0.0000,1.0000,0.0000,3.9080,30.0000
319,1,0.0189,5.0000,0.1773,0.5259,1.0000,0.0000,1.0000,0.0000,3.9080,30.0000
320,2,0.0114,3.0000,0.1217,0.1358,1.5000,294.4946,1.0000,0.0000,5.5556,28.0000
321,2,0.0114,3.0000,0.1217,0.1358,1.5000,294.4946,1.0000,0.0000,5.5556,28.0000
322,2,0.0075,3.5000,0.1201,0.1700,1.5000,119.1074,1.0000,0.0000,4.4355,32.0000
323,2,0.0075,3.5000,0.1201,0.1700,1.5000,119.1074,1.0000,0.0000,4.4355,32.0000
324,2,0.0324,4.0000,0.1750,0.4160,1.0000,0.0000,1.0000,0.0000,3.4483,29.0000
325,2,0.0324,4.0000,0.1750,0.4160,1.0000,0.0000,1.0000,0.0000,3.4483,29.0000
326,2,0.0053,2.0000,0.1000,0.5000,1.0000,0.0000,1.0000,0.0000,3.3333,21.0000
327,2,0.0053,2.0000,0.1000,0.5000,1.0000,0.0000,1.0000,0.0000,3.3333,21.0000
328,0,0.0000,0.0000,0.0000,0.0000,0.0000,0.0000,0.0000,0.0000
329,0,0.0000,0.0000,0.0000,0.0000,0.0000,0.0000,0.0000,0.0000
330,0,0.0000,0.0000,0.0000,0.0000,0.0000,0.0000,0.0000,0.0000
331,0,0.0000,0.0000,0.0000,0.0000,0.0000,0.0000,0.0000,0.0000
332,3,0.0213,3.0000,0.1434,0.2473,1.0000,0.0000,1.0000,0.0000,3.9080,30.0000
333,3,0.0213,3.0000,0.1434,0.2473,1.0000,0.0000,1.0000,0.0000,3.9080,30.0000
334,2,0.0023,2.0000,0.0667,0.0000,1.0000,0.0000,1.0000,0.0000,2.7957,31.0000
335,2,0.0023,2.0000,0.0667,0.0000,1.0000,0.0000,1.0000,0.0000,2.7957,31.0000
336,1,0.0106,3.0000,0.1276,0.3310,1.0000,0.0000,1.0000,0.0000,3.2020,29.0000
337,1,0.0106,3.0000,0.1276,0.3310,1.0000,0.0000,1.0000,0.0000,3.2020,29.0000
338,4,0.0238,3.5000,0.1501,0.2742,1.0000,0.0000,1.0000,0.0000,4.4335,29.0000
339,4,0.0238,3.5000,0.1501,0.2742,1.0000,0.0000,1.0000,0.0000,4.4335,29.0000
340,1,0.0053,3.0000,0.1071,0.6116,1.0000,0.0000,1.0000,0.0000,2.4631,29.0000
341,1,0.0053,3.0000,0.1071,0.6116,1.0000,0.0000,1.0000,0.0000,2.4631,29.0000
342,0,0.0000,0.0000,0.0000,0.0000,0.0000,0.0000,0.0000,0.0000
343,0,0.0000,0.0000,0.0000,0.0000,0.0000,0.0000,0.0000,0.0000
344,1,0.0198,6.0000,0.2609,0.4183,1.0000,0.0000,1.0000,0.0000,6.1594,24.0000
345,1,0.0198,6.0000,0.2609,0.4183,1.0000,0.0000,1.0000,0.0000,6.1594,24.0000
346,1,0.0026,2.0000,0.0714,0.0000,1.0000,0.0000,1.0000,0.0000,7.8818,29.0000
347,1,0.0026,2.0000,0.0714,0.0000,1.0000,0.0000,1.0000,0.0000,7.8818,29.0000
348,1,0.0025,2.0000,0.0690,0.0000,1.0000,0.0000,1.0000,0.0000,1.8391,30.0000
349,1,0.0025,2.0000,0.0690,0.0000,1.0000,0.0000,1.0000,0.0000,1.8391,30.0000
350,1,0.0265,5.0000,0.1944,0.4035,1.0000,0.0000,1.0000,0.0000,3.9409,29.0000
351,1,0.0265,5.0000,0.1944,0.4035,1.0000,0.0000,1.0000,0.0000,3.9409,29.0000
352,3,0.0267,3.3333,0.1742,0.4020,1.0000,0.0000,1.0000,0.0000,5.2308,26.0000
353,3,0.0267,3.3333,0.1742,0.4020,1.0000,0.0000,1.0000,0.0000,5.2308,26.0000
354,1,0.0025,2.0000,0.0690,0.7071,1.0000,0.0000,1.0000,0.0000,1.6092,30.0000
355,1,0.0025,2.0000,0.0690,0.7071,1.0000,0.0000,1.0000,0.0000,1.6092,30.0000
356,2,0.0026,2.0000,0.0714,0.0000,1.5000,392.0852,1.0000,0.0000,4.4335,29.0000
357,2,0.0026,2.0000,0.0714,0.0000,1.5000,392.0852,1.0000,0.0000,4.4335,29.0000
358,0,0.0000,0.0000,0.0000,0.0000,0.0000,0.0000,0.0000,0.0000
359,0,0.0000,0.0000,0.0000,0.0000,0.0000,0.0000,0.0000,0.0000
360,2,0.0049,3.0000,0.1034,0.4325,1.0000,0.0000,1.0000,0.0000,3.2184,30.0000
361,2,0.0049,3.0000,0.1034,0.4325,1.0000,0.0000,1.0000,0.0000,3.2184,30.0000
362,3,0.0236,3.3333,0.1567,0.2291,1.3333,60.8843,1.0000,0.0000,4.7312,31.0000
363,3,0.0236,3.3333,0.1567,0.2291,1.3333,60.8843,1.0000,0.0000,4.7312,31.0000
364,0,0.0000,0.0000,0.0000,0.0000,0.0000,0.0000,0.0000,0.0000
365,0,0.0000,0.0000,0.0000,0.0000,0.0000,0.0000,0.0000,0.0000
366,3,0.0230,3.3333,0.1215,0.2813,1.0000,0.0000,1.0000,0.0000,4.3678,30.0000
367,3,0.0230,3.3333,0.1215,0.2813,1.0000,0.0000,1.0000,0.0000,4.3678,30.0000
368,1,0.0026,2.0000,0.0714,0.7071,1.0000,0.0000,1.0000,0.0000,1.2315,29.0000
369,1,0.0026,2.0000,0.0714,0.7071,1.0000,0.0000,1.0000,0.0000,1.2315,29.0000
370,0,0.0000,0.0000,0.0000,0.0000,0.0000,0.0000,0.0000,0.0000
371,0,0.0000,0.0000,0.0000,0.0000,0.0000,0.0000,0.0000,0.0000
372,1,0.0028,2.0000,0.0741,0.0000,1.0000,0.0000,1.0000,0.0000,6.3492,28.0000
373,1,0.0028,2.0000,0.0741,0.0000,1.0000,0.0000,1.0000,0.0000,6.3492,28.0000
374,0,0.0000,0.0000,0.0000,0.0000,0.0000,0.0000,0.0000,0.0000
375,0,0.0000,0.0000,0.0000,0.0000,0.0000,0.0000,0.0000,0.0000
376,1,0.0072,3.0000,0.1250,0.6116,1.0000,0.0000,1.0000,0.0000,2.6667,25.0000
377,1,0.0072,3.0000,0.1250,0.6116,1.0000,0.0000,1.0000,0.0000,2.6667,25.0000
378,1,0.0185,5.0000,0.2094,0.3022,1.0000,0.0000,1.0000,0.0000,6.8376,27.0000
379,1,0.0185,5.0000,0.2094,0.3022,1.0000,0.0000,1.0000,0.0000,6.8376,27.0000
380,1,0.0036,2.0000,0.0833,0.0000,1.0000,0.0000,1.0000,0.0000,8.0000,25.0000
381,1,0.0036,2.0000,0.0833,0.0000,1.0000,0.0000,1.0000,0.0000,8.0000,25.0000
382,1,0.0145,3.0000,0.1488,0.3834,1.0000,0.0000,1.0000,0.0000,3.6667,25.0000
383,1,0.0145,3.0000,0.1488,0.3834,1.0000,0.0000,1.0000,0.0000,3.6667,25.0000
384,1,0.0036,2.0000,0.0833,0.0000,1.0000,0.0000,1.0000,0.0000,4.6667,25.0000
385,1,0.0036,2.0000,0.0833,0.0000,1.0000,0.0000,1.0000,0.0000,4.6667,25.0000
386,7,0.0260,2.5714,0.1185,0.2420,1.0000,0.0000,1.0000,0.0000,4.4974,28.0000
387,7,0.0260,2.5714,0.1185,0.2420,1.0000,0.0000,1.0000,0.0000,4.4974,28.0000
388,1,0.0057,3.0000,0.1111,0.6116,1.0000,0.0000,1.0000,0.0000,2.3810,28.0000
389,1,0.0057,3.0000,0.1111,0.6116,1.0000,0.0000,1.0000,0.0000,2.3810,28.0000
390,4,0.0150,3.0000,0.1331,0.3099,1.0000,0.0000,1.0000,0.0000,3.4392,28.0000
391,4,0.0150,3.0000,0.1331,0.3099,1.0000,0.0000,1.0000,0.0000,3.4392,28.0000
392,2,0.0181,3.0000,0.1519,0.3566,1.5000,159.8367,1.0000,0.0000,3.0000,25.0000
393,2,0.0181,3.0000,0.1519,0.3566,1.5000,159.8367,1.0000,0.0000,3.0000,25.0000
394,0,0.0000,0.0000,0.0000,0.0000,0.0000,0.0000,0.0000,0.0000
395,0,0.0000,0.0000,0.0000,0.0000,0.0000,0.0000,0.0000,0.0000
396,0,0.0000,0.0000,0.0000,0.0000,0.0000,0.0000,0.0000,0.0000
397,0,0.0000,0.0000,0.0000,0.0000,0.0000,0.0000,0.0000,0.0000
398,2,0.0684,5.0000,0.2134,0.3612,1.0000,0.0000,1.0000,0.0000,6.0847,28.0000
399,2,0.0684,5.0000,0.2134,0.3612,1.0000,0.0000,1.0000,0.0000,6.0847,28.0000
400,1,0.0185,3.0000,0.1758,0.1459,1.0000,0.0000,1.0000,0.0000,5.9113,29.0000
401,1,0.0185,3.0000,0.1758,0.1459,1.0000,0.0000,1.0000,0.0000,5.9113,29.0000
402,1,0.0049,3.0000,0.1034,0.6116,1.0000,0.0000,1.0000,0.0000,2.7586,30.0000
403,1,0.0049,3.0000,0.1034,0.6116,1.0000,0.0000,1.0000,0.0000,2.7586,30.0000
404,1,0.0516,4.0000,0.1952,0.1523,1.0000,0.0000,1.0000,0.0000,5.6452,32.0000
405,1,0.0516,4.0000,0.1952,0.1523,1.0000,0.0000,1.0000,0.0000,5.6452,32.0000
406,4,0.0285,3.7500,0.1826,0.1451,1.0000,0.0000,1.0000,0.0000,8.4656,28.0000
407,4,0.0285,3.7500,0.1826,0.1451,1.0000,0.0000,1.0000,0.0000,8.4656,28.0000
408,1,0.0023,2.0000,0.0667,0.0000,1.0000,0.0000,1.0000,0.0000,2.1505,31.0000
409,1,0.0023,2.0000,0.0667,0.0000,1.0000,0.0000,1.0000,0.0000,2.1505,31.0000
410,3,0.0128,3.3333,0.1347,0.2567,1.0000,0.0000,1.0000,0.0000,4.4974,28.0000
411,3,0.0128,3.3333,0.1347,0.2567,1.0000,0.0000,1.0000,0.0000,4.4974,28.0000
412,0,0.0000,0.0000,0.0000,0.0000,0.0000,0.0000,0.0000,0.0000
413,0,0.0000,0.0000,0.0000,0.0000,0.0000,0.0000,0.0000,0.0000
414,2,0.0123,2.5000,0.1095,0.3440,1.0000,0.0000,1.0000,0.0000,2.2989,30.0000
415,2,0.0123,2.5000,0.1095,0.3440,1.0000,0.0000,1.0000,0.0000,2.2989,30.0000
416,2,0.0417,3.5000,0.1797,0.4066,1.0000,0.0000,1.5000,0.0000,4.0000,26.0000
417,2,0.0417,3.5000,0.1797,0.4066,1.0000,0.0000,1.5000,0.0000,4.0000,26.0000
418,1,0.0031,2.0000,0.0769,0.7071,1.0000,0.0000,1.0000,0.0000,1.7094,27.0000
419,1,0.0031,2.0000,0.0769,0.7071,1.0000,0.0000,1.0000,0.0000,1.7094,27.0000
420,1,0.0040,2.0000,0.0870,0.0000,1.0000,0.0000,1.0000,0.0000,2.1739,24.0000
421,1,0.0040,2.0000,0.0870,0.0000,1.0000,0.0000,1.0000,0.0000,2.1739,24.0000
422,2,0.0105,2.0000,0.1125,0.6015,1.0000,0.0000,1.0000,0.0000,2.3810,21.0000
423,2,0.0105,2.0000,0.1125,0.6015,1.0000,0.0000,1.0000,0.0000,2.3810,21.0000
424,2,0.0400,3.0000,0.1820,0.1536,1.0000,0.0000,1.5000,0.0000,7.0769,26.0000
425,2,0.0400,3.0000,0.1820,0.1536,1.0000,0.0000,1.5000,0.0000,7.0769,26.0000
426,2,0.0391,5.0000,0.2025,0.2568,1.0000,0.0000,1.0000,0.0000,5.5914,31.0000
427,2,0.0391,5.0000,0.2025,0.2568,1.0000,0.0000,1.0000,0.0000,5.5914,31.0000
428,2,0.0667,5.5000,0.2035,0.3890,1.0000,0.0000,1.0000,0.0000,5.0403,32.0000
429,2,0.0667,5.5000,0.2035,0.3890,1.0000,0.0000,1.0000,0.0000,5.0403,32.0000
430,4,0.0126,3.2500,0.1358,0.1263,1.2500,69.4391,1.0000,0.0000,5.9113,29.0000
431,4,0.0126,3.2500,0.1358,0.1263,1.2500,69.4391,1.0000,0.0000,5.9113,29.0000
432,3,0.0082,2.3333,0.1009,0.3154,1.0000,0.0000,1.0000,0.0000,3.4188,27.0000
433,3,0.0082,2.3333,0.1009,0.3154,1.0000,0.0000,1.0000,0.0000,3.4188,27.0000
434,5,0.0540,4.0000,0.1779,0.1876,1.0000,0.0000,1.0000,0.0000,6.4039,29.0000
435,5,0.0540,4.0000,0.1779,0.1876,1.0000,0.0000,1.0000,0.0000,6.4039,29.0000
436,3,0.0507,4.0000,0.2427,0.0902,1.0000,0.0000,1.0000,0.0000,11.2644,30.0000
437,3,0.0507,4.0000,0.2427,0.0902,1.0000,0.0000,1.0000,0.0000,11.2644,30.0000
438,3,0.0106,2.3333,0.0970,0.0814,1.0000,0.0000,1.0000,0.0000,4.2042,37.0000
439,3,0.0106,2.3333,0.0970,0.0814,1.0000,0.0000,1.0000,0.0000,4.2042,37.0000
440,1,0.0020,2.0000,0.0625,0.0000,1.0000,0.0000,1.0000,0.0000,1.5152,33.0000
441,1,0.0020,2.0000,0.0625,0.0000,1.0000,0.0000,1.0000,0.0000,1.5152,33.0000
442,0,0.0000,0.0000,0.0000,0.0000,0.0000,0.0000,0.0000,0.0000
443,0,0.0000,0.0000,0.0000,0.0000,0.0000,0.0000,0.0000,0.0000
444,1,0.0571,5.0000,0.2593,0.4518,1.0000,0.0000,1.0000,0.0000,6.9264,22.0000
445,1,0.0571,5.0000,0.2593,0.4518,1.0000,0.0000,1.0000,0.0000,6.9264,22.0000
446,1,0.0033,2.0000,0.0800,0.7071,1.0000,0.0000,1.0000,0.0000,1.5385,26.0000
447,1,0.0033,2.0000,0.0800,0.7071,1.0000,0.0000,1.0000,0.0000,1.5385,26.0000
448,0,0.0000,0.0000,0.0000,0.0000,0.0000,0.0000,0.0000,0.0000
449,0,0.0000,0.0000,0.0000,0.0000,0.0000,0.0000,0.0000,0.0000
450,0,0.0000,0.0000,0.0000,0.0000,0.0000,0.0000,0.0000,0.0000
451,0,0.0000,0.0000,0.0000,0.0000,0.0000,0.0000,0.0000,0.0000
452,2,0.0723,5.5000,0.2935,0.1501,1.0000,0.0000,1.0000,0.0000,13.6752,27.0000
453,2,0.0723,5.5000,0.2935,0.1501,1.0000,0.0000,1.0000,0.0000,13.6752,27.0000
454,0,0.0000,0.0000,0.0000,0.0000,0.0000,0.0000,0.0000,0.0000
455,0,0.0000,0.0000,0.0000,0.0000,0.0000,0.0000,0.0000,0.0000
456,0,0.0000,0.0000,0.0000,0.0000,0.0000,0.0000,0.0000,0.0000
457,0,0.0000,0.0000,0.0000,0.0000,0.0000,0.0000,0.0000,0.0000
458,2,0.0142,2.5000,0.1176,0.3440,1.0000,0.0000,1.0000,0.0000,3.1746,28.0000
459,2,0.0142,2.5000,0.1176,0.3440,1.0000,0.0000,1.0000,0.0000,3.1746,28.0000
460,1,0.0646,4.0000,0.2262,0.1911,1.0000,0.0000,1.0000,0.0000,6.8376,27.0000
461,1,0.0646,4.0000,0.2262,0.1911,1.0000,0.0000,1.0000,0.0000,6.8376,27.0000
462,0,0.0000,0.0000,0.0000,0.0000,0.0000,0.0000,0.0000,0.0000
463,0,0.0000,0.0000,0.0000,0.0000,0.0000,0.0000,0.0000,0.0000
464,3,0.0190,3.3333,0.1444,0.2536,1.0000,0.0000,1.0000,0.0000,4.2328,28.0000
465,3,0.0190,3.3333,0.1444,0.2536,1.0000,0.0000,1.0000,0.0000,4.2328,28.0000
466,3,0.0231,4.3333,0.2154,0.2732,1.3333,56.7859,1.0000,0.0000,7.5099,23.0000
467,3,0.0231,4.3333,0.2154,0.2732,1.3333,56.7859,1.0000,0.0000,7.5099,23.0000
468,2,0.0091,2.5000,0.1161,0.1655,1.0000,0.0000,1.0000,0.0000,4.3333,25.0000
469,2,0.0091,2.5000,0.1161,0.1655,1.0000,0.0000,1.0000,0.0000,4.3333,25.0000
470,2,0.0172,3.5000,0.1561,0.2922,1.0000,0.0000,1.0000,0.0000,3.6946,29.0000
471,2,0.0172,3.5000,0.1561,0.2922,1.0000,0.0000,1.0000,0.0000,3.6946,29.0000
472,4,0.0234,2.7500,0.1227,0.0000,1.0000,0.0000,1.0000,0.0000,4.5977,30.0000
473,4,0.0234,2.7500,0.1227,0.0000,1.0000,0.0000,1.0000,0.0000,4.5977,30.0000
474,2,0.0123,3.0000,0.1257,0.3566,1.0000,0.0000,1.0000,0.0000,3.4483,30.0000
475,2,0.0123,3.0000,0.1257,0.3566,1.0000,0.0000,1.0000,0.0000,3.4483,30.0000
476,0,0.0000,0.0000,0.0000,0.0000,0.0000,0.0000,0.0000,0.0000
477,0,0.0000,0.0000,0.0000,0.0000,0.0000,0.0000,0.0000,0.0000
478,2,0.0550,5.0000,0.2333,0.3700,1.0000,0.0000,1.0000,0.0000,6.1538,26.0000
479,2,0.0550,5.0000,0.2333,0.3700,1.0000,0.0000,1.0000,0.0000,6.1538,26.0000
480,0,0.0000,0.0000,0.0000,0.0000,0.0000,0.0000,0.0000,0.0000
481,0,0.0000,0.0000,0.0000,0.0000,0.0000,0.0000,0.0000,0.0000
482,2,0.0048,2.0000,0.0952,0.5000,1.0000,0.0000,1.0000,0.0000,2.1645,22.0000
483,2,0.0048,2.0000,0.0952,0.5000,1.0000,0.0000,1.0000,0.0000,2.1645,22.0000
484,0,0.0000,0.0000,0.0000,0.0000,0.0000,0.0000,0.0000,0.0000
485,0,0.0000,0.0000,0.0000,0.0000,0.0000,0.0000,0.0000,0.0000
486,1,0.0040,2.0000,0.0870,0.0000,1.0000,0.0000,1.0000,0.0000,2.1739,24.0000
487,1,0.0040,2.0000,0.0870,0.0000,1.0000,0.0000,1.0000,0.0000,2.1739,24.0000
488,0,0.0000,0.0000,0.0000,0.0000,0.0000,0.0000,0.0000,0.0000
489,0,0.0000,0.0000,0.0000,0.0000,0.0000,0.0000,0.0000,0.0000
490,0,0.0000,0.0000,0.0000,0.0000,0.0000,0.0000,0.0000,0.0000
491,0,0.0000,0.0000,0.0000,0.0000,0.0000,0.0000,0.0000,0.0000
492,0,0.0000,0.0000,0.0000,0.0000,0.0000,0.0000,0.0000,0.0000
493,0,0.0000,0.0000,0.0000,0.0000,0.0000,0.0000,0.0000,0.0000
494,0,0.0000,0.0000,0.0000,0.0000,0.0000,0.0000,0.0000,0.0000
495,0,0.0000,0.0000,0.0000,0.0000,0.0000,0.0000,0.0000,0.0000
496,2,0.0190,2.5000,0.1565,0.0748,1.0000,0.0000,1.0000,0.0000,11.2554,22.0000
497,2,0.0190,2.5000,0.1565,0.0748,1.0000,0.0000,1.0000,0.0000,11.2554,22.0000
498,1,0.0025,2.0000,0.0690,0.0000,1.0000,0.0000,1.0000,0.0000,4.3678,30.0000
499,1,0.0025,2.0000,0.0690,0.0000,1.0000,0.0000,1.0000,0.0000,4.3678,30.0000
500,5,0.0348,2.6000,0.1289,0.3388,1.0000,0.0000,1.0000,0.0000,3.4392,28.0000
501,5,0.0348,2.6000,0.1289,0.3388,1.0000,0.0000,1.0000,0.0000,3.4392,28.0000
502,4,0.0092,2.0000,0.0924,0.3944,1.0000,0.0000,1.0000,0.0000,2.1538,26.0000
503,4,0.0092,2.0000,0.0924,0.3944,1.0000,0.0000,1.0000,0.0000,2.1538,26.0000
504,0,0.0000,0.0000,0.0000,0.0000,0.0000,0.0000,0.0000,0.0000
505,0,0.0000,0.0000,0.0000,0.0000,0.0000,0.0000,0.0000,0.0000
506,1,0.0067,3.0000,0.1200,0.6116,1.0000,0.0000,1.0000,0.0000,1.5385,26.0000
507,1,0.0067,3.0000,0.1200,0.6116,1.0000,0.0000,1.0000,0.0000,1.5385,26.0000
508,1,0.0057,3.0000,0.1111,0.0000,1.0000,0.0000,1.0000,0.0000,3.4392,28.0000
509,1,0.0057,3.0000,0.1111,0.0000,1.0000,0.0000,1.0000,0.0000,3.4392,28.0000
510,3,0.0443,4.6667,0.1846,0.2811,1.0000,0.0000,1.0000,0.0000,5.9770,30.0000
511,3,0.0443,4.6667,0.1846,0.2811,1.0000,0.0000,1.0000,0.0000,5.9770,30.0000
512,3,0.0580,5.3333,0.2427,0.1240,1.0000,0.0000,1.0000,0.0000,10.9848,33.0000
513,3,0.0580,5.3333,0.2427,0.1240,1.0000,0.0000,1.0000,0.0000,10.9848,33.0000
514,1,0.0053,3.0000,0.1071,0.0000,2.0000,665.5601,1.0000,0.0000,3.9409,29.0000
515,1,0.0053,3.0000,0.1071,0.0000,2.0000,665.5601,1.0000,0.0000,3.9409,29.0000
516,0,0.0000,0.0000,0.0000,0.0000,0.0000,0.0000,0.0000,0.0000
517,0,0.0000,0.0000,0.0000,0.0000,0.0000,0.0000,0.0000,0.0000
518,0,0.0000,0.0000,0.0000,0.0000,0.0000,0.0000,0.0000,0.0000
519,0,0.0000,0.0000,0.0000,0.0000,0.0000,0.0000,0.0000,0.0000
520,0,0.0000,0.0000,0.0000,0.0000,0.0000,0.0000,0.0000,0.0000
521,0,0.0000,0.0000,0.0000,0.0000,0.0000,0.0000,0.0000,0.0000
522,3,0.0084,2.3333,0.0928,0.2293,1.0000,0.0000,1.0000,0.0000,3.0108,31.0000
523,3,0.0084,2.3333,0.0928,0.2293,1.0000,0.0000,1.0000,0.0000,3.0108,31.0000
524,0,0.0000,0.0000,0.0000,0.0000,0.0000,0.0000,0.0000,0.0000
525,0,0.0000,0.0000,0.0000,0.0000,0.0000,0.0000,0.0000,0.0000
526,4,0.0167,2.0000,0.1010,0.0000,1.0000,0.0000,1.0000,0.0000,5.2308,26.0000
527,4,0.0167,2.0000,0.1010,0.0000,1.0000,0.0000,1.0000,0.0000,5.2308,26.0000
528,2,0.0357,4.5000,0.1641,0.3896,1.0000,0.0000,1.0000,0.0000,4.4335,29.0000
529,2,0.0357,4.5000,0.1641,0.3896,1.0000,0.0000,1.0000,0.0000,4.4335,29.0000
530,2,0.0155,4.0000,0.1562,0.0785,1.0000,0.0000,1.0000,0.0000,8.5227,33.0000
531,2,0.0155,4.0000,0.1562,0.0785,1.0000,0.0000,1.0000,0.0000,8.5227,33.0000
532,4,0.0205,3.7500,0.1539,0.1801,1.0000,0.0000,1.0000,0.0000,7.1429,29.0000
533,4,0.0205,3.7500,0.1539,0.1801,1.0000,0.0000,1.0000,0.0000,7.1429,29.0000
534,3,0.0061,2.3333,0.0874,0.0000,1.0000,0.0000,1.0000,0.0000,4.9462,31.0000
535,3,0.0061,2.3333,0.0874,0.0000,1.0000,0.0000,1.0000,0.0000,4.9462,31.0000
536,2,0.0259,4.0000,0.1707,0.3887,1.0000,0.0000,1.0000,0.0000,3.9080,30.0000
537,2,0.0259,4.0000,0.1707,0.3887,1.0000,0.0000,1.0000,0.0000,3.9080,30.0000
538,1,0.0069,4.0000,0.1333,0.5236,1.0000,0.0000,1.0000,0.0000,3.4409,31.0000
539,1,0.0069,4.0000,0.1333,0.5236,1.0000,0.0000,1.0000,0.0000,3.4409,31.0000
540,5,0.0065,2.8000,0.0952,0.0925,1.2000,146.9628,1.0000,0.0000,3.9773,33.0000
541,5,0.0065,2.8000,0.0952,0.0925,1.2000,146.9628,1.0000,0.0000,3.9773,33.0000
542,2,0.0368,4.5000,0.1859,0.4090,1.0000,0.0000,1.0000,0.0000,3.8710,31.0000
543,2,0.0368,4.5000,0.1859,0.4090,1.0000,0.0000,1.0000,0.0000,3.8710,31.0000
544,2,0.0079,3.0000,0.1143,0.5651,1.0000,0.0000,1.0000,0.0000,2.7094,29.0000
545,2,0.0079,3.0000,0.1143,0.5651,1.0000,0.0000,1.0000,0.0000,2.7094,29.0000
546,1,0.0067,3.0000,0.1200,0.0000,1.0000,0.0000,1.0000,0.0000,6.1538,26.0000
547,1,0.0067,3.0000,0.1200,0.0000,1.0000,0.0000,1.0000,0.0000,6.1538,26.0000
548,3,0.0411,3.0000,0.1488,0.1523,1.0000,0.0000,1.0000,0.0000,7.0000,25.0000
549,3,0.0411,3.0000,0.1488,0.1523,1.0000,0.0000,1.0000,0.0000,7.0000,25.0000
550,0,0.0000,0.0000,0.0000,0.0000,0.0000,0.0000,0.0000,0.0000
551,0,0.0000,0.0000,0.0000,0.0000,0.0000,0.0000,0.0000,0.0000
552,2,0.0367,3.5000,0.2099,0.1978,1.0000,0.0000,1.0000,0.0000,7.0769,26.0000
553,2,0.0367,3.5000,0.2099,0.1978,1.0000,0.0000,1.0000,0.0000,7.0769,26.0000
554,2,0.0031,2.0000,0.0769,0.0000,1.0000,0.0000,1.0000,0.0000,4.5584,27.0000
555,2,0.0031,2.0000,0.0769,0.0000,1.0000,0.0000,1.0000,0.0000,4.5584,27.0000
556,0,0.0000,0.0000,0.0000,0.0000,0.0000,0.0000,0.0000,0.0000
557,0,0.0000,0.0000,0.0000,0.0000,0.0000,0.0000,0.0000,0.0000
558,1,0.0237,3.0000,0.1775,0.2245,1.0000,0.0000,1.0000,0.0000,6.1594,24.0000
559,1,0.0237,3.0000,0.1775,0.2245,1.0000,0.0000,1.0000,0.0000,6.1594,24.0000
560,2,0.0054,2.5000,0.1042,0.3058,1.0000,0.0000,1.0000,0.0000,2.6667,25.0000
561,2,0.0054,2.5000,0.1042,0.3058,1.0000,0.0000,1.0000,0.0000,2.6667,25.0000
562,2,0.0277,3.5000,0.1635,0.3686,1.5000,139.3637,1.5000,0.0000,3.9886,27.0000
563,2,0.0277,3.5000,0.1635,0.3686,1.5000,139.3637,1.5000,0.0000,3.9886,27.0000
564,2,0.0091,3.5000,0.1458,0.2311,1.0000,0.0000,1.0000,0.0000,5.0000,25.0000
565,2,0.0091,3.5000,0.1458,0.2311,1.0000,0.0000,1.0000,0.0000,5.0000,25.0000
566,1,0.0714,4.0000,0.2540,0.2592,1.0000,0.0000,1.0000,0.0000,8.2251,22.0000
567,1,0.0714,4.0000,0.2540,0.2592,1.0000,0.0000,1.0000,0.0000,8.2251,22.0000
568,1,0.0036,2.0000,0.0833,0.7071,1.0000,0.0000,1.0000,0.0000,2.3333,25.0000
569,1,0.0036,2.0000,0.0833,0.7071,1.0000,0.0000,1.0000,0.0000,2.3333,25.0000
570,0,0.0000,0.0000,0.0000,0.0000,0.0000,0.0000,0.0000,0.0000
571,0,0.0000,0.0000,0.0000,0.0000,0.0000,0.0000,0.0000,0.0000
572,2,0.0086,2.5000,0.1011,0.4731,1.0000,0.0000,1.0000,0.0000,1.8391,30.0000
573,2,0.0086,2.5000,0.1011,0.4731,1.0000,0.0000,1.0000,0.0000,1.8391,30.0000
574,3,0.0120,3.0000,0.1172,0.1447,1.0000,0.0000,1.0000,0.0000,4.2781,34.0000
575,3,0.0120,3.0000,0.1172,0.1447,1.0000,0.0000,1.0000,0.0000,4.2781,34.0000
576,3,0.0054,2.3333,0.0856,0.1583,1.0000,0.0000,1.0000,0.0000,2.1505,31.0000
577,3,0.0054,2.3333,0.0856,0.1583,1.0000,0.0000,1.0000,0.0000,2.1505,31.0000
578,1,0.0256,5.0000,0.1905,0.5424,1.0000,0.0000,1.0000,0.0000,4.7619,28.0000
579,1,0.0256,5.0000,0.1905,0.5424,1.0000,0.0000,1.0000,0.0000,4.7619,28.0000
580,2,0.0100,2.5000,0.1086,0.4731,1.0000,0.0000,1.0000,0.0000,2.9101,28.0000
581,2,0.0100,2.5000,0.1086,0.4731,1.0000,0.0000,1.0000,0.0000,2.9101,28.0000
582,0,0.0000,0.0000,0.0000,0.0000,0.0000,0.0000,0.0000,0.0000
583,0,0.0000,0.0000,0.0000,0.0000,0.0000,0.0000,0.0000,0.0000
584,2,0.0316,2.5000,0.1679,0.1905,1.0000,0.0000,1.0000,0.0000,5.4348,24.0000
585,2,0.0316,2.5000,0.1679,0.1905,1.0000,0.0000,1.0000,0.0000,5.4348,24.0000
586,3,0.0335,3.3333,0.1811,0.1420,1.3333,62.1448,1.0000,0.0000,7.3892,29.0000
587,3,0.0335,3.3333,0.1811,0.1420,1.3333,62.1448,1.0000,0.0000,7.3892,29.0000
588,0,0.0000,0.0000,0.0000,0.0000,0.0000,0.0000,0.0000,0.0000
589,0,0.0000,0.0000,0.0000,0.0000,0.0000,0.0000,0.0000,0.0000
590,2,0.0046,2.0000,0.0750,0.0000,1.0000,0.0000,1.0000,0.0000,3.4409,31.0000
591,2,0.0046,2.0000,0.0750,0.0000,1.0000,0.0000,1.0000,0.0000,3.4409,31.0000
592,2,0.0172,3.5000,0.1561,0.2922,1.0000,0.0000,1.0000,0.0000,3.9409,29.0000
593,2,0.0172,3.5000,0.1561,0.2922,1.0000,0.0000,1.0000,0.0000,3.9409,29.0000
594,0,0.0000,0.0000,0.0000,0.0000,0.0000,0.0000,0.0000,0.0000
595,0,0.0000,0.0000,0.0000,0.0000,0.0000,0.0000,0.0000,0.0000
596,1,0.0769,7.0000,0.2540,0.3558,1.0000,0.0000,1.0000,0.0000,8.4656,28.0000
597,1,0.0769,7.0000,0.2540,0.3558,1.0000,0.0000,1.0000,0.0000,8.4656,28.0000
598,2,0.0230,4.5000,0.1877,0.2111,1.0000,0.0000,1.0000,0.0000,6.4516,31.0000
599,2,0.0230,4.5000,0.1877,0.2111,1.0000,0.0000,1.0000,0.0000,6.4516,31.0000
600,3,0.0209,3.0000,0.1342,0.4613,1.3333,90.9340,1.0000,0.0000,3.9683,28.0000
601,3,0.0209,3.0000,0.1342,0.4613,1.3333,90.9340,1.0000,0.0000,3.9683,28.0000
602,2,0.0382,3.5000,0.1637,0.3312,1.0000,0.0000,1.0000,0.0000,4.5977,30.0000
603,2,0.0382,3.5000,0.1637,0.3312,1.0000,0.0000,1.0000,0.0000,4.5977,30.0000
604,1,0.0300,4.0000,0.1818,0.2586,1.0000,0.0000,1.0000,0.0000,6.4615,26.0000
605,1,0.0300,4.0000,0.1818,0.2586,1.0000,0.0000,1.0000,0.0000,6.4615,26.0000
606,3,0.0057,2.6667,0.0985,0.1103,1.0000,0.0000,1.0000,0.0000,3.9080,30.0000
607,3,0.0057,2.6667,0.0985,0.1103,1.0000,0.0000,1.0000,0.0000,3.9080,30.0000
608,2,0.0454,4.5000,0.1841,0.0494,1.0000,0.0000,1.0000,0.0000,12.6894,33.0000
609,2,0.0454,4.5000,0.1841,0.0494,1.0000,0.0000,1.0000,0.0000,12.6894,33.0000
610,2,0.0104,3.5000,0.1361,0.0814,1.0000,0.0000,1.0000,0.0000,7.3084,34.0000
611,2,0.0104,3.5000,0.1361,0.0814,1.0000,0.0000,1.0000,0.0000,7.3084,34.0000
612,0,0.0000,0.0000,0.0000,0.0000,0.0000,0.0000,0.0000,0.0000
613,0,0.0000,0.0000,0.0000,0.0000,0.0000,0.0000,0.0000,0.0000
614,3,0.0077,2.0000,0.0804,0.5258,1.0000,0.0000,1.0000,0.0000,1.7204,31.0000
615,3,0.0077,2.0000,0.0804,0.5258,1.0000,0.0000,1.0000,0.0000,1.7204,31.0000
616,0,0.0000,0.0000,0.0000,0.0000,0.0000,0.0000,0.0000,0.0000
617,0,0.0000,0.0000,0.0000,0.0000,0.0000,0.0000,0.0000,0.0000
618,1,0.0342,6.0000,0.2269,0.4857,1.0000,0.0000,1.0000,0.0000,5.0265,28.0000
619,1,0.0342,6.0000,0.2269,0.4857,1.0000,0.0000,1.0000,0.0000,5.0265,28.0000
620,0,0.0000,0.0000,0.0000,0.0000,0.0000,0.0000,0.0000,0.0000
621,0,0.0000,0.0000,0.0000,0.0000,0.0000,0.0000,0.0000,0.0000
622,3,0.0528,3.6667,0.2178,0.1687,1.0000,0.0000,1.0000,0.0000,6.8783,28.0000
623,3,0.0528,3.6667,0.2178,0.1687,1.0000,0.0000,1.0000,0.0000,6.8783,28.0000
624,0,0.0000,0.0000,0.0000,0.0000,0.0000,0.0000,0.0000,0.0000
625,0,0.0000,0.0000,0.0000,0.0000,0.0000,0.0000,0.0000,0.0000
626,0,0.0000,0.0000,0.0000,0.0000,0.0000,0.0000,0.0000,0.0000
627,0,0.0000,0.0000,0.0000,0.0000,0.0000,0.0000,0.0000,0.0000
628,0,0.0000,0.0000,0.0000,0.0000,0.0000,0.0000,0.0000,0.0000
629,0,0.0000,0.0000,0.0000,0.0000,0.0000,0.0000,0.0000,0.0000
630,0,0.0000,0.0000,0.0000,0.0000,0.0000,0.0000,0.0000,0.0000
631,0,0.0000,0.0000,0.0000,0.0000,0.0000,0.0000,0.0000,0.0000
632,1,0.0571,4.0000,0.2344,0.2152,1.0000,0.0000,1.0000,0.0000,7.7922,22.0000
633,1,0.0571,4.0000,0.2344,0.2152,1.0000,0.0000,1.0000,0.0000,7.7922,22.0000
634,2,0.0172,3.0000,0.1388,0.2683,1.0000,0.0000,1.0000,0.0000,3.6946,29.0000
635,2,0.0172,3.0000,0.1388,0.2683,1.0000,0.0000,1.0000,0.0000,3.6946,29.0000
636,3,0.0352,3.3333,0.1499,0.2830,1.0000,0.0000,1.3333,0.0000,3.0108,31.0000
637,3,0.0352,3.3333,0.1499,0.2830,1.0000,0.0000,1.3333,0.0000,3.0108,31.0000
638,2,0.0152,3.0000,0.1402,0.2667,1.0000,0.0000,1.0000,0.0000,4.3478,23.0000
639,2,0.0152,3.0000,0.1402,0.2667,1.0000,0.0000,1.0000,0.0000,4.3478,23.0000
640,1,0.0036,2.0000,0.0833,0.0000,1.0000,0.0000,1.0000,0.0000,6.6667,25.0000
641,1,0.0036,2.0000,0.0833,0.0000,1.0000,0.0000,1.0000,0.0000,6.6667,25.0000
642,6,0.0171,2.0000,0.0928,0.0001,1.0000,0.0000,1.0000,0.0000,3.1746,28.0000
643,6,0.0171,2.0000,0.0928,0.0001,1.0000,0.0000,1.0000,0.0000,3.1746,28.0000
644,0,0.0000,0.0000,0.0000,0.0000,0.0000,0.0000,0.0000,0.0000
645,0,0.0000,0.0000,0.0000,0.0000,0.0000,0.0000,0.0000,0.0000
646,0,0.0000,0.0000,0.0000,0.0000,0.0000,0.0000,0.0000,0.0000
647,0,0.0000,0.0000,0.0000,0.0000,0.0000,0.0000,0.0000,0.0000
648,1,0.0143,4.0000,0.1905,0.5236,1.0000,0.0000,1.0000,0.0000,5.1948,22.0000
649,1,0.0143,4.0000,0.1905,0.5236,1.0000,0.0000,1.0000,0.0000,5.1948,22.0000
650,1,0.0040,2.0000,0.0870,0.0000,1.0000,0.0000,1.0000,0.0000,3.2609,24.0000
651,1,0.0040,2.0000,0.0870,0.0000,1.0000,0.0000,1.0000,0.0000,3.2609,24.0000
652,2,0.0138,2.5000,0.1275,0.4731,1.0000,0.0000,1.0000,0.0000,2.1739,24.0000
653,2,0.0138,2.5000,0.1275,0.4731,1.0000,0.0000,1.0000,0.0000,2.1739,24.0000
654,0,0.0000,0.0000,0.0000,0.0000,0.0000,0.0000,0.0000,0.0000
655,0,0.0000,0.0000,0.0000,0.0000,0.0000,0.0000,0.0000,0.0000
656,0,0.0000,0.0000,0.0000,0.0000,0.0000,0.0000,0.0000,0.0000
657,0,0.0000,0.0000,0.0000,0.0000,0.0000,0.0000,0.0000,0.0000
658,0,0.0000,0.0000,0.0000,0.0000,0.0000,0.0000,0.0000,0.0000
659,0,0.0000,0.0000,0.0000,0.0000,0.0000,0.0000,0.0000,0.0000
660,5,0.0431,2.8000,0.1392,0.0000,1.0000,0.0000,1.0000,0.0000,5.4131,27.0000
661,5,0.0431,2.8000,0.1392,0.0000,1.0000,0.0000,1.0000,0.0000,5.4131,27.0000
662,0,0.0000,0.0000,0.0000,0.0000,0.0000,0.0000,0.0000,0.0000
663,0,0.0000,0.0000,0.0000,0.0000,0.0000,0.0000,0.0000,0.0000
664,6,0.0284,2.1667,0.1060,0.0490,1.0000,0.0000,1.0000,0.0000,4.3011,31.0000
665,6,0.0284,2.1667,0.1060,0.0490,1.0000,0.0000,1.0000,0.0000,4.3011,31.0000
666,2,0.0049,2.0000,0.0776,0.0001,1.0000,0.0000,1.0000,0.0000,3.4483,30.0000
667,2,0.0049,2.0000,0.0776,0.0001,1.0000,0.0000,1.0000,0.0000,3.4483,30.0000
668,1,0.0661,6.0000,0.2381,0.3981,1.0000,0.0000,1.0000,0.0000,7.6355,29.0000
669,1,0.0661,6.0000,0.2381,0.3981,1.0000,0.0000,1.0000,0.0000,7.6355,29.0000
670,2,0.0099,4.5000,0.1571,0.1833,1.0000,0.0000,1.0000,0.0000,6.8966,30.0000
671,2,0.0099,4.5000,0.1571,0.1833,1.0000,0.0000,1.0000,0.0000,6.8966,30.0000
672,2,0.0046,2.0000,0.0750,0.0000,1.5000,296.2688,1.0000,0.0000,6.8817,31.0000
673,2,0.0046,2.0000,0.0750,0.0000,1.5000,296.2688,1.0000,0.0000,6.8817,31.0000
674,1,0.0023,2.0000,0.0667,0.0000,1.0000,0.0000,1.0000,0.0000,7.0968,31.0000
675,1,0.0023,2.0000,0.0667,0.0000,1.0000,0.0000,1.0000,0.0000,7.0968,31.0000
676,2,0.0049,2.5000,0.0897,0.2374,1.0000,0.0000,1.0000,0.0000,2.5287,30.0000
677,2,0.0049,2.5000,0.0897,0.2374,1.0000,0.0000,1.0000,0.0000,2.5287,30.0000
678,2,0.0040,2.5000,0.0893,0.0000,1.0000,0.0000,1.0000,0.0000,6.6502,29.0000
679,2,0.0040,2.5000,0.0893,0.0000,1.0000,0.0000,1.0000,0.0000,6.6502,29.0000
680,3,0.0262,3.3333,0.1207,0.3597,1.0000,0.0000,1.0000,0.0000,2.8409,33.0000
681,3,0.0262,3.3333,0.1207,0.3597,1.0000,0.0000,1.0000,0.0000,2.8409,33.0000
682,0,0.0000,0.0000,0.0000,0.0000,0.0000,0.0000,0.0000,0.0000
683,0,0.0000,0.0000,0.0000,0.0000,0.0000,0.0000,0.0000,0.0000
684,2,0.0049,3.0000,0.1034,0.2618,1.0000,0.0000,1.0000,0.0000,2.9885,30.0000
685,2,0.0049,3.0000,0.1034,0.2618,1.0000,0.0000,1.0000,0.0000,2.9885,30.0000
686,5,0.0988,3.0000,0.1766,0.1121,1.0000,0.0000,1.0000,0.0000,7.6087,24.0000
687,5,0.0988,3.0000,0.1766,0.1121,1.0000,0.0000,1.0000,0.0000,7.6087,24.0000
688,3,0.0200,2.6667,0.1280,0.2619,1.3333,121.4580,1.0000,0.0000,3.6923,26.0000
689,3,0.0200,2.6667,0.1280,0.2619,1.3333,121.4580,1.0000,0.0000,3.6923,26.0000
690,0,0.0000,0.0000,0.0000,0.0000,0.0000,0.0000,0.0000,0.0000
691,0,0.0000,0.0000,0.0000,0.0000,0.0000,0.0000,0.0000,0.0000
692,0,0.0000,0.0000,0.0000,0.0000,0.0000,0.0000,0.0000,0.0000
693,0,0.0000,0.0000,0.0000,0.0000,0.0000,0.0000,0.0000,0.0000
694,2,0.0117,2.0000,0.1184,0.0000,1.0000,0.0000,1.0000,0.0000,4.7368,20.0000
695,2,0.0117,2.0000,0.1184,0.0000,1.0000,0.0000,1.0000,0.0000,4.7368,20.0000
696,0,0.0000,0.0000,0.0000,0.0000,0.0000,0.0000,0.0000,0.0000
697,0,0.0000,0.0000,0.0000,0.0000,0.0000,0.0000,0.0000,0.0000
698,3,0.0314,3.6667,0.2041,0.1288,1.0000,0.0000,1.0000,0.0000,11.0000,25.0000
699,3,0.0314,3.6667,0.2041,0.1288,1.0000,0.0000,1.0000,0.0000,11.0000,25.0000
700,1,0.0025,2.0000,0.0690,0.0000,1.0000,0.0000,1.0000,0.0000,2.0690,30.0000
701,1,0.0025,2.0000,0.0690,0.0000,1.0000,0.0000,1.0000,0.0000,2.0690,30.0000
702,0,0.0000,0.0000,0.0000,0.0000,0.0000,0.0000,0.0000,0.0000
703,0,0.0000,0.0000,0.0000,0.0000,0.0000,0.0000,0.0000,0.0000
704,0,0.0000,0.0000,0.0000,0.0000,0.0000,0.0000,0.0000,0.0000
705,0,0.0000,0.0000,0.0000,0.0000,0.0000,0.0000,0.0000,0.0000
706,1,0.0100,3.0000,0.1280,0.0000,1.0000,0.0000,1.0000,0.0000,4.9231,26.0000
707,1,0.0100,3.0000,0.1280,0.0000,1.0000,0.0000,1.0000,0.0000,4.9231,26.0000
708,0,0.0000,0.0000,0.0000,0.0000,0.0000,0.0000,0.0000,0.0000
709,0,0.0000,0.0000,0.0000,0.0000,0.0000,0.0000,0.0000,0.0000
710,2,0.0093,2.5000,0.1048,0.0001,1.0000,0.0000,1.0000,0.0000,3.2020,29.0000
711,2,0.0093,2.5000,0.1048,0.0001,1.0000,0.0000,1.0000,0.0000,3.2020,29.0000
712,3,0.0437,3.0000,0.1800,0.1018,1.0000,0.0000,1.0000,0.0000,7.4074,28.0000
713,3,0.0437,3.0000,0.1800,0.1018,1.0000,0.0000,1.0000,0.0000,7.4074,28.0000
714,2,0.0100,2.5000,0.1195,0.0000,1.0000,0.0000,1.0000,0.0000,11.1111,28.0000
715,2,0.0100,2.5000,0.1195,0.0000,1.0000,0.0000,1.0000,0.0000,11.1111,28.0000
716,3,0.0863,4.3333,0.1952,0.1377,1.3333,175.9841,1.0000,0.0000,6.6532,32.0000
717,3,0.0863,4.3333,0.1952,0.1377,1.3333,175.9841,1.0000,0.0000,6.6532,32.0000
718,2,0.0049,2.0000,0.0776,0.0001,1.0000,0.0000,1.0000,0.0000,2.7586,30.0000
719,2,0.0049,2.0000,0.0776,0.0001,1.0000,0.0000,1.0000,0.0000,2.7586,30.0000
720,2,0.0053,2.0000,0.0804,0.0000,1.0000,0.0000,1.0000,0.0000,4.6798,29.0000
721,2,0.0053,2.0000,0.0804,0.0000,1.0000,0.0000,1.0000,0.0000,4.6798,29.0000
722,3,0.0039,3.3333,0.0853,0.0859,1.0000,0.0000,1.0000,0.0000,5.2049,43.0000
723,3,0.0039,3.3333,0.0853,0.0859,1.0000,0.0000,1.0000,0.0000,5.2049,43.0000
724,5,0.0024,2.4000,0.0536,0.0099,1.0000,0.0000,1.0000,0.0000,4.1558,56.0000
725,5,0.0024,2.4000,0.0536,0.0099,1.0000,0.0000,1.0000,0.0000,4.1558,56.0000
726,5,0.0157,3.8000,0.1150,0.0302,1.0000,0.0000,1.0000,0.0000,5.9207,66.0000
727,5,0.0157,3.8000,0.1150,0.0302,1.0000,0.0000,1.0000,0.0000,5.9207,66.0000
728,4,0.0009,2.2500,0.0338,0.0000,1.0000,0.0000,1.0000,0.0000,4.1836,74.0000
729,4,0.0009,2.2500,0.0338,0.0000,1.0000,0.0000,1.0000,0.0000,4.1836,74.0000
730,4,0.0104,5.0000,0.0809,0.0936,1.2500,116.4844,1.0000,0.0000,3.0584,71.0000
731,4,0.0104,5.0000,0.0809,0.0936,1.2500,116.4844,1.0000,0.0000,3.0584,71.0000
732,2,0.0076,2.5000,0.1012,0.0051,1.0000,0.0000,1.0000,0.0000,9.0395,60.0000
733,2,0.0076,2.5000,0.1012,0.0051,1.0000,0.0000,1.0000,0.0000,9.0395,60.0000
734,2,0.0014,2.5000,0.0407,0.0000,1.0000,0.0000,1.0000,0.0000,5.2892,73.0000
735,2,0.0014,2.5000,0.0407,0.0000,1.0000,0.0000,1.0000,0.0000,5.2892,73.0000
736,11,0.0089,3.0909,0.0608,0.0141,1.0000,0.0000,1.0909,0.0000,3.8278,77.0000
737,11,0.0089,3.0909,0.0608,0.0141,1.0000,0.0000,1.0909,0.0000,3.8278,77.0000
738,5,0.0076,2.4000,0.0473,0.0116,1.0000,0.0000,1.0000,0.0000,3.5388,73.0000
739,5,0.0076,2.4000,0.0473,0.0116,1.0000,0.0000,1.0000,0.0000,3.5388,73.0000
740,7,0.0260,4.8571,0.1342,0.0613,1.0000,0.0000,1.1429,0.0000,5.7068,68.0000
741,7,0.0260,4.8571,0.1342,0.0613,1.0000,0.0000,1.1429,0.0000,5.7068,68.0000
742,8,0.0079,4.0000,0.0767,0.0196,1.0000,0.0000,1.1250,0.0000,4.8501,74.0000
743,8,0.0079,4.0000,0.0767,0.0196,1.0000,0.0000,1.1250,0.0000,4.8501,74.0000
744,8,0.0186,4.1250,0.1009,0.0704,1.2500,136.3011,1.0000,0.0000,4.2645,72.0000
745,8,0.0186,4.1250,0.1009,0.0704,1.2500,136.3011,1.0000,0.0000,4.2645,72.0000
746,7,0.0263,3.8571,0.1069,0.0378,1.2857,98.3028,1.0000,0.0000,4.3863,71.0000
747,7,0.0263,3.8571,0.1069,0.0378,1.2857,98.3028,1.0000,0.0000,4.3863,71.0000
748,3,0.0020,3.0000,0.0559,0.0000,2.3333,317.0092,1.0000,0.0000,6.7956,64.0000
749,3,0.0020,3.0000,0.0559,0.0000,2.3333,317.0092,1.0000,0.0000,6.7956,64.0000
750,5,0.0600,5.0000,0.1309,0.0241,1.4000,52.2621,1.0000,0.0000,5.6338,71.0000
751,5,0.0600,5.0000,0.1309,0.0241,1.4000,52.2621,1.0000,0.0000,5.6338,71.0000
752,6,0.0121,3.3333,0.0650,0.0519,1.0000,0.0000,1.0000,0.0000,4.8558,65.0000
753,6,0.0121,3.3333,0.0650,0.0519,1.0000,0.0000,1.0000,0.0000,4.8558,65.0000
754,8,0.0105,3.5000,0.0854,0.0472,1.1250,39.9288,1.0000,0.0000,3.1388,71.0000
755,8,0.0105,3.5000,0.0854,0.0472,1.1250,39.9288,1.0000,0.0000,3.1388,71.0000
756,5,0.0133,4.0000,0.0794,0.0173,1.0000,0.0000,1.0000,0.0000,5.7557,70.0000
757,5,0.0133,4.0000,0.0794,0.0173,1.0000,0.0000,1.0000,0.0000,5.7557,70.0000
758,7,0.0102,3.8571,0.0676,0.0329,1.0000,0.0000,1.0000,0.0000,4.6138,77.0000
759,7,0.0102,3.8571,0.0676,0.0329,1.0000,0.0000,1.0000,0.0000,4.6138,77.0000
760,7,0.0041,4.8571,0.0775,0.0369,1.1429,162.1043,1.0000,0.0000,6.8694,77.0000
761,7,0.0041,4.8571,0.0775,0.0369,1.1429,162.1043,1.0000,0.0000,6.8694,77.0000
762,5,0.0331,3.4000,0.1229,0.0020,1.0000,0.0000,1.0000,0.0000,7.6483,82.0000
763,5,0.0331,3.4000,0.1229,0.0020,1.0000,0.0000,1.0000,0.0000,7.6483,82.0000
764,6,0.0126,3.3333,0.0717,0.0348,1.0000,0.0000,1.0000,0.0000,4.2758,82.0000
765,6,0.0126,3.3333,0.0717,0.0348,1.0000,0.0000,1.0000,0.0000,4.2758,82.0000
766,6,0.0110,3.3333,0.0664,0.0133,1.0000,0.0000,1.0000,0.0000,4.2722,80.0000
767,6,0.0110,3.3333,0.0664,0.0133,1.0000,0.0000,1.0000,0.0000,4.2722,80.0000
768,7,0.0126,3.8571,0.0854,0.0304,1.0000,0.0000,1.0000,0.0000,5.0000,81.0000
769,7,0.0126,3.8571,0.0854,0.0304,1.0000,0.0000,1.0000,0.0000,5.0000,81.0000
770,7,0.0131,3.7143,0.0813,0.0264,1.1429,127.3154,1.0000,0.0000,5.1323,87.0000
771,7,0.0131,3.7143,0.0813,0.0264,1.1429,127.3154,1.0000,0.0000,5.1323,87.0000
772,8,0.0253,3.1250,0.0840,0.0096,1.0000,0.0000,1.0000,0.0000,3.5913,74.0000
773,8,0.0253,3.1250,0.0840,0.0096,1.0000,0.0000,1.0000,0.0000,3.5913,74.0000
774,3,0.0043,3.3333,0.0679,0.0008,1.0000,0.0000,1.0000,0.0000,8.8649,75.0000
775,3,0.0043,3.3333,0.0679,0.0008,1.0000,0.0000,1.0000,0.0000,8.8649,75.0000
776,3,0.0129,4.0000,0.0856,0.0273,1.0000,0.0000,1.0000,0.0000,5.4342,85.0000
777,3,0.0129,4.0000,0.0856,0.0273,1.0000,0.0000,1.0000,0.0000,5.4342,85.0000
778,10,0.0089,3.0000,0.0742,0.0052,1.1000,99.7163,1.0000,0.0000,5.9494,80.0000
779,10,0.0089,3.0000,0.0742,0.0052,1.1000,99.7163,1.0000,0.0000,5.9494,80.0000
780,2,0.0022,2.5000,0.0467,0.0000,1.0000,0.0000,1.0000,0.0000,7.2038,69.0000
781,2,0.0022,2.5000,0.0467,0.0000,1.0000,0.0000,1.0000,0.0000,7.2038,69.0000
782,2,0.0031,3.0000,0.0587,0.0442,1.0000,0.0000,1.0000,0.0000,3.0303,66.0000
783,2,0.0031,3.0000,0.0587,0.0442,1.0000,0.0000,1.0000,0.0000,3.0303,66.0000
784,9,0.0203,3.8889,0.1124,0.0314,1.0000,0.0000,1.0000,0.0000,5.6315,70.0000
785,9,0.0203,3.8889,0.1124,0.0314,1.0000,0.0000,1.0000,0.0000,5.6315,70.0000
786,2,0.0273,3.5000,0.1245,0.0309,1.5000,178.7455,1.0000,0.0000,4.4266,71.0000
787,2,0.0273,3.5000,0.1245,0.0309,1.5000,178.7455,1.0000,0.0000,4.4266,71.0000
788,7,0.0095,4.5714,0.0800,0.0254,1.0000,0.0000,1.0000,0.0000,5.0526,76.0000
789,7,0.0095,4.5714,0.0800,0.0254,1.0000,0.0000,1.0000,0.0000,5.0526,76.0000
790,4,0.0054,3.2500,0.0628,0.0132,1.0000,0.0000,1.0000,0.0000,7.7895,76.0000
791,4,0.0054,3.2500,0.0628,0.0132,1.0000,0.0000,1.0000,0.0000,7.7895,76.0000
792,6,0.0047,5.0000,0.0777,0.0265,1.0000,0.0000,1.0000,0.0000,4.2609,83.0000
793,6,0.0047,5.0000,0.0777,0.0265,1.0000,0.0000,1.0000,0.0000,4.2609,83.0000
794,8,0.0087,2.7500,0.0688,0.0041,1.0000,0.0000,1.1250,0.0000,6.8052,82.0000
795,8,0.0087,2.7500,0.0688,0.0041,1.0000,0.0000,1.1250,0.0000,6.8052,82.0000
796,3,0.0059,7.6667,0.1304,0.1017,1.3333,89.7262,1.0000,0.0000,5.7890,83.0000
797,3,0.0059,7.6667,0.1304,0.1017,1.3333,89.7262,1.0000,0.0000,5.7890,83.0000
798,10,0.0103,2.7000,0.0708,0.0181,1.1000,123.1454,1.0000,0.0000,4.2720,77.0000
799,10,0.0103,2.7000,0.0708,0.0181,1.1000,123.1454,1.0000,0.0000,4.2720,77.0000
800,8,0.0208,3.5000,0.0976,0.0266,1.2500,96.6944,1.0000,0.0000,4.7184,73.0000
801,8,0.0208,3.5000,0.0976,0.0266,1.2500,96.6944,1.0000,0.0000,4.7184,73.0000
802,4,0.0496,4.2500,0.1256,0.0714,1.2500,333.4185,1.2500,0.0000,4.4755,66.0000
803,4,0.0496,4.2500,0.1256,0.0714,1.2500,333.4185,1.2500,0.0000,4.4755,66.0000
804,4,0.0033,3.0000,0.0569,0.0025,1.0000,0.0000,1.0000,0.0000,4.6133,67.0000
805,4,0.0033,3.0000,0.0569,0.0025,1.0000,0.0000,1.0000,0.0000,4.6133,67.0000
806,7,0.0043,3.7143,0.0689,0.0331,1.1429,65.3504,1.1429,0.0000,5.3995,68.0000
807,7,0.0043,3.7143,0.0689,0.0331,1.1429,65.3504,1.1429,0.0000,5.3995,68.0000
808,2,0.0264,6.5000,0.1654,0.0553,1.0000,0.0000,1.0000,0.0000,6.6801,71.0000
809,2,0.0264,6.5000,0.1654,0.0553,1.0000,0.0000,1.0000,0.0000,6.6801,71.0000
810,5,0.0098,4.0000,0.0781,0.0245,1.0000,0.0000,1.0000,0.0000,3.5676,75.0000
811,5,0.0098,4.0000,0.0781,0.0245,1.0000,0.0000,1.0000,0.0000,3.5676,75.0000
812,5,0.0157,3.6000,0.1138,0.0742,1.0000,0.0000,1.0000,0.0000,4.6377,70.0000
813,5,0.0157,3.6000,0.1138,0.0742,1.0000,0.0000,1.0000,0.0000,4.6377,70.0000
814,7,0.0454,3.0000,0.1115,0.0045,1.1429,97.2649,1.0000,0.0000,6.2940,74.0000
815,7,0.0454,3.0000,0.1115,0.0045,1.1429,97.2649,1.0000,0.0000,6.2940,74.0000
816,9,0.0137,3.1111,0.0963,0.0111,1.0000,0.0000,1.0000,0.0000,6.3603,78.0000
817,9,0.0137,3.1111,0.0963,0.0111,1.0000,0.0000,1.0000,0.0000,6.3603,78.0000
818,16,0.0074,2.7500,0.0500,0.0139,1.1250,95.1602,1.0000,0.0000,4.0552,83.0000
819,16,0.0074,2.7500,0.0500,0.0139,1.1250,95.1602,1.0000,0.0000,4.0552,83.0000
820,11,0.0258,4.7273,0.1005,0.0324,1.1818,81.9341,1.0000,0.0000,7.0679,81.0000
821,11,0.0258,4.7273,0.1005,0.0324,1.1818,81.9341,1.0000,0.0000,7.0679,81.0000
822,5,0.0013,3.0000,0.0405,0.0000,1.2000,95.2080,1.0000,0.0000,6.7294,83.0000
823,5,0.0013,3.0000,0.0405,0.0000,1.2000,95.2080,1.0000,0.0000,6.7294,83.0000
824,5,0.0044,2.8000,0.0472,0.0004,1.0000,0.0000,1.0000,0.0000,5.0286,82.0000
825,5,0.0044,2.8000,0.0472,0.0004,1.0000,0.0000,1.0000,0.0000,5.0286,82.0000
826,8,0.0108,3.8750,0.0739,0.0447,1.0000,0.0000,1.0000,0.0000,3.9298,76.0000
827,8,0.0108,3.8750,0.0739,0.0447,1.0000,0.0000,1.0000,0.0000,3.9298,76.0000
828,6,0.0168,3.3333,0.1003,0.0319,1.1667,112.9691,1.1667,0.0000,4.8618,78.0000
829,6,0.0168,3.3333,0.1003,0.0319,1.1667,112.9691,1.1667,0.0000,4.8618,78.0000
830,6,0.0050,3.5000,0.0548,0.0259,1.1667,119.2356,1.1667,0.0000,4.6480,77.0000
831,6,0.0050,3.5000,0.0548,0.0259,1.1667,119.2356,1.1667,0.0000,4.6480,77.0000
832,6,0.0188,3.1667,0.0849,0.0020,1.0000,0.0000,1.0000,0.0000,8.6117,71.0000
833,6,0.0188,3.1667,0.0849,0.0020,1.0000,0.0000,1.0000,0.0000,8.6117,71.0000
834,11,0.0204,4.0000,0.0755,0.0348,1.0909,51.2806,1.0909,0.0000,5.0090,75.0000
835,11,0.0204,4.0000,0.0755,0.0348,1.0909,51.2806,1.0909,0.0000,5.0090,75.0000
836,5,0.0205,4.8000,0.1110,0.0117,1.0000,0.0000,1.0000,0.0000,4.1253,82.0000
837,5,0.0205,4.8000,0.1110,0.0117,1.0000,0.0000,1.0000,0.0000,4.1253,82.0000
838,4,0.0044,4.0000,0.0679,0.0216,1.0000,0.0000,1.0000,0.0000,4.5548,83.0000
839,4,0.0044,4.0000,0.0679,0.0216,1.0000,0.0000,1.0000,0.0000,4.5548,83.0000
840,4,0.0007,3.0000,0.0366,0.0000,1.0000,0.0000,1.0000,0.0000,4.5254,83.0000
841,4,0.0007,3.0000,0.0366,0.0000,1.0000,0.0000,1.0000,0.0000,4.5254,83.0000
842,4,0.0010,2.7500,0.0376,0.0000,1.0000,0.0000,1.2500,0.0000,6.1111,81.0000
843,4,0.0010,2.7500,0.0376,0.0000,1.0000,0.0000,1.2500,0.0000,6.1111,81.0000
844,1,0.0003,2.0000,0.0260,0.0000,1.0000,0.0000,1.0000,0.0000,6.9930,78.0000
845,1,0.0003,2.0000,0.0260,0.0000,1.0000,0.0000,1.0000,0.0000,6.9930,78.0000
846,3,0.0221,4.3333,0.0938,0.0366,1.0000,0.0000,1.0000,0.0000,5.2917,67.0000
847,3,0.0221,4.3333,0.0938,0.0366,1.0000,0.0000,1.0000,0.0000,5.2917,67.0000
848,9,0.0029,2.8889,0.0556,0.0098,1.0000,0.0000,1.0000,0.0000,5.5164,72.0000
849,9,0.0029,2.8889,0.0556,0.0098,1.0000,0.0000,1.0000,0.0000,5.5164,72.0000
850,4,0.0029,5.0000,0.0710,0.0556,1.0000,0.0000,1.0000,0.0000,4.8361,79.0000
851,4,0.0029,5.0000,0.0710,0.0556,1.0000,0.0000,1.0000,0.0000,4.8361,79.0000
852,2,0.0056,3.0000,0.0845,0.0081,1.0000,0.0000,1.0000,0.0000,5.7512,72.0000
853,2,0.0056,3.0000,0.0845,0.0081,1.0000,0.0000,1.0000,0.0000,5.7512,72.0000
854,4,0.0020,3.0000,0.0449,0.0000,1.0000,0.0000,1.0000,0.0000,4.7222,81.0000
855,4,0.0020,3.0000,0.0449,0.0000,1.0000,0.0000,1.0000,0.0000,4.7222,81.0000
856,9,0.0080,4.5556,0.0791,0.0337,1.0000,0.0000,1.0000,0.0000,3.6709,80.0000
857,9,0.0080,4.5556,0.0791,0.0337,1.0000,0.0000,1.0000,0.0000,3.6709,80.0000
858,2,0.0042,2.5000,0.0615,0.0065,1.0000,0.0000,1.0000,0.0000,3.7992,67.0000
859,2,0.0042,2.5000,0.0615,0.0065,1.0000,0.0000,1.0000,0.0000,3.7992,67.0000
860,12,0.0174,2.9167,0.0693,0.0120,1.0000,0.0000,1.0000,0.0000,6.2024,73.0000
861,12,0.0174,2.9167,0.0693,0.0120,1.0000,0.0000,1.0000,0.0000,6.2024,73.0000
862,10,0.0397,3.2000,0.0957,0.0132,1.0000,0.0000,1.1000,0.0000,5.0352,74.0000
863,10,0.0397,3.2000,0.0957,0.0132,1.0000,0.0000,1.1000,0.0000,5.0352,74.0000
864,8,0.0236,3.2500,0.1046,0.0210,1.2500,150.5913,1.0000,0.0000,5.2426,72.0000
865,8,0.0236,3.2500,0.1046,0.0210,1.2500,150.5913,1.0000,0.0000,5.2426,72.0000
866,3,0.0009,2.3333,0.0345,0.0000,2.0000,194.0511,1.0000,0.0000,4.4429,77.0000
867,3,0.0009,2.3333,0.0345,0.0000,2.0000,194.0511,1.0000,0.0000,4.4429,77.0000
868,3,0.0124,4.0000,0.0934,0.0360,1.0000,0.0000,1.0000,0.0000,5.3272,73.0000
869,3,0.0124,4.0000,0.0934,0.0360,1.0000,0.0000,1.0000,0.0000,5.3272,73.0000
870,9,0.0174,3.8889,0.0844,0.0162,1.0000,0.0000,1.0000,0.0000,5.7121,72.0000
871,9,0.0174,3.8889,0.0844,0.0162,1.0000,0.0000,1.0000,0.0000,5.7121,72.0000
872,8,0.0153,3.6250,0.0852,0.0296,1.1250,59.1791,1.1250,0.0000,5.4658,70.0000
873,8,0.0153,3.6250,0.0852,0.0296,1.1250,59.1791,1.1250,0.0000,5.4658,70.0000
874,5,0.0102,3.4000,0.0653,0.0238,1.2000,19.7251,1.0000,0.0000,3.7838,75.0000
875,5,0.0102,3.4000,0.0653,0.0238,1.2000,19.7251,1.0000,0.0000,3.7838,75.0000
876,7,0.0020,2.2857,0.0359,0.0000,1.0000,0.0000,1.0000,0.0000,2.7264,79.0000
877,7,0.0020,2.2857,0.0359,0.0000,1.0000,0.0000,1.0000,0.0000,2.7264,79.0000
878,8,0.0050,2.5000,0.0607,0.0062,1.0000,0.0000,1.0000,0.0000,5.5487,70.0000
879,8,0.0050,2.5000,0.0607,0.0062,1.0000,0.0000,1.0000,0.0000,5.5487,70.0000
880,4,0.0036,3.7500,0.0704,0.0000,1.0000,0.0000,1.0000,0.0000,4.3604,75.0000
881,4,0.0036,3.7500,0.0704,0.0000,1.0000,0.0000,1.0000,0.0000,4.3604,75.0000
882,3,0.0285,3.6667,0.1061,0.0002,1.0000,0.0000,1.0000,0.0000,7.7838,75.0000
883,3,0.0285,3.6667,0.1061,0.0002,1.0000,0.0000,1.0000,0.0000,7.7838,75.0000
884,8,0.0148,2.5000,0.0653,0.0017,1.1250,119.9204,1.0000,0.0000,6.6552,84.0000
885,8,0.0148,2.5000,0.0653,0.0017,1.1250,119.9204,1.0000,0.0000,6.6552,84.0000
886,7,0.0078,3.7143,0.0820,0.0340,1.0000,0.0000,1.0000,0.0000,5.0633,79.0000
887,7,0.0078,3.7143,0.0820,0.0340,1.0000,0.0000,1.0000,0.0000,5.0633,79.0000
888,5,0.0045,4.4000,0.0732,0.1839,1.2000,68.3434,1.0000,0.0000,2.1404,76.0000
889,5,0.0045,4.4000,0.0732,0.1839,1.2000,68.3434,1.0000,0.0000,2.1404,76.0000
890,6,0.0016,2.3333,0.0439,0.0159,1.0000,0.0000,1.0000,0.0000,3.5897,66.0000
891,6,0.0016,2.3333,0.0439,0.0159,1.0000,0.0000,1.0000,0.0000,3.5897,66.0000
892,2,0.0011,3.0000,0.0450,0.0000,1.0000,0.0000,1.0000,0.0000,5.1833,74.0000
893,2,0.0011,3.0000,0.0450,0.0000,1.0000,0.0000,1.0000,0.0000,5.1833,74.0000
894,4,0.0044,3.5000,0.0597,0.0000,1.0000,0.0000,1.0000,0.0000,8.2883,75.0000
895,4,0.0044,3.5000,0.0597,0.0000,1.0000,0.0000,1.0000,0.0000,8.2883,75.0000
896,4,0.0221,4.7500,0.1024,0.0000,1.0000,0.0000,1.0000,0.0000,11.7736,82.0000
897,4,0.0221,4.7500,0.1024,0.0000,1.0000,0.0000,1.0000,0.0000,11.7736,82.0000
898,2,0.0191,4.0000,0.1116,0.0000,1.0000,0.0000,1.0000,0.0000,14.0021,88.0000
899,2,0.0191,4.0000,0.1116,0.0000,1.0000,0.0000,1.0000,0.0000,14.0021,88.0000
900,4,0.0676,3.7500,0.1083,0.0005,1.0000,0.0000,1.0000,0.0000,13.3162,97.0000
901,4,0.0676,3.7500,0.1083,0.0005,1.0000,0.0000,1.0000,0.0000,13.3162,97.0000
902,5,0.0335,3.6000,0.1108,0.0000,1.0000,0.0000,1.2000,0.0000,11.1326,112.0000
903,5,0.0335,3.6000,0.1108,0.0000,1.0000,0.0000,1.2000,0.0000,11.1326,112.0000
904,6,0.0055,4.6667,0.0611,0.0173,1.0000,0.0000,1.0000,0.0000,7.8296,111.0000
905,6,0.0055,4.6667,0.0611,0.0173,1.0000,0.0000,1.0000,0.0000,7.8296,111.0000
906,15,0.0105,3.9333,0.0697,0.0257,1.2000,126.4576,1.0000,0.0000,3.6605,94.0000
907,15,0.0105,3.9333,0.0697,0.0257,1.2000,126.4576,1.0000,0.0000,3.6605,94.0000
908,6,0.0122,3.1667,0.0608,0.0116,1.5000,329.3030,1.0000,0.0000,4.7619,85.0000
909,6,0.0122,3.1667,0.0608,0.0116,1.5000,329.3030,1.0000,0.0000,4.7619,85.0000
910,6,0.0096,3.6667,0.0821,0.0110,1.0000,0.0000,1.0000,0.0000,4.5455,77.0000
911,6,0.0096,3.6667,0.0821,0.0110,1.0000,0.0000,1.0000,0.0000,4.5455,77.0000
912,3,0.0207,4.6667,0.1237,0.0385,1.0000,0.0000,1.0000,0.0000,5.9459,75.0000
913,3,0.0207,4.6667,0.1237,0.0385,1.0000,0.0000,1.0000,0.0000,5.9459,75.0000
914,11,0.0157,2.6364,0.0793,0.0095,1.0000,0.0000,1.0000,0.0000,5.7609,78.0000
915,11,0.0157,2.6364,0.0793,0.0095,1.0000,0.0000,1.0000,0.0000,5.7609,78.0000
916,7,0.0125,3.5714,0.0742,0.0427,1.0000,0.0000,1.0000,0.0000,2.9680,73.0000
917,7,0.0125,3.5714,0.0742,0.0427,1.0000,0.0000,1.0000,0.0000,2.9680,73.0000
918,4,0.0211,4.0000,0.0837,0.1503,1.2500,83.7938,1.0000,0.0000,2.8274,64.0000
919,4,0.0211,4.0000,0.0837,0.1503,1.2500,83.7938,1.0000,0.0000,2.8274,64.0000
920,2,0.0399,6.5000,0.1692,0.0620,1.0000,0.0000,1.0000,0.0000,8.1823,59.0000
921,2,0.0399,6.5000,0.1692,0.0620,1.0000,0.0000,1.0000,0.0000,8.1823,59.0000
922,5,0.0165,3.4000,0.0756,0.0325,1.0000,0.0000,1.2000,0.0000,3.3954,70.0000
923,5,0.0165,3.4000,0.0756,0.0325,1.0000,0.0000,1.2000,0.0000,3.3954,70.0000
924,5,0.0068,2.8000,0.0706,0.0121,1.0000,0.0000,1.0000,0.0000,5.1750,73.0000
925,5,0.0068,2.8000,0.0706,0.0121,1.0000,0.0000,1.0000,0.0000,5.1750,73.0000
926,4,0.0101,3.7500,0.1133,0.0379,1.0000,0.0000,1.0000,0.0000,6.5839,70.0000
927,4,0.0101,3.7500,0.1133,0.0379,1.0000,0.0000,1.0000,0.0000,6.5839,70.0000
928,4,0.0150,4.0000,0.1184,0.0327,1.2500,161.0895,1.2500,0.0000,6.0502,73.0000
929,4,0.0150,4.0000,0.1184,0.0327,1.2500,161.0895,1.2500,0.0000,6.0502,73.0000
930,5,0.0044,4.0000,0.0724,0.0313,1.2000,245.1218,1.0000,0.0000,5.2588,70.0000
931,5,0.0044,4.0000,0.0724,0.0313,1.2000,245.1218,1.0000,0.0000,5.2588,70.0000
932,3,0.0134,4.6667,0.0753,0.0347,1.0000,0.0000,1.0000,0.0000,6.2342,80.0000
933,3,0.0134,4.6667,0.0753,0.0347,1.0000,0.0000,1.0000,0.0000,6.2342,80.0000
934,8,0.0348,4.0000,0.1356,0.0090,1.0000,0.0000,1.0000,0.0000,7.1665,82.0000
935,8,0.0348,4.0000,0.1356,0.0090,1.0000,0.0000,1.0000,0.0000,7.1665,82.0000
936,5,0.0307,4.0000,0.0913,0.0205,1.0000,0.0000,1.0000,0.0000,4.5455,77.0000
937,5,0.0307,4.0000,0.0913,0.0205,1.0000,0.0000,1.0000,0.0000,4.5455,77.0000
938,14,0.0133,3.5714,0.0678,0.0441,1.1429,49.8966,1.0000,0.0000,3.5088,76.0000
939,14,0.0133,3.5714,0.0678,0.0441,1.1429,49.8966,1.0000,0.0000,3.5088,76.0000
940,11,0.0099,3.9091,0.0794,0.0414,1.0909,29.3831,1.0000,0.0000,3.8947,76.0000
941,11,0.0099,3.9091,0.0794,0.0414,1.0909,29.3831,1.0000,0.0000,3.8947,76.0000
942,6,0.0131,2.6667,0.0602,0.0012,1.0000,0.0000,1.0000,0.0000,4.7390,74.0000
943,6,0.0131,2.6667,0.0602,0.0012,1.0000,0.0000,1.0000,0.0000,4.7390,74.0000
944,11,0.0052,3.0000,0.0627,0.0251,1.1818,121.1070,1.0000,0.0000,4.8861,70.0000
945,11,0.0052,3.0000,0.0627,0.0251,1.1818,121.1070,1.0000,0.0000,4.8861,70.0000
946,6,0.0227,3.1667,0.1118,0.0232,1.3333,175.2157,1.0000,0.0000,6.5581,67.0000
947,6,0.0227,3.1667,0.1118,0.0232,1.3333,175.2157,1.0000,0.0000,6.5581,67.0000
948,5,0.0088,3.4000,0.0820,0.0099,1.2000,246.3919,1.0000,0.0000,4.6888,69.0000
949,5,0.0088,3.4000,0.0820,0.0099,1.2000,246.3919,1.0000,0.0000,4.6888,69.0000
950,2,0.0005,2.0000,0.0303,0.0000,1.0000,0.0000,1.0000,0.0000,3.8444,67.0000
951,2,0.0005,2.0000,0.0303,0.0000,1.0000,0.0000,1.0000,0.0000,3.8444,67.0000
952,8,0.0095,4.6250,0.0852,0.0364,1.3750,130.2549,1.0000,0.0000,4.0335,73.0000
953,8,0.0095,4.6250,0.0852,0.0364,1.3750,130.2549,1.0000,0.0000,4.0335,73.0000
954,7,0.0057,3.2857,0.0578,0.0177,1.0000,0.0000,1.0000,0.0000,4.1081,75.0000
955,7,0.0057,3.2857,0.0578,0.0177,1.0000,0.0000,1.0000,0.0000,4.1081,75.0000
956,4,0.0031,4.0000,0.0642,0.0000,1.2500,77.3763,1.0000,0.0000,4.9687,72.0000
957,4,0.0031,4.0000,0.0642,0.0000,1.2500,77.3763,1.0000,0.0000,4.9687,72.0000
958,4,0.0124,3.5000,0.0781,0.0008,1.0000,0.0000,1.0000,0.0000,5.5131,71.0000
959,4,0.0124,3.5000,0.0781,0.0008,1.0000,0.0000,1.0000,0.0000,5.5131,71.0000
960,3,0.0323,3.3333,0.1148,0.0031,1.0000,0.0000,1.3333,0.0000,7.6235,81.0000
961,3,0.0323,3.3333,0.1148,0.0031,1.0000,0.0000,1.3333,0.0000,7.6235,81.0000
962,8,0.0058,2.7500,0.0587,0.0046,1.2500,88.9269,1.1250,0.0000,5.8378,75.0000
963,8,0.0058,2.7500,0.0587,0.0046,1.2500,88.9269,1.1250,0.0000,5.8378,75.0000
964,5,0.0023,3.0000,0.0517,0.0231,1.0000,0.0000,1.0000,0.0000,3.6491,76.0000
965,5,0.0023,3.0000,0.0517,0.0231,1.0000,0.0000,1.0000,0.0000,3.6491,76.0000
966,11,0.0072,3.3636,0.0813,0.0160,1.0000,0.0000,1.0909,0.0000,6.6316,76.0000
967,11,0.0072,3.3636,0.0813,0.0160,1.0000,0.0000,1.0909,0.0000,6.6316,76.0000
968,2,0.0005,2.5000,0.0325,0.0000,1.0000,0.0000,1.0000,0.0000,4.3290,78.0000
969,2,0.0005,2.5000,0.0325,0.0000,1.0000,0.0000,1.0000,0.0000,4.3290,78.0000
970,6,0.0188,3.6667,0.1060,0.0552,1.0000,0.0000,1.0000,0.0000,4.0702,76.0000
971,6,0.0188,3.6667,0.1060,0.0552,1.0000,0.0000,1.0000,0.0000,4.0702,76.0000
972,5,0.0020,2.8000,0.0520,0.0225,1.2000,155.4473,1.0000,0.0000,4.7568,75.0000
973,5,0.0020,2.8000,0.0520,0.0225,1.2000,155.4473,1.0000,0.0000,4.7568,75.0000
974,8,0.0053,3.0000,0.0606,0.0104,1.0000,0.0000,1.0000,0.0000,3.5611,70.0000
975,8,0.0053,3.0000,0.0606,0.0104,1.0000,0.0000,1.0000,0.0000,3.5611,70.0000
976,4,0.0132,3.5000,0.0950,0.0237,1.2500,41.5684,1.0000,0.0000,5.4275,63.0000
977,4,0.0132,3.5000,0.0950,0.0237,1.2500,41.5684,1.0000,0.0000,5.4275,63.0000
978,5,0.0070,2.8000,0.0734,0.0020,1.2000,140.4322,1.0000,0.0000,4.1081,75.0000
979,5,0.0070,2.8000,0.0734,0.0020,1.2000,140.4322,1.0000,0.0000,4.1081,75.0000
980,2,0.0098,6.0000,0.1069,0.1377,1.0000,0.0000,1.0000,0.0000,4.6083,63.0000
981,2,0.0098,6.0000,0.1069,0.1377,1.0000,0.0000,1.0000,0.0000,4.6083,63.0000
982,4,0.0081,4.0000,0.1033,0.0577,1.2500,151.1148,1.0000,0.0000,5.4446,58.0000
983,4,0.0081,4.0000,0.1033,0.0577,1.2500,151.1148,1.0000,0.0000,5.4446,58.0000
984,6,0.0088,3.1667,0.0722,0.0455,1.0000,0.0000,1.0000,0.0000,2.3268,62.0000
985,6,0.0088,3.1667,0.0722,0.0455,1.0000,0.0000,1.0000,0.0000,2.3268,62.0000
986,0,0.0000,0.0000,0.0000,0.0000,0.0000,0.0000,0.0000,0.0000
987,0,0.0000,0.0000,0.0000,0.0000,0.0000,0.0000,0.0000,0.0000
988,4,0.0264,5.0000,0.1038,0.0858,1.0000,0.0000,1.0000,0.0000,4.0355,74.0000
989,4,0.0264,5.0000,0.1038,0.0858,1.0000,0.0000,1.0000,0.0000,4.0355,74.0000
990,5,0.0101,4.0000,0.0716,0.0042,1.0000,0.0000,1.2000,0.0000,5.8941,78.0000
991,5,0.0101,4.0000,0.0716,0.0042,1.0000,0.0000,1.2000,0.0000,5.8941,78.0000
992,5,0.0021,2.8000,0.0426,0.0000,1.0000,0.0000,1.2000,0.0000,5.9298,76.0000
993,5,0.0021,2.8000,0.0426,0.0000,1.0000,0.0000,1.2000,0.0000,5.9298,76.0000
994,6,0.0054,2.8333,0.0712,0.0141,1.1667,88.5206,1.0000,0.0000,7.2796,77.0000
995,6,0.0054,2.8333,0.0712,0.0141,1.1667,88.5206,1.0000,0.0000,7.2796,77.0000
996,5,0.0193,3.2000,0.0672,0.0014,1.0000,0.0000,1.0000,0.0000,4.7390,74.0000
997,5,0.0193,3.2000,0.0672,0.0014,1.0000,0.0000,1.0000,0.0000,4.7390,74.0000
998,2,0.0054,2.5000,0.0804,0.0160,1.0000,0.0000,1.0000,0.0000,5.0704,71.0000
999,2,0.0054,2.5000,0.0804,0.0160,1.0000,0.0000,1.0000,0.0000,5.0704,71.0000
1000,5,0.0101,3.8000,0.0736,0.0218,1.2000,128.0564,1.0000,0.0000,7.7341,67.0000
1001,5,0.0101,3.8000,0.0736,0.0218,1.2000,128.0564,1.0000,0.0000,7.7341,67.0000
1002,7,0.0060,2.4286,0.0531,0.0153,1.1429,159.2288,1.0000,0.0000,3.2924,68.0000
1003,7,0.0060,2.4286,0.0531,0.0153,1.1429,159.2288,1.0000,0.0000,3.2924,68.0000
1004,5,0.0011,2.6000,0.0432,0.0000,1.0000,0.0000,1.0000,0.0000,3.5330,63.0000
1005,5,0.0011,2.6000,0.0432,0.0000,1.0000,0.0000,1.0000,0.0000,3.5330,63.0000
1006,6,0.0049,2.5000,0.0618,0.0053,1.0000,0.0000,1.0000,0.0000,5.2013,67.0000
1007,6,0.0049,2.5000,0.0618,0.0053,1.0000,0.0000,1.0000,0.0000,5.2013,67.0000
1008,2,0.0006,2.5000,0.0347,0.0000,1.0000,0.0000,1.0000,0.0000,8.0670,73.0000
1009,2,0.0006,2.5000,0.0347,0.0000,1.0000,0.0000,1.0000,0.0000,8.0670,73.0000
1010,3,0.0113,3.0000,0.1045,0.0287,1.0000,0.0000,1.0000,0.0000,6.0802,81.0000
1011,3,0.0113,3.0000,0.1045,0.0287,1.0000,0.0000,1.0000,0.0000,6.0802,81.0000
1012,10,0.0248,3.5000,0.0857,0.0289,1.0000,0.0000,1.0000,0.0000,3.5913,74.0000
1013,10,0.0248,3.5000,0.0857,0.0289,1.0000,0.0000,1.0000,0.0000,3.5913,74.0000
1014,11,0.0557,4.0909,0.1020,0.0709,1.0909,30.9169,1.0909,0.0000,4.1857,73.0000
1015,11,0.0557,4.0909,0.1020,0.0709,1.0909,30.9169,1.0909,0.0000,4.1857,73.0000
1016,4,0.0083,3.5000,0.0980,0.0118,1.0000,0.0000,1.0000,0.0000,6.1972,71.0000
1017,4,0.0083,3.5000,0.0980,0.0118,1.0000,0.0000,1.0000,0.0000,6.1972,71.0000
1018,11,0.0167,2.6364,0.0514,0.0000,1.0000,0.0000,1.0000,0.0000,7.7740,84.0000
1019,11,0.0167,2.6364,0.0514,0.0000,1.0000,0.0000,1.0000,0.0000,7.7740,84.0000
1020,1,0.0005,3.0000,0.0337,0.0000,1.0000,0.0000,1.0000,0.0000,11.7353,90.0000
1021,1,0.0005,3.0000,0.0337,0.0000,1.0000,0.0000,1.0000,0.0000,11.7353,90.0000
1022,1,0.0002,2.0000,0.0198,0.0000,1.0000,0.0000,1.0000,0.0000,11.6482,102.0000
1023,1,0.0002,2.0000,0.0198,0.0000,1.0000,0.0000,1.0000,0.0000,11.6482,102.0000
1024,7,0.0674,2.4286,0.0809,0.0000,1.0000,0.0000,1.0000,0.0000,11.8995,113.0000
1025,7,0.0674,2.4286,0.0809,0.0000,1.0000,0.0000,1.0000,0.0000,11.8995,113.0000
1026,5,0.0245,3.4000,0.0460,0.0000,1.0000,0.0000,1.0000,0.0000,12.1418,123.0000
1027,5,0.0245,3.4000,0.0460,0.0000,1.0000,0.0000,1.0000,0.0000,12.1418,123.0000
1028,2,0.0326,4.5000,0.1393,0.0000,1.0000,0.0000,1.5000,0.0000,12.7896,122.0000
1029,2,0.0326,4.5000,0.1393,0.0000,1.0000,0.0000,1.5000,0.0000,12.7896,122.0000
1030,9,0.0629,5.3333,0.1149,0.0013,1.2222,92.5486,1.0000,0.0000,6.5874,134.0000
1031,9,0.0629,5.3333,0.1149,0.0013,1.2222,92.5486,1.0000,0.0000,6.5874,134.0000
1032,15,0.0113,3.8000,0.0605,0.0000,1.0000,0.0000,1.0000,0.0000,4.3626,122.0000
1033,15,0.0113,3.8000,0.0605,0.0000,1.0000,0.0000,1.0000,0.0000,4.3626,122.0000
1034,4,0.0004,2.0000,0.0234,0.0000,1.0000,0.0000,1.0000,0.0000,6.5456,92.0000
1035,4,0.0004,2.0000,0.0234,0.0000,1.0000,0.0000,1.0000,0.0000,6.5456,92.0000
1036,5,0.0030,2.6000,0.0476,0.0017,1.2000,62.2008,1.0000,0.0000,7.1317,88.0000
1037,5,0.0030,2.6000,0.0476,0.0017,1.2000,62.2008,1.0000,0.0000,7.1317,88.0000
1038,11,0.0103,3.0909,0.0594,0.0156,1.0000,0.0000,1.0909,0.0000,3.5542,74.0000
1039,11,0.0103,3.0909,0.0594,0.0156,1.0000,0.0000,1.0909,0.0000,3.5542,74.0000
1040,3,0.0063,5.0000,0.0931,0.0803,1.0000,0.0000,1.0000,0.0000,3.8341,72.0000
1041,3,0.0063,5.0000,0.0931,0.0803,1.0000,0.0000,1.0000,0.0000,3.8341,72.0000
1042,8,0.0092,2.8750,0.0636,0.0144,1.0000,0.0000,1.0000,0.0000,4.5282,73.0000
1043,8,0.0092,2.8750,0.0636,0.0144,1.0000,0.0000,1.0000,0.0000,4.5282,73.0000
1044,6,0.0055,3.1667,0.0577,0.0529,1.0000,0.0000,1.0000,0.0000,4.4668,71.0000
1045,6,0.0055,3.1667,0.0577,0.0529,1.0000,0.0000,1.0000,0.0000,4.4668,71.0000
1046,5,0.0302,5.2000,0.1547,0.0589,1.0000,0.0000,1.0000,0.0000,7.5776,70.0000
1047,5,0.0302,5.2000,0.1547,0.0589,1.0000,0.0000,1.0000,0.0000,7.5776,70.0000
1048,11,0.0113,2.9091,0.0697,0.0133,1.0909,20.1349,1.0909,0.0000,5.3521,71.0000
1049,11,0.0113,2.9091,0.0697,0.0133,1.0909,20.1349,1.0909,0.0000,5.3521,71.0000
1050,10,0.0103,3.9000,0.0802,0.0403,1.5000,192.4254,1.2000,0.0000,4.8727,68.0000
1051,10,0.0103,3.9000,0.0802,0.0403,1.5000,192.4254,1.2000,0.0000,4.8727,68.0000
1052,7,0.0185,4.1429,0.0969,0.0394,1.1429,57.5361,1.0000,0.0000,4.9446,69.0000
1053,7,0.0185,4.1429,0.0969,0.0394,1.1429,57.5361,1.0000,0.0000,4.9446,69.0000
1054,6,0.0052,3.1667,0.0692,0.0094,1.0000,0.0000,1.0000,0.0000,5.1265,77.0000
1055,6,0.0052,3.1667,0.0692,0.0094,1.0000,0.0000,1.0000,0.0000,5.1265,77.0000
1056,10,0.0064,4.0000,0.0695,0.0289,1.2000,126.3680,1.0000,0.0000,4.4264,82.0000
1057,10,0.0064,4.0000,0.0695,0.0289,1.2000,126.3680,1.0000,0.0000,4.4264,82.0000
1058,5,0.0024,3.4000,0.0594,0.0245,1.0000,0.0000,1.0000,0.0000,5.6610,78.0000
1059,5,0.0024,3.4000,0.0594,0.0245,1.0000,0.0000,1.0000,0.0000,5.6610,78.0000
1060,7,0.0126,4.5714,0.1003,0.0416,1.0000,0.0000,1.0000,0.0000,5.9940,78.0000
1061,7,0.0126,4.5714,0.1003,0.0416,1.0000,0.0000,1.0000,0.0000,5.9940,78.0000
1062,10,0.0086,3.9000,0.0802,0.0248,1.0000,0.0000,1.0000,0.0000,6.4935,78.0000
1063,10,0.0086,3.9000,0.0802,0.0248,1.0000,0.0000,1.0000,0.0000,6.4935,78.0000
1064,12,0.0036,2.6667,0.0599,0.0054,1.0833,48.3174,1.0000,0.0000,5.4938,81.0000
1065,12,0.0036,2.6667,0.0599,0.0054,1.0833,48.3174,1.0000,0.0000,5.4938,81.0000
1066,8,0.0351,3.5000,0.0865,0.0194,1.1250,74.7280,1.0000,0.0000,4.3746,77.0000
1067,8,0.0351,3.5000,0.0865,0.0194,1.1250,74.7280,1.0000,0.0000,4.3746,77.0000
1068,3,0.0131,2.6667,0.0677,0.0060,1.0000,0.0000,1.0000,0.0000,6.4914,79.0000
1069,3,0.0131,2.6667,0.0677,0.0060,1.0000,0.0000,1.0000,0.0000,6.4914,79.0000
1070,7,0.0028,3.8571,0.0613,0.0262,1.0000,0.0000,1.0000,0.0000,4.9691,81.0000
1071,7,0.0028,3.8571,0.0613,0.0262,1.0000,0.0000,1.0000,0.0000,4.9691,81.0000
1072,6,0.0019,2.8333,0.0448,0.0009,1.0000,0.0000,1.0000,0.0000,4.6070,82.0000
1073,6,0.0019,2.8333,0.0448,0.0009,1.0000,0.0000,1.0000,0.0000,4.6070,82.0000
1074,2,0.0004,2.0000,0.0286,0.0000,1.5000,170.4766,1.0000,0.0000,5.0704,71.0000
1075,2,0.0004,2.0000,0.0286,0.0000,1.5000,170.4766,1.0000,0.0000,5.0704,71.0000
1076,5,0.0036,2.8000,0.0629,0.0207,1.0000,0.0000,1.0000,0.0000,5.9701,68.0000
1077,5,0.0036,2.8000,0.0629,0.0207,1.0000,0.0000,1.0000,0.0000,5.9701,68.0000
1078,2,0.0009,2.0000,0.0326,0.0000,1.0000,0.0000,1.0000,0.0000,5.0104,70.0000
1079,2,0.0009,2.0000,0.0326,0.0000,1.0000,0.0000,1.0000,0.0000,5.0104,70.0000
1080,5,0.0071,3.6000,0.0764,0.0058,1.0000,0.0000,1.0000,0.0000,3.9279,75.0000
1081,5,0.0071,3.6000,0.0764,0.0058,1.0000,0.0000,1.0000,0.0000,3.9279,75.0000
1082,1,0.0342,6.0000,0.1286,0.0215,1.0000,0.0000,1.0000,0.0000,5.1643,72.0000
1083,1,0.0342,6.0000,0.1286,0.0215,1.0000,0.0000,1.0000,0.0000,5.1643,72.0000
1084,7,0.0153,5.8571,0.1313,0.0700,1.0000,0.0000,1.1429,0.0000,4.6914,81.0000
1085,7,0.0153,5.8571,0.1313,0.0700,1.0000,0.0000,1.1429,0.0000,4.6914,81.0000
1086,1,0.0027,4.0000,0.0674,0.0000,1.0000,0.0000,1.0000,0.0000,8.1451,74.0000
1087,1,0.0027,4.0000,0.0674,0.0000,1.0000,0.0000,1.0000,0.0000,8.1451,74.0000
1088,5,0.0151,5.4000,0.0898,0.0562,1.2000,220.6524,1.0000,0.0000,5.9018,82.0000
1089,5,0.0151,5.4000,0.0898,0.0562,1.2000,220.6524,1.0000,0.0000,5.9018,82.0000
1090,7,0.0270,4.8571,0.1098,0.0326,1.1429,68.5366,1.2857,0.0000,5.6013,80.0000
1091,7,0.0270,4.8571,0.1098,0.0326,1.1429,68.5366,1.2857,0.0000,5.6013,80.0000
1092,4,0.0088,3.7500,0.0758,0.0686,1.2500,182.6972,1.2500,0.0000,4.5886,80.0000
1093,4,0.0088,3.7500,0.0758,0.0686,1.2500,182.6972,1.2500,0.0000,4.5886,80.0000
1094,1,0.0004,2.0000,0.0270,0.0000,1.0000,0.0000,1.0000,0.0000,5.7658,75.0000
1095,1,0.0004,2.0000,0.0270,0.0000,1.0000,0.0000,1.0000,0.0000,5.7658,75.0000
1096,2,0.0057,3.5000,0.0784,0.0045,1.0000,0.0000,1.0000,0.0000,6.4791,69.0000
1097,2,0.0057,3.5000,0.0784,0.0045,1.0000,0.0000,1.0000,0.0000,6.4791,69.0000
1098,4,0.0119,3.5000,0.1212,0.0203,1.0000,0.0000,1.0000,0.0000,6.2989,72.0000
1099,4,0.0119,3.5000,0.1212,0.0203,1.0000,0.0000,1.0000,0.0000,6.2989,72.0000
1100,8,0.0147,3.8750,0.0874,0.0542,1.0000,0.0000,1.0000,0.0000,4.5654,68.0000
1101,8,0.0147,3.8750,0.0874,0.0542,1.0000,0.0000,1.0000,0.0000,4.5654,68.0000
1102,4,0.0137,3.2500,0.0825,0.0236,1.2500,83.7030,1.0000,0.0000,3.5379,69.0000
1103,4,0.0137,3.2500,0.0825,0.0236,1.2500,83.7030,1.0000,0.0000,3.5379,69.0000
1104,4,0.0475,4.2500,0.1212,0.0245,1.2500,73.0030,1.0000,0.0000,5.0922,68.0000
1105,4,0.0475,4.2500,0.1212,0.0245,1.2500,73.0030,1.0000,0.0000,5.0922,68.0000
1106,1,0.0005,2.0000,0.0312,0.0000,1.0000,0.0000,1.0000,0.0000,5.0962,65.0000
1107,1,0.0005,2.0000,0.0312,0.0000,1.0000,0.0000,1.0000,0.0000,5.0962,65.0000
1108,5,0.0017,2.2000,0.0392,0.0000,1.2000,152.6292,1.0000,0.0000,6.8531,66.0000
1109,5,0.0017,2.2000,0.0392,0.0000,1.2000,152.6292,1.0000,0.0000,6.8531,66.0000
1110,7,0.0263,2.5714,0.0667,0.0039,1.0000,0.0000,1.1429,0.0000,4.3243,75.0000
1111,7,0.0263,2.5714,0.0667,0.0039,1.0000,0.0000,1.1429,0.0000,4.3243,75.0000
1112,5,0.0006,2.0000,0.0296,0.0000,1.0000,0.0000,1.0000,0.0000,4.1080,72.0000
1113,5,0.0006,2.0000,0.0296,0.0000,1.0000,0.0000,1.0000,0.0000,4.1080,72.0000
1114,2,0.0170,7.0000,0.1314,0.3647,1.0000,0.0000,1.0000,0.0000,2.8904,66.0000
1115,2,0.0170,7.0000,0.1314,0.3647,1.0000,0.0000,1.0000,0.0000,2.8904,66.0000
1116,4,0.0151,3.7500,0.1067,0.0144,1.0000,0.0000,1.2500,0.0000,9.5908,69.0000
1117,4,0.0151,3.7500,0.1067,0.0144,1.0000,0.0000,1.2500,0.0000,9.5908,69.0000
1118,8,0.0041,3.6250,0.0568,0.0302,1.1250,60.8158,1.0000,0.0000,4.4955,78.0000
1119,8,0.0041,3.6250,0.0568,0.0302,1.1250,60.8158,1.0000,0.0000,4.4955,78.0000
1120,11,0.0029,3.0909,0.0481,0.0300,1.0909,33.4350,1.0000,0.0000,2.6498,82.0000
1121,11,0.0029,3.0909,0.0481,0.0300,1.0909,33.4350,1.0000,0.0000,2.6498,82.0000
1122,5,0.0028,2.6000,0.0538,0.0085,1.0000,0.0000,1.0000,0.0000,8.0247,81.0000
1123,5,0.0028,2.6000,0.0538,0.0085,1.0000,0.0000,1.0000,0.0000,8.0247,81.0000
1124,6,0.0007,2.1667,0.0311,0.0000,1.0000,0.0000,1.0000,0.0000,4.4955,78.0000
1125,6,0.0007,2.1667,0.0311,0.0000,1.0000,0.0000,1.0000,0.0000,4.4955,78.0000
1126,6,0.0159,4.6667,0.1118,0.0533,1.0000,0.0000,1.0000,0.0000,5.7449,79.0000
1127,6,0.0159,4.6667,0.1118,0.0533,1.0000,0.0000,1.0000,0.0000,5.7449,79.0000
1128,3,0.0074,8.6667,0.1181,0.0825,1.6667,302.7367,1.0000,0.0000,6.2569,74.0000
1129,3,0.0074,8.6667,0.1181,0.0825,1.6667,302.7367,1.0000,0.0000,6.2569,74.0000
1130,2,0.0041,4.0000,0.0628,0.0000,2.0000,251.4189,1.0000,0.0000,6.4789,71.0000
1131,2,0.0041,4.0000,0.0628,0.0000,2.0000,251.4189,1.0000,0.0000,6.4789,71.0000
1132,5,0.0028,3.0000,0.0541,0.0001,1.0000,0.0000,1.0000,0.0000,7.2785,80.0000
1133,5,0.0028,3.0000,0.0541,0.0001,1.0000,0.0000,1.0000,0.0000,7.2785,80.0000
1134,6,0.0153,6.1667,0.0985,0.0605,1.1667,77.5418,1.0000,0.0000,5.3598,82.0000
1135,6,0.0153,6.1667,0.0985,0.0605,1.1667,77.5418,1.0000,0.0000,5.3598,82.0000
1136,9,0.0065,3.1111,0.0742,0.0259,1.0000,0.0000,1.0000,0.0000,4.2593,81.0000
1137,9,0.0065,3.1111,0.0742,0.0259,1.0000,0.0000,1.0000,0.0000,4.2593,81.0000
1138,5,0.0096,3.0000,0.0935,0.0109,1.2000,118.2820,1.0000,0.0000,5.3991,72.0000
1139,5,0.0096,3.0000,0.0935,0.0109,1.2000,118.2820,1.0000,0.0000,5.3991,72.0000
1140,7,0.0181,3.8571,0.1028,0.0380,1.0000,0.0000,1.0000,0.0000,5.6338,71.0000
1141,7,0.0181,3.8571,0.1028,0.0380,1.0000,0.0000,1.0000,0.0000,5.6338,71.0000
1142,9,0.0071,3.8889,0.0745,0.0186,1.2222,149.2377,1.0000,0.0000,8.1451,74.0000
1143,9,0.0071,3.8889,0.0745,0.0186,1.2222,149.2377,1.0000,0.0000,8.1451,74.0000
1144,7,0.0023,2.7143,0.0411,0.0000,1.1429,80.6409,1.1429,0.0000,5.2973,77.0000
1145,7,0.0023,2.7143,0.0411,0.0000,1.1429,80.6409,1.1429,0.0000,5.2973,77.0000
1146,5,0.0085,4.2000,0.1111,0.0315,1.0000,0.0000,1.0000,0.0000,7.3684,76.0000
1147,5,0.0085,4.2000,0.1111,0.0315,1.0000,0.0000,1.0000,0.0000,7.3684,76.0000
1148,5,0.0304,4.2000,0.1095,0.0492,1.2000,41.4567,1.0000,0.0000,5.2426,72.0000
1149,5,0.0304,4.2000,0.1095,0.0492,1.2000,41.4567,1.0000,0.0000,5.2426,72.0000
1150,3,0.0045,2.6667,0.0820,0.0060,1.0000,0.0000,1.0000,0.0000,6.0606,67.0000
1151,3,0.0045,2.6667,0.0820,0.0060,1.0000,0.0000,1.0000,0.0000,6.0606,67.0000
1152,6,0.0180,2.8333,0.1029,0.0139,1.1667,142.7418,1.0000,0.0000,5.8423,79.0000
1153,6,0.0180,2.8333,0.1029,0.0139,1.1667,142.7418,1.0000,0.0000,5.8423,79.0000
1154,4,0.0082,4.2500,0.0622,0.0031,1.0000,0.0000,1.0000,0.0000,5.8219,73.0000
1155,4,0.0082,4.2500,0.0622,0.0031,1.0000,0.0000,1.0000,0.0000,5.8219,73.0000
1156,4,0.0237,5.5000,0.1150,0.1266,1.2500,175.2574,1.0000,0.0000,5.4321,81.0000
1157,4,0.0237,5.5000,0.1150,0.1266,1.2500,175.2574,1.0000,0.0000,5.4321,81.0000
1158,4,0.0150,3.5000,0.0938,0.0089,1.5000,215.1195,1.0000,0.0000,8.1105,83.0000
1159,4,0.0150,3.5000,0.0938,0.0089,1.5000,215.1195,1.0000,0.0000,8.1105,83.0000
1160,3,0.0251,5.3333,0.1736,0.0138,1.0000,0.0000,1.0000,0.0000,9.7674,86.0000
1161,3,0.0251,5.3333,0.1736,0.0138,1.0000,0.0000,1.0000,0.0000,9.7674,86.0000
1162,6,0.0109,5.6667,0.1058,0.0318,1.1667,115.0125,1.1667,0.0000,7.0232,83.0000
1163,6,0.0109,5.6667,0.1058,0.0318,1.1667,115.0125,1.1667,0.0000,7.0232,83.0000
1164,7,0.0067,4.4286,0.0655,0.0239,1.0000,0.0000,1.0000,0.0000,6.1416,83.0000
1165,7,0.0067,4.4286,0.0655,0.0239,1.0000,0.0000,1.0000,0.0000,6.1416,83.0000
1166,7,0.0427,4.0000,0.0923,0.0010,1.1429,102.4120,1.0000,0.0000,6.4557,80.0000
1167,7,0.0427,4.0000,0.0923,0.0010,1.1429,102.4120,1.0000,0.0000,6.4557,80.0000
1168,6,0.0076,2.8333,0.0882,0.0063,1.0000,0.0000,1.0000,0.0000,6.9233,87.0000
1169,6,0.0076,2.8333,0.0882,0.0063,1.0000,0.0000,1.0000,0.0000,6.9233,87.0000
1170,6,0.0372,4.0000,0.0921,0.0037,1.0000,0.0000,1.0000,0.0000,8.2806,82.0000
1171,6,0.0372,4.0000,0.0921,0.0037,1.0000,0.0000,1.0000,0.0000,8.2806,82.0000
1172,7,0.0011,2.8571,0.0372,0.0000,1.0000,0.0000,1.0000,0.0000,5.1922,84.0000
1173,7,0.0011,2.8571,0.0372,0.0000,1.0000,0.0000,1.0000,0.0000,5.1922,84.0000
1174,4,0.0127,4.5000,0.0825,0.0361,1.0000,0.0000,1.0000,0.0000,3.4737,76.0000
1175,4,0.0127,4.5000,0.0825,0.0361,1.0000,0.0000,1.0000,0.0000,3.4737,76.0000
1176,3,0.0411,3.6667,0.1373,0.0057,1.0000,0.0000,1.0000,0.0000,8.2837,64.0000
1177,3,0.0411,3.6667,0.1373,0.0057,1.0000,0.0000,1.0000,0.0000,8.2837,64.0000
1178,7,0.0144,3.4286,0.1034,0.0186,1.0000,0.0000,1.0000,0.0000,6.2785,73.0000
1179,7,0.0144,3.4286,0.1034,0.0186,1.0000,0.0000,1.0000,0.0000,6.2785,73.0000
1180,10,0.0096,3.2000,0.0673,0.0403,1.1000,36.8596,1.1000,0.0000,2.5926,81.0000
1181,10,0.0096,3.2000,0.0673,0.0403,1.1000,36.8596,1.1000,0.0000,2.5926,81.0000
1182,10,0.0128,3.2000,0.0658,0.0143,1.0000,0.0000,1.1000,0.0000,5.1579,76.0000
1183,10,0.0128,3.2000,0.0658,0.0143,1.0000,0.0000,1.1000,0.0000,5.1579,76.0000
1184,4,0.0034,3.0000,0.0720,0.0562,1.0000,0.0000,1.0000,0.0000,2.7656,68.0000
1185,4,0.0034,3.0000,0.0720,0.0562,1.0000,0.0000,1.0000,0.0000,2.7656,68.0000
1186,3,0.0123,3.6667,0.1112,0.0306,1.0000,0.0000,1.0000,0.0000,4.5549,70.0000
1187,3,0.0123,3.6667,0.1112,0.0306,1.0000,0.0000,1.0000,0.0000,4.5549,70.0000
1188,9,0.0055,3.3333,0.0661,0.0174,1.0000,0.0000,1.0000,0.0000,5.7016,74.0000
1189,9,0.0055,3.3333,0.0661,0.0174,1.0000,0.0000,1.0000,0.0000,5.7016,74.0000
1190,4,0.0395,4.0000,0.1591,0.0343,1.0000,0.0000,1.0000,0.0000,7.7239,77.0000
1191,4,0.0395,4.0000,0.1591,0.0343,1.0000,0.0000,1.0000,0.0000,7.7239,77.0000
1192,10,0.0094,3.2000,0.0628,0.0277,1.1000,65.7017,1.1000,0.0000,3.2132,79.0000
1193,10,0.0094,3.2000,0.0628,0.0277,1.1000,65.7017,1.1000,0.0000,3.2132,79.0000
1194,8,0.0012,2.5000,0.0403,0.0000,1.1250,74.3150,1.0000,0.0000,4.8447,70.0000
1195,8,0.0012,2.5000,0.0403,0.0000,1.1250,74.3150,1.0000,0.0000,4.8447,70.0000
1196,4,0.0210,4.5000,0.1345,0.0492,1.5000,113.9136,1.0000,0.0000,5.4424,74.0000
1197,4,0.0210,4.5000,0.1345,0.0492,1.5000,113.9136,1.0000,0.0000,5.4424,74.0000
1198,3,0.0017,2.6667,0.0469,0.0000,1.0000,0.0000,1.0000,0.0000,7.2818,67.0000
1199,3,0.0017,2.6667,0.0469,0.0000,1.0000,0.0000,1.0000,0.0000,7.2818,67.0000
1200,5,0.0039,3.2000,0.0727,0.0210,1.0000,0.0000,1.0000,0.0000,3.6158,60.0000
1201,5,0.0039,3.2000,0.0727,0.0210,1.0000,0.0000,1.0000,0.0000,3.6158,60.0000
1202,5,0.0220,3.6000,0.1131,0.0522,1.2000,45.2655,1.0000,0.0000,5.5053,52.0000
1203,5,0.0220,3.6000,0.1131,0.0522,1.2000,45.2655,1.0000,0.0000,5.5053,52.0000
1204,4,0.0042,2.7500,0.0720,0.0000,1.5000,305.7692,1.0000,0.0000,5.3911,44.0000
1205,4,0.0042,2.7500,0.0720,0.0000,1.5000,305.7692,1.0000,0.0000,5.3911,44.0000
1206,0,0.0000,0.0000,0.0000,0.0000,0.0000,0.0000,0.0000,0.0000
1207,0,0.0000,0.0000,0.0000,0.0000,0.0000,0.0000,0.0000,0.0000
1208,3,0.0018,2.0000,0.0504,0.0000,1.0000,0.0000,1.0000,0.0000,5.4968,44.0000
1209,3,0.0018,2.0000,0.0504,0.0000,1.0000,0.0000,1.0000,0.0000,5.4968,44.0000
1210,6,0.0348,4.0000,0.1906,0.0827,1.0000,0.0000,1.0000,0.0000,8.9616,38.0000
1211,6,0.0348,4.0000,0.1906,0.0827,1.0000,0.0000,1.0000,0.0000,8.9616,38.0000
1212,4,0.0172,2.7500,0.1119,0.0925,1.2500,34.5109,1.0000,0.0000,4.7619,36.0000
1213,4,0.0172,2.7500,0.1119,0.0925,1.2500,34.5109,1.0000,0.0000,4.7619,36.0000
1214,1,0.0016,2.0000,0.0556,0.0001,1.0000,0.0000,1.0000,0.0000,1.5015,37.0000
1215,1,0.0016,2.0000,0.0556,0.0001,1.0000,0.0000,1.0000,0.0000,1.5015,37.0000
1216,3,0.0047,2.6667,0.0875,0.0000,1.0000,0.0000,1.0000,0.0000,6.8182,33.0000
1217,3,0.0047,2.6667,0.0875,0.0000,1.0000,0.0000,1.0000,0.0000,6.8182,33.0000
1218,6,0.0043,2.5000,0.0779,0.0971,1.0000,0.0000,1.0000,0.0000,3.0159,36.0000
1219,6,0.0043,2.5000,0.0779,0.0971,1.0000,0.0000,1.0000,0.0000,3.0159,36.0000
1220,0,0.0000,0.0000,0.0000,0.0000,0.0000,0.0000,0.0000,0.0000
1221,0,0.0000,0.0000,0.0000,0.0000,0.0000,0.0000,0.0000,0.0000
1222,3,0.0040,2.3333,0.0709,0.0000,1.3333,146.3740,1.0000,0.0000,5.5477,38.0000
1223,3,0.0040,2.3333,0.0709,0.0000,1.3333,146.3740,1.0000,0.0000,5.5477,38.0000
1224,5,0.0456,3.4000,0.1482,0.2251,1.0000,0.0000,1.0000,0.0000,3.7879,33.0000
1225,5,0.0456,3.4000,0.1482,0.2251,1.0000,0.0000,1.0000,0.0000,3.7879,33.0000
1226,4,0.0521,4.2500,0.1985,0.1049,1.0000,0.0000,1.0000,0.0000,8.9127,34.0000
1227,4,0.0521,4.2500,0.1985,0.1049,1.0000,0.0000,1.0000,0.0000,8.9127,34.0000
1228,2,0.0024,2.5000,0.0694,0.0000,1.0000,0.0000,1.0000,0.0000,5.2553,37.0000
1229,2,0.0024,2.5000,0.0694,0.0000,1.0000,0.0000,1.0000,0.0000,5.2553,37.0000
1230,4,0.0038,2.5000,0.0806,0.1539,1.0000,0.0000,1.0000,0.0000,2.6210,32.0000
1231,4,0.0038,2.5000,0.0806,0.1539,1.0000,0.0000,1.0000,0.0000,2.6210,32.0000
1232,1,0.0020,2.0000,0.0625,0.0000,1.0000,0.0000,1.0000,0.0000,3.9773,33.0000
1233,1,0.0020,2.0000,0.0625,0.0000,1.0000,0.0000,1.0000,0.0000,3.9773,33.0000
1234,2,0.0085,2.5000,0.1037,0.1404,1.0000,0.0000,1.0000,0.0000,4.2328,28.0000
1235,2,0.0085,2.5000,0.1037,0.1404,1.0000,0.0000,1.0000,0.0000,4.2328,28.0000
1236,7,0.0571,3.4286,0.1617,0.1299,1.0000,0.0000,1.0000,0.0000,6.8817,31.0000
1237,7,0.0571,3.4286,0.1617,0.1299,1.0000,0.0000,1.0000,0.0000,6.8817,31.0000
1238,4,0.0161,3.7500,0.1256,0.1999,1.2500,82.7687,1.0000,0.0000,4.1252,38.0000
1239,4,0.0161,3.7500,0.1256,0.1999,1.2500,82.7687,1.0000,0.0000,4.1252,38.0000
1240,1,0.0015,2.0000,0.0541,0.0000,1.0000,0.0000,1.0000,0.0000,2.1337,38.0000
1241,1,0.0015,2.0000,0.0541,0.0000,1.0000,0.0000,1.0000,0.0000,2.1337,38.0000
1242,1,0.0018,2.0000,0.0588,0.0000,1.0000,0.0000,1.0000,0.0000,2.3529,35.0000
1243,1,0.0018,2.0000,0.0588,0.0000,1.0000,0.0000,1.0000,0.0000,2.3529,35.0000
1244,6,0.0309,2.6667,0.1281,0.0873,1.0000,0.0000,1.1667,0.0000,4.1667,33.0000
1245,6,0.0309,2.6667,0.1281,0.0873,1.0000,0.0000,1.1667,0.0000,4.1667,33.0000
1246,4,0.0264,3.7500,0.1465,0.1490,1.2500,36.2201,1.0000,0.0000,5.5462,35.0000
1247,4,0.0264,3.7500,0.1465,0.1490,1.2500,36.2201,1.0000,0.0000,5.5462,35.0000
1248,2,0.0030,2.0000,0.0608,0.0000,1.0000,0.0000,1.0000,0.0000,2.9872,38.0000
1249,2,0.0030,2.0000,0.0608,0.0000,1.0000,0.0000,1.0000,0.0000,2.9872,38.0000
1250,0,0.0000,0.0000,0.0000,0.0000,0.0000,0.0000,0.0000,0.0000
1251,0,0.0000,0.0000,0.0000,0.0000,0.0000,0.0000,0.0000,0.0000
1252,4,0.0620,4.2500,0.1713,0.1865,1.0000,0.0000,1.0000,0.0000,4.8128,34.0000
1253,4,0.0620,4.2500,0.1713,0.1865,1.0000,0.0000,1.0000,0.0000,4.8128,34.0000
1254,3,0.0229,3.6667,0.1414,0.2127,1.0000,0.0000,1.0000,0.0000,5.2419,32.0000
1255,3,0.0229,3.6667,0.1414,0.2127,1.0000,0.0000,1.0000,0.0000,5.2419,32.0000
1256,1,0.0185,5.0000,0.1905,0.3470,1.0000,0.0000,1.0000,0.0000,6.1576,29.0000
1257,1,0.0185,5.0000,0.1905,0.3470,1.0000,0.0000,1.0000,0.0000,6.1576,29.0000
1258,2,0.0786,5.5000,0.2116,0.3985,1.0000,0.0000,1.0000,0.0000,5.1136,33.0000
1259,2,0.0786,5.5000,0.2116,0.3985,1.0000,0.0000,1.0000,0.0000,5.1136,33.0000
1260,2,0.0091,3.0000,0.1016,0.1889,1.0000,0.0000,1.0000,0.0000,3.2197,33.0000
1261,2,0.0091,3.0000,0.1016,0.1889,1.0000,0.0000,1.0000,0.0000,3.2197,33.0000
1262,0,0.0000,0.0000,0.0000,0.0000,0.0000,0.0000,0.0000,0.0000
1263,0,0.0000,0.0000,0.0000,0.0000,0.0000,0.0000,0.0000,0.0000
1264,4,0.0035,2.2500,0.0742,0.1529,1.0000,0.0000,1.0000,0.0000,1.8939,33.0000
1265,4,0.0035,2.2500,0.0742,0.1529,1.0000,0.0000,1.0000,0.0000,1.8939,33.0000
1266,0,0.0000,0.0000,0.0000,0.0000,0.0000,0.0000,0.0000,0.0000
1267,0,0.0000,0.0000,0.0000,0.0000,0.0000,0.0000,0.0000,0.0000
1268,5,0.0337,3.6000,0.1449,0.2321,1.0000,0.0000,1.0000,0.0000,4.9911,34.0000
1269,5,0.0337,3.6000,0.1449,0.2321,1.0000,0.0000,1.0000,0.0000,4.9911,34.0000
1270,2,0.0131,3.0000,0.1146,0.0984,1.5000,136.7231,1.0000,0.0000,4.9242,33.0000
1271,2,0.0131,3.0000,0.1146,0.0984,1.5000,136.7231,1.0000,0.0000,4.9242,33.0000
1272,5,0.0081,2.4000,0.0883,0.0466,1.0000,0.0000,1.0000,0.0000,4.6942,38.0000
1273,5,0.0081,2.4000,0.0883,0.0466,1.0000,0.0000,1.0000,0.0000,4.6942,38.0000
1274,1,0.0111,6.0000,0.1778,0.3475,1.0000,0.0000,1.0000,0.0000,5.1051,37.0000
1275,1,0.0111,6.0000,0.1778,0.3475,1.0000,0.0000,1.0000,0.0000,5.1051,37.0000
1276,1,0.0051,4.0000,0.1000,0.0000,1.0000,0.0000,1.0000,0.0000,3.9024,41.0000
1277,1,0.0051,4.0000,0.1000,0.0000,1.0000,0.0000,1.0000,0.0000,3.9024,41.0000
1278,1,0.0017,2.0000,0.0571,0.0000,1.0000,0.0000,1.0000,0.0000,7.4603,36.0000
1279,1,0.0017,2.0000,0.0571,0.0000,1.0000,0.0000,1.0000,0.0000,7.4603,36.0000
1280,4,0.0061,2.7500,0.0838,0.0473,1.0000,0.0000,1.0000,0.0000,4.7561,41.0000
1281,4,0.0061,2.7500,0.0838,0.0473,1.0000,0.0000,1.0000,0.0000,4.7561,41.0000
1282,2,0.0215,2.5000,0.1237,0.0262,1.0000,0.0000,1.0000,0.0000,4.4297,43.0000
1283,2,0.0215,2.5000,0.1237,0.0262,1.0000,0.0000,1.0000,0.0000,4.4297,43.0000
1284,9,0.0074,2.3333,0.0767,0.1394,1.0000,0.0000,1.1111,0.0000,3.1039,39.0000
1285,9,0.0074,2.3333,0.0767,0.1394,1.0000,0.0000,1.1111,0.0000,3.1039,39.0000
1286,4,0.0101,2.7500,0.0906,0.1845,1.7500,351.8447,1.0000,0.0000,2.8571,36.0000
1287,4,0.0101,2.7500,0.0906,0.1845,1.7500,351.8447,1.0000,0.0000,2.8571,36.0000
1288,2,0.0225,9.0000,0.2821,0.3284,1.0000,0.0000,1.0000,0.0000,7.6649,34.0000
1289,2,0.0225,9.0000,0.2821,0.3284,1.0000,0.0000,1.0000,0.0000,7.6649,34.0000
1290,1,0.0079,3.0000,0.1111,0.2316,1.0000,0.0000,1.0000,0.0000,3.1532,37.0000
1291,1,0.0079,3.0000,0.1111,0.2316,1.0000,0.0000,1.0000,0.0000,3.1532,37.0000
1292,1,0.0032,3.0000,0.0833,0.0000,1.0000,0.0000,1.0000,0.0000,3.7538,37.0000
1293,1,0.0032,3.0000,0.0833,0.0000,1.0000,0.0000,1.0000,0.0000,3.7538,37.0000
1294,2,0.0217,3.5000,0.1196,0.0552,1.0000,0.0000,1.0000,0.0000,6.1616,45.0000
1295,2,0.0217,3.5000,0.1196,0.0552,1.0000,0.0000,1.0000,0.0000,6.1616,45.0000
1296,5,0.0599,4.8000,0.1675,0.0801,1.0000,0.0000,1.0000,0.0000,7.8049,41.0000
1297,5,0.0599,4.8000,0.1675,0.0801,1.0000,0.0000,1.0000,0.0000,7.8049,41.0000
1298,3,0.0137,3.3333,0.1021,0.2089,1.0000,0.0000,1.0000,0.0000,2.9268,41.0000
1299,3,0.0137,3.3333,0.1021,0.2089,1.0000,0.0000,1.0000,0.0000,2.9268,41.0000
1300,3,0.0158,3.3333,0.1221,0.2605,1.0000,0.0000,1.0000,0.0000,3.3868,34.0000
1301,3,0.0158,3.3333,0.1221,0.2605,1.0000,0.0000,1.0000,0.0000,3.3868,34.0000
1302,1,0.0017,2.0000,0.0571,0.0000,1.0000,0.0000,1.0000,0.0000,6.8254,36.0000
1303,1,0.0017,2.0000,0.0571,0.0000,1.0000,0.0000,1.0000,0.0000,6.8254,36.0000
1304,4,0.0135,3.0000,0.1182,0.0607,1.0000,0.0000,1.0000,0.0000,6.8279,38.0000
1305,4,0.0135,3.0000,0.1182,0.0607,1.0000,0.0000,1.0000,0.0000,6.8279,38.0000
1306,3,0.0556,6.3333,0.2354,0.2397,1.3333,80.1146,1.0000,0.0000,7.3016,36.0000
1307,3,0.0556,6.3333,0.2354,0.2397,1.3333,80.1146,1.0000,0.0000,7.3016,36.0000
1308,0,0.0000,0.0000,0.0000,0.0000,0.0000,0.0000,0.0000,0.0000
1309,0,0.0000,0.0000,0.0000,0.0000,0.0000,0.0000,0.0000,0.0000
1310,2,0.0100,4.0000,0.1069,0.0000,1.0000,0.0000,1.0000,0.0000,4.4534,39.0000
1311,2,0.0100,4.0000,0.1069,0.0000,1.0000,0.0000,1.0000,0.0000,4.4534,39.0000
1312,2,0.0087,2.5000,0.1003,0.0067,1.0000,0.0000,1.0000,0.0000,9.1916,43.0000
1313,2,0.0087,2.5000,0.1003,0.0067,1.0000,0.0000,1.0000,0.0000,9.1916,43.0000
1314,0,0.0000,0.0000,0.0000,0.0000,0.0000,0.0000,0.0000,0.0000
1315,0,0.0000,0.0000,0.0000,0.0000,0.0000,0.0000,0.0000,0.0000
1316,0,0.0000,0.0000,0.0000,0.0000,0.0000,0.0000,0.0000,0.0000
1317,0,0.0000,0.0000,0.0000,0.0000,0.0000,0.0000,0.0000,0.0000
1318,2,0.0043,2.5000,0.0926,0.3058,1.0000,0.0000,1.0000,0.0000,2.3810,28.0000
1319,2,0.0043,2.5000,0.0926,0.3058,1.0000,0.0000,1.0000,0.0000,2.3810,28.0000
1320,3,0.0244,3.0000,0.1450,0.4613,1.0000,0.0000,1.0000,0.0000,4.3077,26.0000
1321,3,0.0244,3.0000,0.1450,0.4613,1.0000,0.0000,1.0000,0.0000,4.3077,26.0000
1322,1,0.0057,3.0000,0.1111,0.0001,1.0000,0.0000,1.0000,0.0000,3.1746,28.0000
1323,1,0.0057,3.0000,0.1111,0.0001,1.0000,0.0000,1.0000,0.0000,3.1746,28.0000
1324,6,0.0356,3.0000,0.1377,0.2130,1.0000,0.0000,1.0000,0.0000,4.5378,35.0000
1325,6,0.0356,3.0000,0.1377,0.2130,1.0000,0.0000,1.0000,0.0000,4.5378,35.0000
1326,4,0.0359,4.5000,0.1862,0.1694,1.0000,0.0000,1.0000,0.0000,5.8559,37.0000
1327,4,0.0359,4.5000,0.1862,0.1694,1.0000,0.0000,1.0000,0.0000,5.8559,37.0000
1328,3,0.0266,3.6667,0.1587,0.2105,1.3333,83.0776,1.0000,0.0000,3.7538,37.0000
1329,3,0.0266,3.6667,0.1587,0.2105,1.3333,83.0776,1.0000,0.0000,3.7538,37.0000
1330,2,0.0065,2.5000,0.0968,0.1158,1.5000,95.6194,1.0000,0.0000,4.0323,32.0000
1331,2,0.0065,2.5000,0.0968,0.1158,1.5000,95.6194,1.0000,0.0000,4.0323,32.0000
1332,4,0.0076,2.2500,0.0858,0.0601,1.0000,0.0000,1.0000,0.0000,3.5651,34.0000
1333,4,0.0076,2.2500,0.0858,0.0601,1.0000,0.0000,1.0000,0.0000,3.5651,34.0000
1334,2,0.0357,2.5000,0.1649,0.0260,1.5000,354.7599,1.0000,0.0000,8.2353,35.0000
1335,2,0.0357,2.5000,0.1649,0.0260,1.5000,354.7599,1.0000,0.0000,8.2353,35.0000
1336,1,0.0260,4.0000,0.2085,0.0662,1.0000,0.0000,1.0000,0.0000,10.5263,38.0000
1337,1,0.0260,4.0000,0.2085,0.0662,1.0000,0.0000,1.0000,0.0000,10.5263,38.0000
1338,2,0.0797,5.0000,0.2323,0.1314,1.0000,0.0000,1.0000,0.0000,7.7778,36.0000
1339,2,0.0797,5.0000,0.2323,0.1314,1.0000,0.0000,1.0000,0.0000,7.7778,36.0000
1340,5,0.0346,3.2000,0.1285,0.1246,1.0000,0.0000,1.0000,0.0000,4.6547,37.0000
1341,5,0.0346,3.2000,0.1285,0.1246,1.0000,0.0000,1.0000,0.0000,4.6547,37.0000
1342,3,0.0045,3.3333,0.0889,0.1054,1.0000,0.0000,1.0000,0.0000,3.6585,41.0000
1343,3,0.0045,3.3333,0.0889,0.1054,1.0000,0.0000,1.0000,0.0000,3.6585,41.0000
1344,2,0.0096,2.5000,0.0936,0.0322,1.0000,0.0000,1.0000,0.0000,7.0732,41.0000
1345,2,0.0096,2.5000,0.0936,0.0322,1.0000,0.0000,1.0000,0.0000,7.0732,41.0000
1346,3,0.0064,3.0000,0.0866,0.0321,1.3333,355.7148,1.0000,0.0000,5.9903,46.0000
1347,3,0.0064,3.0000,0.0866,0.0321,1.3333,355.7148,1.0000,0.0000,5.9903,46.0000
1348,2,0.0148,5.0000,0.1607,0.1859,1.0000,0.0000,1.0000,0.0000,6.0256,40.0000
1349,2,0.0148,5.0000,0.1607,0.1859,1.0000,0.0000,1.0000,0.0000,6.0256,40.0000
1350,0,0.0000,0.0000,0.0000,0.0000,0.0000,0.0000,0.0000,0.0000
1351,0,0.0000,0.0000,0.0000,0.0000,0.0000,0.0000,0.0000,0.0000
1352,0,0.0000,0.0000,0.0000,0.0000,0.0000,0.0000,0.0000,0.0000
1353,0,0.0000,0.0000,0.0000,0.0000,0.0000,0.0000,0.0000,0.0000
1354,1,0.0019,2.0000,0.0606,0.0000,2.0000,1244.8928,1.0000,0.0000,4.6346,34.0000
1355,1,0.0019,2.0000,0.0606,0.0000,2.0000,1244.8928,1.0000,0.0000,4.6346,34.0000
1356,3,0.0332,4.0000,0.1475,0.1794,1.0000,0.0000,1.0000,0.0000,4.9206,36.0000
1357,3,0.0332,4.0000,0.1475,0.1794,1.0000,0.0000,1.0000,0.0000,4.9206,36.0000
1358,4,0.0713,3.5000,0.1661,0.0710,1.0000,0.0000,1.0000,0.0000,7.3084,34.0000
1359,4,0.0713,3.5000,0.1661,0.0710,1.0000,0.0000,1.0000,0.0000,7.3084,34.0000
1360,3,0.0157,3.3333,0.1142,0.0938,1.0000,0.0000,1.3333,0.0000,4.3697,35.0000
1361,3,0.0157,3.3333,0.1142,0.0938,1.0000,0.0000,1.3333,0.0000,4.3697,35.0000
1362,2,0.0080,3.5000,0.1029,0.3159,1.0000,0.0000,1.5000,0.0000,1.6807,35.0000
1363,2,0.0080,3.5000,0.1029,0.3159,1.0000,0.0000,1.5000,0.0000,1.6807,35.0000
1364,6,0.0745,4.5000,0.2088,0.2201,1.0000,0.0000,1.0000,0.0000,6.8966,29.0000
1365,6,0.0745,4.5000,0.2088,0.2201,1.0000,0.0000,1.0000,0.0000,6.8966,29.0000
1366,2,0.0109,3.5000,0.1063,0.2493,1.0000,0.0000,1.0000,0.0000,3.1746,36.0000
1367,2,0.0109,3.5000,0.1063,0.2493,1.0000,0.0000,1.0000,0.0000,3.1746,36.0000
1368,3,0.0054,2.3333,0.0819,0.0000,1.0000,0.0000,1.0000,0.0000,4.9242,33.0000
1369,3,0.0054,2.3333,0.0819,0.0000,1.0000,0.0000,1.0000,0.0000,4.9242,33.0000
1370,0,0.0000,0.0000,0.0000,0.0000,0.0000,0.0000,0.0000,0.0000
1371,0,0.0000,0.0000,0.0000,0.0000,0.0000,0.0000,0.0000,0.0000
1372,3,0.0032,2.3333,0.0694,0.2039,1.0000,0.0000,1.0000,0.0000,1.5015,37.0000
1373,3,0.0032,2.3333,0.0694,0.2039,1.0000,0.0000,1.0000,0.0000,1.5015,37.0000
1374,0,0.0000,0.0000,0.0000,0.0000,0.0000,0.0000,0.0000,0.0000
1375,0,0.0000,0.0000,0.0000,0.0000,0.0000,0.0000,0.0000,0.0000
1376,3,0.0119,3.0000,0.1159,0.1197,1.3333,103.1317,1.0000,0.0000,5.5462,35.0000
1377,3,0.0119,3.0000,0.1159,0.1197,1.3333,103.1317,1.0000,0.0000,5.5462,35.0000
1378,2,0.0024,2.5000,0.0694,0.0000,1.0000,0.0000,1.0000,0.0000,3.7538,37.0000
1379,2,0.0024,2.5000,0.0694,0.0000,1.0000,0.0000,1.0000,0.0000,3.7538,37.0000
1380,1,0.0019,2.0000,0.0606,0.0000,1.0000,0.0000,1.0000,0.0000,4.2781,34.0000
1381,1,0.0019,2.0000,0.0606,0.0000,1.0000,0.0000,1.0000,0.0000,4.2781,34.0000
1382,3,0.0366,2.6667,0.1439,0.0826,1.0000,0.0000,1.0000,0.0000,4.6346,34.0000
1383,3,0.0366,2.6667,0.1439,0.0826,1.0000,0.0000,1.0000,0.0000,4.6346,34.0000
1384,3,0.0076,3.3333,0.0993,0.1752,1.0000,0.0000,1.0000,0.0000,3.6975,35.0000
1385,3,0.0076,3.3333,0.0993,0.1752,1.0000,0.0000,1.0000,0.0000,3.6975,35.0000
1386,3,0.0342,3.3333,0.1417,0.1512,1.0000,0.0000,1.0000,0.0000,3.9683,36.0000
1387,3,0.0342,3.3333,0.1417,0.1512,1.0000,0.0000,1.0000,0.0000,3.9683,36.0000
1388,4,0.0128,3.7500,0.1193,0.1605,1.0000,0.0000,1.0000,0.0000,4.2308,40.0000
1389,4,0.0128,3.7500,0.1193,0.1605,1.0000,0.0000,1.0000,0.0000,4.2308,40.0000
1390,3,0.0368,4.3333,0.1603,0.2036,1.0000,0.0000,1.0000,0.0000,5.5462,35.0000
1391,3,0.0368,4.3333,0.1603,0.2036,1.0000,0.0000,1.0000,0.0000,5.5462,35.0000
1392,3,0.0290,2.6667,0.1283,0.0515,1.3333,78.1886,1.0000,0.0000,5.5477,38.0000
1393,3,0.0290,2.6667,0.1283,0.0515,1.3333,78.1886,1.0000,0.0000,5.5477,38.0000
1394,4,0.0090,2.7500,0.0838,0.0000,1.0000,0.0000,1.0000,0.0000,3.6585,41.0000
1395,4,0.0090,2.7500,0.0838,0.0000,1.0000,0.0000,1.0000,0.0000,3.6585,41.0000
1396,5,0.0082,3.0000,0.0922,0.0717,1.0000,0.0000,1.0000,0.0000,4.7561,41.0000
1397,5,0.0082,3.0000,0.0922,0.0717,1.0000,0.0000,1.0000,0.0000,4.7561,41.0000
1398,0,0.0000,0.0000,0.0000,0.0000,0.0000,0.0000,0.0000,0.0000
1399,0,0.0000,0.0000,0.0000,0.0000,0.0000,0.0000,0.0000,0.0000
1400,7,0.0478,3.0000,0.1122,0.1742,1.0000,0.0000,1.1429,0.0000,3.7787,39.0000
1401,7,0.0478,3.0000,0.1122,0.1742,1.0000,0.0000,1.1429,0.0000,3.7787,39.0000
1402,3,0.0030,2.0000,0.0637,0.0000,1.3333,174.9683,1.0000,0.0000,7.7311,35.0000
1403,3,0.0030,2.0000,0.0637,0.0000,1.3333,174.9683,1.0000,0.0000,7.7311,35.0000
1404,2,0.0053,2.5000,0.0793,0.0000,1.0000,0.0000,1.0000,0.0000,2.9872,38.0000
1405,2,0.0053,2.5000,0.0793,0.0000,1.0000,0.0000,1.0000,0.0000,2.9872,38.0000
1406,3,0.0304,4.3333,0.1506,0.2987,1.0000,0.0000,1.0000,0.0000,3.8655,35.0000
1407,3,0.0304,4.3333,0.1506,0.2987,1.0000,0.0000,1.0000,0.0000,3.8655,35.0000
1408,1,0.0020,2.0000,0.0625,0.0000,1.0000,0.0000,1.0000,0.0000,2.0833,33.0000
1409,1,0.0020,2.0000,0.0625,0.0000,1.0000,0.0000,1.0000,0.0000,2.0833,33.0000
1410,2,0.0178,7.0000,0.2317,0.2814,1.0000,0.0000,1.0000,0.0000,6.5546,35.0000
1411,2,0.0178,7.0000,0.2317,0.2814,1.0000,0.0000,1.0000,0.0000,6.5546,35.0000
1412,2,0.0175,3.0000,0.1146,0.0682,1.0000,0.0000,1.0000,0.0000,4.9550,37.0000
1413,2,0.0175,3.0000,0.1146,0.0682,1.0000,0.0000,1.0000,0.0000,4.9550,37.0000
1414,0,0.0000,0.0000,0.0000,0.0000,0.0000,0.0000,0.0000,0.0000
1415,0,0.0000,0.0000,0.0000,0.0000,0.0000,0.0000,0.0000,0.0000
1416,0,0.0000,0.0000,0.0000,0.0000,0.0000,0.0000,0.0000,0.0000
1417,0,0.0000,0.0000,0.0000,0.0000,0.0000,0.0000,0.0000,0.0000
1418,0,0.0000,0.0000,0.0000,0.0000,0.0000,0.0000,0.0000,0.0000
1419,0,0.0000,0.0000,0.0000,0.0000,0.0000,0.0000,0.0000,0.0000
1420,6,0.0259,2.5000,0.0917,0.3151,1.0000,0.0000,1.0000,0.0000,2.4024,37.0000
1421,6,0.0259,2.5000,0.0917,0.3151,1.0000,0.0000,1.0000,0.0000,2.4024,37.0000
1422,1,0.0018,2.0000,0.0588,0.0001,1.0000,0.0000,1.0000,0.0000,2.0168,35.0000
1423,1,0.0018,2.0000,0.0588,0.0001,1.0000,0.0000,1.0000,0.0000,2.0168,35.0000
1424,2,0.0343,3.5000,0.1811,0.1380,1.0000,0.0000,1.0000,0.0000,6.6288,33.0000
1425,2,0.0343,3.5000,0.1811,0.1380,1.0000,0.0000,1.0000,0.0000,6.6288,33.0000
1426,3,0.0406,4.6667,0.1628,0.1182,1.3333,83.9214,1.0000,0.0000,6.9512,41.0000
1427,3,0.0406,4.6667,0.1628,0.1182,1.3333,83.9214,1.0000,0.0000,6.9512,41.0000
1428,6,0.0280,2.6667,0.0941,0.0960,1.0000,0.0000,1.0000,0.0000,3.9024,41.0000
1429,6,0.0280,2.6667,0.0941,0.0960,1.0000,0.0000,1.0000,0.0000,3.9024,41.0000
1430,4,0.0038,3.2500,0.0818,0.0000,1.0000,0.0000,1.0000,0.0000,2.8793,43.0000
1431,4,0.0038,3.2500,0.0818,0.0000,1.0000,0.0000,1.0000,0.0000,2.8793,43.0000
1432,1,0.0254,3.0000,0.2170,0.0574,1.0000,0.0000,1.0000,0.0000,9.7598,37.0000
1433,1,0.0254,3.0000,0.2170,0.0574,1.0000,0.0000,1.0000,0.0000,9.7598,37.0000
1434,2,0.0074,2.5000,0.1073,0.0348,1.0000,0.0000,1.0000,0.0000,6.0256,40.0000
1435,2,0.0074,2.5000,0.1073,0.0348,1.0000,0.0000,1.0000,0.0000,6.0256,40.0000
1436,0,0.0000,0.0000,0.0000,0.0000,0.0000,0.0000,0.0000,0.0000
1437,0,0.0000,0.0000,0.0000,0.0000,0.0000,0.0000,0.0000,0.0000
1438,2,0.0311,3.0000,0.1415,0.0781,1.0000,0.0000,1.0000,0.0000,4.7619,36.0000
1439,2,0.0311,3.0000,0.1415,0.0781,1.0000,0.0000,1.0000,0.0000,4.7619,36.0000
1440,2,0.0492,3.0000,0.1440,0.0823,1.5000,636.7671,1.0000,0.0000,4.9911,34.0000
1441,2,0.0492,3.0000,0.1440,0.0823,1.5000,636.7671,1.0000,0.0000,4.9911,34.0000
1442,2,0.0062,3.0000,0.0907,0.0000,1.0000,0.0000,1.0000,0.0000,3.6975,35.0000
1443,2,0.0062,3.0000,0.0907,0.0000,1.0000,0.0000,1.0000,0.0000,3.6975,35.0000
1444,4,0.0366,4.2500,0.1386,0.2016,1.0000,0.0000,1.0000,0.0000,4.9206,36.0000
1445,4,0.0366,4.2500,0.1386,0.2016,1.0000,0.0000,1.0000,0.0000,4.9206,36.0000
1446,1,0.0211,7.0000,0.2593,0.2274,1.0000,0.0000,1.0000,0.0000,8.2583,37.0000
1447,1,0.0211,7.0000,0.2593,0.2274,1.0000,0.0000,1.0000,0.0000,8.2583,37.0000
1448,3,0.0043,2.6667,0.0797,0.0700,1.0000,0.0000,1.0000,0.0000,3.1039,39.0000
1449,3,0.0043,2.6667,0.0797,0.0700,1.0000,0.0000,1.0000,0.0000,3.1039,39.0000
1450,2,0.0310,4.5000,0.1887,0.2556,1.0000,0.0000,1.0000,0.0000,5.5914,31.0000
1451,2,0.0310,4.5000,0.1887,0.2556,1.0000,0.0000,1.0000,0.0000,5.5914,31.0000
1452,1,0.0018,2.0000,0.0588,0.0000,1.0000,0.0000,1.0000,0.0000,3.6975,35.0000
1453,1,0.0018,2.0000,0.0588,0.0000,1.0000,0.0000,1.0000,0.0000,3.6975,35.0000
1454,3,0.0385,3.3333,0.1698,0.0603,1.0000,0.0000,1.0000,0.0000,6.2589,38.0000
1455,3,0.0385,3.3333,0.1698,0.0603,1.0000,0.0000,1.0000,0.0000,6.2589,38.0000
1456,2,0.0373,5.5000,0.1778,0.1406,1.0000,0.0000,1.0000,0.0000,7.9580,37.0000
1457,2,0.0373,5.5000,0.1778,0.1406,1.0000,0.0000,1.0000,0.0000,7.9580,37.0000
1458,2,0.0213,5.0000,0.1463,0.1020,1.0000,0.0000,1.5000,0.0000,5.3981,39.0000
1459,2,0.0213,5.0000,0.1463,0.1020,1.0000,0.0000,1.5000,0.0000,5.3981,39.0000
1460,2,0.0040,3.0000,0.0833,0.1581,1.0000,0.0000,1.0000,0.0000,2.5641,40.0000
1461,2,0.0040,3.0000,0.0833,0.1581,1.0000,0.0000,1.0000,0.0000,2.5641,40.0000
1462,2,0.0308,5.0000,0.2426,0.2715,1.0000,0.0000,1.0000,0.0000,9.9715,27.0000
1463,2,0.0308,5.0000,0.2426,0.2715,1.0000,0.0000,1.0000,0.0000,9.9715,27.0000
1464,0,0.0000,0.0000,0.0000,0.0000,0.0000,0.0000,0.0000,0.0000
1465,0,0.0000,0.0000,0.0000,0.0000,0.0000,0.0000,0.0000,0.0000
1466,3,0.0052,4.0000,0.1078,0.3031,1.0000,0.0000,1.0000,0.0000,4.4534,39.0000
1467,3,0.0052,4.0000,0.1078,0.3031,1.0000,0.0000,1.0000,0.0000,4.4534,39.0000
1468,2,0.0075,3.5000,0.1027,0.3850,1.0000,0.0000,1.0000,0.0000,2.1337,38.0000
1469,2,0.0075,3.5000,0.1027,0.3850,1.0000,0.0000,1.0000,0.0000,2.1337,38.0000
1470,2,0.0071,2.5000,0.0848,0.1128,1.0000,0.0000,1.0000,0.0000,4.2017,35.0000
1471,2,0.0071,2.5000,0.0848,0.1128,1.0000,0.0000,1.0000,0.0000,4.2017,35.0000
1472,3,0.0078,3.0000,0.1023,0.1948,1.0000,0.0000,1.0000,0.0000,3.1746,36.0000
1473,3,0.0078,3.0000,0.1023,0.1948,1.0000,0.0000,1.0000,0.0000,3.1746,36.0000
1474,1,0.0230,6.0000,0.2042,0.4544,1.0000,0.0000,1.0000,0.0000,4.5161,31.0000
1475,1,0.0230,6.0000,0.2042,0.4544,1.0000,0.0000,1.0000,0.0000,4.5161,31.0000
1476,1,0.0023,2.0000,0.0667,0.0000,1.0000,0.0000,1.0000,0.0000,8.3871,31.0000
1477,1,0.0023,2.0000,0.0667,0.0000,1.0000,0.0000,1.0000,0.0000,8.3871,31.0000
1478,3,0.0155,5.6667,0.1796,0.1621,1.0000,0.0000,1.0000,0.0000,6.5434,38.0000
1479,3,0.0155,5.6667,0.1796,0.1621,1.0000,0.0000,1.0000,0.0000,6.5434,38.0000
1480,1,0.0028,3.0000,0.0789,0.0000,1.0000,0.0000,1.0000,0.0000,3.7787,39.0000
1481,1,0.0028,3.0000,0.0789,0.0000,1.0000,0.0000,1.0000,0.0000,3.7787,39.0000
1482,4,0.0442,4.0000,0.1840,0.2090,1.0000,0.0000,1.0000,0.0000,5.3030,33.0000
1483,4,0.0442,4.0000,0.1840,0.2090,1.0000,0.0000,1.0000,0.0000,5.3030,33.0000
1484,2,0.0083,3.5000,0.1006,0.1687,1.0000,0.0000,1.0000,0.0000,3.1294,38.0000
1485,2,0.0083,3.5000,0.1006,0.1687,1.0000,0.0000,1.0000,0.0000,3.1294,38.0000
1486,4,0.0190,3.5000,0.1291,0.2293,1.0000,0.0000,1.0000,0.0000,4.2674,38.0000
1487,4,0.0190,3.5000,0.1291,0.2293,1.0000,0.0000,1.0000,0.0000,4.2674,38.0000
1488,3,0.0261,4.6667,0.1458,0.2955,1.0000,0.0000,1.0000,0.0000,2.9487,40.0000
1489,3,0.0261,4.6667,0.1458,0.2955,1.0000,0.0000,1.0000,0.0000,2.9487,40.0000
1490,2,0.0185,4.5000,0.1333,0.4047,1.0000,0.0000,1.0000,0.0000,3.8095,36.0000
1491,2,0.0185,4.5000,0.1333,0.4047,1.0000,0.0000,1.0000,0.0000,3.8095,36.0000
1492,2,0.0210,3.0000,0.1537,0.0730,1.0000,0.0000,1.0000,0.0000,6.5434,38.0000
1493,2,0.0210,3.0000,0.1537,0.0730,1.0000,0.0000,1.0000,0.0000,6.5434,38.0000
1494,6,0.0751,4.0000,0.1574,0.2108,1.1667,24.0654,1.1667,0.0000,4.6032,36.0000
1495,6,0.0751,4.0000,0.1574,0.2108,1.1667,24.0654,1.1667,0.0000,4.6032,36.0000
1496,1,0.0019,2.0000,0.0606,0.0000,1.0000,0.0000,1.0000,0.0000,2.6738,34.0000
1497,1,0.0019,2.0000,0.0606,0.0000,1.0000,0.0000,1.0000,0.0000,2.6738,34.0000
1498,2,0.0092,2.5000,0.1109,0.0518,1.0000,0.0000,1.0000,0.0000,6.1905,36.0000
1499,2,0.0092,2.5000,0.1109,0.0518,1.0000,0.0000,1.0000,0.0000,6.1905,36.0000
1500,3,0.0510,3.6667,0.1457,0.1080,1.0000,0.0000,1.0000,0.0000,4.4444,36.0000
1501,3,0.0510,3.6667,0.1457,0.1080,1.0000,0.0000,1.0000,0.0000,4.4444,36.0000
1502,3,0.0037,2.3333,0.0741,0.0841,1.0000,0.0000,1.0000,0.0000,2.8529,37.0000
1503,3,0.0037,2.3333,0.0741,0.0841,1.0000,0.0000,1.0000,0.0000,2.8529,37.0000
1504,5,0.0205,3.0000,0.0998,0.2435,1.0000,0.0000,1.0000,0.0000,2.5397,36.0000
1505,5,0.0205,3.0000,0.0998,0.2435,1.0000,0.0000,1.0000,0.0000,2.5397,36.0000
1506,1,0.0023,2.0000,0.0667,0.0000,1.0000,0.0000,1.0000,0.0000,5.3763,31.0000
1507,1,0.0023,2.0000,0.0667,0.0000,1.0000,0.0000,1.0000,0.0000,5.3763,31.0000
1508,2,0.0076,2.5000,0.0949,0.0861,1.0000,0.0000,1.0000,0.0000,3.5651,34.0000
1509,2,0.0076,2.5000,0.0949,0.0861,1.0000,0.0000,1.0000,0.0000,3.5651,34.0000
1510,4,0.0167,3.0000,0.1034,0.0828,1.0000,0.0000,1.0000,0.0000,3.3033,37.0000
1511,4,0.0167,3.0000,0.1034,0.0828,1.0000,0.0000,1.0000,0.0000,3.3033,37.0000
1512,4,0.0040,2.2500,0.0725,0.2366,1.0000,0.0000,1.0000,0.0000,2.5210,35.0000
1513,4,0.0040,2.2500,0.0725,0.2366,1.0000,0.0000,1.0000,0.0000,2.5210,35.0000
1514,3,0.0160,3.3333,0.1053,0.2056,1.0000,0.0000,1.0000,0.0000,3.6975,35.0000
1515,3,0.0160,3.3333,0.1053,0.2056,1.0000,0.0000,1.0000,0.0000,3.6975,35.0000
1516,1,0.0160,8.0000,0.2451,0.3149,2.0000,254.6360,1.0000,0.0000,6.7227,35.0000
1517,1,0.0160,8.0000,0.2451,0.3149,2.0000,254.6360,1.0000,0.0000,6.7227,35.0000
1518,0,0.0000,0.0000,0.0000,0.0000,0.0000,0.0000,0.0000,0.0000
1519,0,0.0000,0.0000,0.0000,0.0000,0.0000,0.0000,0.0000,0.0000
1520,2,0.0683,7.0000,0.2148,0.1866,1.0000,0.0000,1.0000,0.0000,6.9841,36.0000
1521,2,0.0683,7.0000,0.2148,0.1866,1.0000,0.0000,1.0000,0.0000,6.9841,36.0000
1522,4,0.0105,2.7500,0.0873,0.0984,1.0000,0.0000,1.0000,0.0000,3.5562,38.0000
1523,4,0.0105,2.7500,0.0873,0.0984,1.0000,0.0000,1.0000,0.0000,3.5562,38.0000
1524,0,0.0000,0.0000,0.0000,0.0000,0.0000,0.0000,0.0000,0.0000
1525,0,0.0000,0.0000,0.0000,0.0000,0.0000,0.0000,0.0000,0.0000
1526,1,0.0168,4.0000,0.1646,0.1185,1.0000,0.0000,1.0000,0.0000,7.4603,36.0000
1527,1,0.0168,4.0000,0.1646,0.1185,1.0000,0.0000,1.0000,0.0000,7.4603,36.0000
1528,2,0.0054,3.0000,0.0801,0.0000,1.0000,0.0000,1.0000,0.0000,3.2051,40.0000
1529,2,0.0054,3.0000,0.0801,0.0000,1.0000,0.0000,1.0000,0.0000,3.2051,40.0000
1530,1,0.0101,4.0000,0.1406,0.3162,1.0000,0.0000,1.0000,0.0000,3.5985,33.0000
1531,1,0.0101,4.0000,0.1406,0.3162,1.0000,0.0000,1.0000,0.0000,3.5985,33.0000
1532,2,0.0101,4.5000,0.1414,0.1488,1.0000,0.0000,1.0000,0.0000,4.4444,36.0000
1533,2,0.0101,4.5000,0.1414,0.1488,1.0000,0.0000,1.0000,0.0000,4.4444,36.0000
1534,1,0.0057,3.0000,0.0970,0.0000,1.0000,0.0000,1.0000,0.0000,3.9216,34.0000
1535,1,0.0057,3.0000,0.0970,0.0000,1.0000,0.0000,1.0000,0.0000,3.9216,34.0000
1536,3,0.0188,3.0000,0.1255,0.2056,1.0000,0.0000,1.0000,0.0000,3.0303,33.0000
1537,3,0.0188,3.0000,0.1255,0.2056,1.0000,0.0000,1.0000,0.0000,3.0303,33.0000
1538,3,0.0181,2.3333,0.1086,0.2626,1.0000,0.0000,1.0000,0.0000,2.2989,30.0000
1539,3,0.0181,2.3333,0.1086,0.2626,1.0000,0.0000,1.0000,0.0000,2.2989,30.0000
1540,4,0.0413,4.0000,0.1760,0.2330,1.0000,0.0000,1.0000,0.0000,5.6818,33.0000
1541,4,0.0413,4.0000,0.1760,0.2330,1.0000,0.0000,1.0000,0.0000,5.6818,33.0000
1542,0,0.0000,0.0000,0.0000,0.0000,0.0000,0.0000,0.0000,0.0000
1543,0,0.0000,0.0000,0.0000,0.0000,0.0000,0.0000,0.0000,0.0000
1544,2,0.0189,4.0000,0.1473,0.1178,1.0000,0.0000,1.0000,0.0000,6.0606,34.0000
1545,2,0.0189,4.0000,0.1473,0.1178,1.0000,0.0000,1.0000,0.0000,6.0606,34.0000
1546,1,0.0038,3.0000,0.0909,0.0000,1.0000,0.0000,1.0000,0.0000,3.3868,34.0000
1547,1,0.0038,3.0000,0.0909,0.0000,1.0000,0.0000,1.0000,0.0000,3.3868,34.0000
1548,4,0.0420,3.5000,0.1703,0.0934,1.2500,181.9537,1.0000,0.0000,7.5574,39.0000
1549,4,0.0420,3.5000,0.1703,0.0934,1.2500,181.9537,1.0000,0.0000,7.5574,39.0000
1550,7,0.0059,3.7143,0.1051,0.0482,1.1429,39.5899,1.0000,0.0000,7.5574,39.0000
1551,7,0.0059,3.7143,0.1051,0.0482,1.1429,39.5899,1.0000,0.0000,7.5574,39.0000
1552,4,0.0116,3.0000,0.0963,0.1931,1.2500,55.2946,1.0000,0.0000,2.9598,44.0000
1553,4,0.0116,3.0000,0.0963,0.1931,1.2500,55.2946,1.0000,0.0000,2.9598,44.0000
1554,2,0.0160,4.5000,0.1669,0.2254,1.0000,0.0000,1.0000,0.0000,4.4444,36.0000
1555,2,0.0160,4.5000,0.1669,0.2254,1.0000,0.0000,1.0000,0.0000,4.4444,36.0000
1556,0,0.0000,0.0000,0.0000,0.0000,0.0000,0.0000,0.0000,0.0000
1557,0,0.0000,0.0000,0.0000,0.0000,0.0000,0.0000,0.0000,0.0000
1558,1,0.0043,3.0000,0.0968,0.6116,1.0000,0.0000,1.0000,0.0000,2.0161,32.0000
1559,1,0.0043,3.0000,0.0968,0.6116,1.0000,0.0000,1.0000,0.0000,2.0161,32.0000
1560,4,0.0567,4.2500,0.1921,0.2419,1.0000,0.0000,1.0000,0.0000,4.6371,32.0000
1561,4,0.0567,4.2500,0.1921,0.2419,1.0000,0.0000,1.0000,0.0000,4.6371,32.0000
1562,1,0.0403,4.0000,0.2250,0.0757,1.0000,0.0000,1.0000,0.0000,9.8485,33.0000
1563,1,0.0403,4.0000,0.2250,0.0757,1.0000,0.0000,1.0000,0.0000,9.8485,33.0000
1564,1,0.0018,2.0000,0.0588,0.0000,1.0000,0.0000,1.0000,0.0000,7.2269,35.0000
1565,1,0.0018,2.0000,0.0588,0.0000,1.0000,0.0000,1.0000,0.0000,7.2269,35.0000
1566,1,0.0016,2.0000,0.0556,0.0000,1.0000,0.0000,1.0000,0.0000,4.5045,37.0000
1567,1,0.0016,2.0000,0.0556,0.0000,1.0000,0.0000,1.0000,0.0000,4.5045,37.0000
1568,4,0.0027,2.0000,0.0625,0.0000,1.0000,0.0000,1.0000,0.0000,2.6891,35.0000
1569,4,0.0027,2.0000,0.0625,0.0000,1.0000,0.0000,1.0000,0.0000,2.6891,35.0000
1570,1,0.0178,6.0000,0.2093,0.2329,1.0000,0.0000,1.0000,0.0000,7.3950,35.0000
1571,1,0.0178,6.0000,0.2093,0.2329,1.0000,0.0000,1.0000,0.0000,7.3950,35.0000
1572,3,0.0071,3.3333,0.0993,0.1313,1.0000,0.0000,1.0000,0.0000,4.7059,35.0000
1573,3,0.0071,3.3333,0.0993,0.1313,1.0000,0.0000,1.0000,0.0000,4.7059,35.0000
1574,2,0.0366,5.0000,0.2375,0.1573,1.0000,0.0000,1.0000,0.0000,10.4839,32.0000
1575,2,0.0366,5.0000,0.2375,0.1573,1.0000,0.0000,1.0000,0.0000,10.4839,32.0000
1576,2,0.0169,2.5000,0.1247,0.1023,1.0000,0.0000,1.0000,0.0000,3.8655,35.0000
1577,2,0.0169,2.5000,0.1247,0.1023,1.0000,0.0000,1.0000,0.0000,3.8655,35.0000
1578,2,0.0351,4.0000,0.1488,0.0720,1.0000,0.0000,1.0000,0.0000,4.6154,40.0000
1579,2,0.0351,4.0000,0.1488,0.0720,1.0000,0.0000,1.0000,0.0000,4.6154,40.0000
1580,4,0.0270,2.7500,0.1249,0.0518,1.5000,148.7998,1.0000,0.0000,5.9744,38.0000
1581,4,0.0270,2.7500,0.1249,0.0518,1.5000,148.7998,1.0000,0.0000,5.9744,38.0000
1582,2,0.0302,4.0000,0.1620,0.1732,1.0000,0.0000,1.5000,0.0000,4.6547,37.0000
1583,2,0.0302,4.0000,0.1620,0.1732,1.0000,0.0000,1.5000,0.0000,4.6547,37.0000
1584,0,0.0000,0.0000,0.0000,0.0000,0.0000,0.0000,0.0000,0.0000
1585,0,0.0000,0.0000,0.0000,0.0000,0.0000,0.0000,0.0000,0.0000
1586,4,0.0167,2.7500,0.1170,0.1542,1.0000,0.0000,1.0000,0.0000,4.5161,31.0000
1587,4,0.0167,2.7500,0.1170,0.1542,1.0000,0.0000,1.0000,0.0000,4.5161,31.0000
1588,3,0.0084,2.3333,0.0928,0.2293,1.3333,84.2816,1.0000,0.0000,2.7957,31.0000
1589,3,0.0084,2.3333,0.0928,0.2293,1.3333,84.2816,1.0000,0.0000,2.7957,31.0000
1590,2,0.0079,2.5000,0.1071,0.1158,1.0000,0.0000,1.0000,0.0000,4.9261,29.0000
1591,2,0.0079,2.5000,0.1071,0.1158,1.0000,0.0000,1.0000,0.0000,4.9261,29.0000
1592,2,0.0085,3.0000,0.1204,0.1861,1.0000,0.0000,1.0000,0.0000,4.2328,28.0000
1593,2,0.0085,3.0000,0.1204,0.1861,1.0000,0.0000,1.0000,0.0000,4.2328,28.0000
1594,3,0.0212,3.3333,0.1336,0.3921,1.0000,0.0000,1.0000,0.0000,4.4335,29.0000
1595,3,0.0212,3.3333,0.1336,0.3921,1.0000,0.0000,1.0000,0.0000,4.4335,29.0000
1596,2,0.0026,2.0000,0.0714,0.0000,1.0000,0.0000,1.0000,0.0000,2.7094,29.0000
1597,2,0.0026,2.0000,0.0714,0.0000,1.0000,0.0000,1.0000,0.0000,2.7094,29.0000
1598,1,0.0025,2.0000,0.0690,0.0000,1.0000,0.0000,1.0000,0.0000,6.2069,30.0000
1599,1,0.0025,2.0000,0.0690,0.0000,1.0000,0.0000,1.0000,0.0000,6.2069,30.0000
1600,1,0.0014,2.0000,0.0526,0.0000,1.0000,0.0000,1.0000,0.0000,5.1282,39.0000
1601,1,0.0014,2.0000,0.0526,0.0000,1.0000,0.0000,1.0000,0.0000,5.1282,39.0000
1602,3,0.0084,3.0000,0.1075,0.0897,1.0000,0.0000,1.0000,0.0000,3.8095,36.0000
1603,3,0.0084,3.0000,0.1075,0.0897,1.0000,0.0000,1.0000,0.0000,3.8095,36.0000
1604,4,0.0102,2.7500,0.0950,0.2182,1.0000,0.0000,1.0000,0.0000,2.8571,35.0000
1605,4,0.0102,2.7500,0.0950,0.2182,1.0000,0.0000,1.0000,0.0000,2.8571,35.0000
1606,1,0.0050,3.0000,0.0857,0.0001,1.0000,0.0000,2.0000,0.0000,1.4286,36.0000
1607,1,0.0050,3.0000,0.0857,0.0001,1.0000,0.0000,2.0000,0.0000,1.4286,36.0000
1608,2,0.0079,3.0000,0.1146,0.0798,1.0000,0.0000,1.0000,0.0000,5.5556,37.0000
1609,2,0.0079,3.0000,0.1146,0.0798,1.0000,0.0000,1.0000,0.0000,5.5556,37.0000
1610,4,0.0276,3.0000,0.1357,0.0147,1.0000,0.0000,1.0000,0.0000,7.5610,41.0000
1611,4,0.0276,3.0000,0.1357,0.0147,1.0000,0.0000,1.0000,0.0000,7.5610,41.0000
1612,1,0.0015,2.0000,0.0541,0.0000,1.0000,0.0000,1.0000,0.0000,3.5562,38.0000
1613,1,0.0015,2.0000,0.0541,0.0000,1.0000,0.0000,1.0000,0.0000,3.5562,38.0000
1614,5,0.0125,2.0000,0.0767,0.0001,1.4000,156.2259,1.0000,0.0000,2.1849,35.0000
1615,5,0.0125,2.0000,0.0767,0.0001,1.4000,156.2259,1.0000,0.0000,2.1849,35.0000
1616,1,0.0428,4.0000,0.1838,0.2585,1.0000,0.0000,1.0000,0.0000,4.7059,35.0000
1617,1,0.0428,4.0000,0.1838,0.2585,1.0000,0.0000,1.0000,0.0000,4.7059,35.0000
1618,0,0.0000,0.0000,0.0000,0.0000,0.0000,0.0000,0.0000,0.0000
1619,0,0.0000,0.0000,0.0000,0.0000,0.0000,0.0000,0.0000,0.0000
1620,0,0.0000,0.0000,0.0000,0.0000,0.0000,0.0000,0.0000,0.0000
1621,0,0.0000,0.0000,0.0000,0.0000,0.0000,0.0000,0.0000,0.0000
1622,6,0.0683,2.8333,0.1680,0.0829,1.0000,0.0000,1.1667,0.0000,6.3866,35.0000
1623,6,0.0683,2.8333,0.1680,0.0829,1.0000,0.0000,1.1667,0.0000,6.3866,35.0000
1624,3,0.0048,2.3333,0.0826,0.0435,1.0000,0.0000,1.0000,0.0000,6.0060,37.0000
1625,3,0.0048,2.3333,0.0826,0.0435,1.0000,0.0000,1.0000,0.0000,6.0060,37.0000
1626,6,0.0358,2.8333,0.1251,0.0681,1.0000,0.0000,1.1667,0.0000,5.5556,37.0000
1627,6,0.0358,2.8333,0.1251,0.0681,1.0000,0.0000,1.1667,0.0000,5.5556,37.0000
1628,4,0.0202,3.2500,0.1247,0.0894,1.0000,0.0000,1.0000,0.0000,4.9550,37.0000
1629,4,0.0202,3.2500,0.1247,0.0894,1.0000,0.0000,1.0000,0.0000,4.9550,37.0000
1630,4,0.0091,3.7500,0.1037,0.1087,1.0000,0.0000,1.0000,0.0000,4.1835,39.0000
1631,4,0.0091,3.7500,0.1037,0.1087,1.0000,0.0000,1.0000,0.0000,4.1835,39.0000
1632,1,0.0016,2.0000,0.0556,0.0000,1.0000,0.0000,1.0000,0.0000,2.1021,37.0000
1633,1,0.0016,2.0000,0.0556,0.0000,1.0000,0.0000,1.0000,0.0000,2.1021,37.0000
1634,8,0.0265,3.1250,0.1097,0.1276,1.0000,0.0000,1.0000,0.0000,4.0486,39.0000
1635,8,0.0265,3.1250,0.1097,0.1276,1.0000,0.0000,1.0000,0.0000,4.0486,39.0000
1636,4,0.0040,3.0000,0.0869,0.1247,1.5000,208.8898,1.0000,0.0000,3.4921,36.0000
1637,4,0.0040,3.0000,0.0869,0.1247,1.5000,208.8898,1.0000,0.0000,3.4921,36.0000
1638,0,0.0000,0.0000,0.0000,0.0000,0.0000,0.0000,0.0000,0.0000
1639,0,0.0000,0.0000,0.0000,0.0000,0.0000,0.0000,0.0000,0.0000
1640,6,0.0175,2.8333,0.1024,0.1102,1.1667,104.8237,1.0000,0.0000,3.3033,37.0000
1641,6,0.0175,2.8333,0.1024,0.1102,1.1667,104.8237,1.0000,0.0000,3.3033,37.0000
1642,4,0.0667,4.2500,0.1613,0.2844,1.0000,0.0000,1.0000,0.0000,5.4435,32.0000
1643,4,0.0667,4.2500,0.1613,0.2844,1.0000,0.0000,1.0000,0.0000,5.4435,32.0000
1644,0,0.0000,0.0000,0.0000,0.0000,0.0000,0.0000,0.0000,0.0000
1645,0,0.0000,0.0000,0.0000,0.0000,0.0000,0.0000,0.0000,0.0000
1646,3,0.0325,4.3333,0.1470,0.2724,1.0000,0.0000,1.0000,0.0000,4.4444,36.0000
1647,3,0.0325,4.3333,0.1470,0.2724,1.0000,0.0000,1.0000,0.0000,4.4444,36.0000
1648,3,0.0053,2.6667,0.0882,0.1241,1.3333,55.3827,1.0000,0.0000,3.1933,35.0000
1649,3,0.0053,2.6667,0.0882,0.1241,1.3333,55.3827,1.0000,0.0000,3.1933,35.0000
1650,3,0.0442,3.6667,0.2057,0.0921,1.0000,0.0000,1.0000,0.0000,7.1301,34.0000
1651,3,0.0442,3.6667,0.2057,0.0921,1.0000,0.0000,1.0000,0.0000,7.1301,34.0000
1652,3,0.0065,2.3333,0.0922,0.0499,1.0000,0.0000,1.0000,0.0000,5.8468,32.0000
1653,3,0.0065,2.3333,0.0922,0.0499,1.0000,0.0000,1.0000,0.0000,5.8468,32.0000
1654,0,0.0000,0.0000,0.0000,0.0000,0.0000,0.0000,0.0000,0.0000
1655,0,0.0000,0.0000,0.0000,0.0000,0.0000,0.0000,0.0000,0.0000
1656,2,0.0060,2.5000,0.0938,0.1261,1.5000,464.1948,1.0000,0.0000,3.5985,33.0000
1657,2,0.0060,2.5000,0.0938,0.1261,1.5000,464.1948,1.0000,0.0000,3.5985,33.0000
1658,3,0.0099,2.6667,0.0886,0.2615,1.0000,0.0000,1.0000,0.0000,2.5641,40.0000
1659,3,0.0099,2.6667,0.0886,0.2615,1.0000,0.0000,1.0000,0.0000,2.5641,40.0000
1660,2,0.0129,3.0000,0.1297,0.0308,1.0000,0.0000,1.0000,0.0000,5.5331,39.0000
1661,2,0.0129,3.0000,0.1297,0.0308,1.0000,0.0000,1.0000,0.0000,5.5331,39.0000
1662,3,0.0109,3.0000,0.0984,0.2585,1.3333,35.2884,1.3333,0.0000,2.0243,39.0000
1663,3,0.0109,3.0000,0.0984,0.2585,1.3333,35.2884,1.3333,0.0000,2.0243,39.0000
1664,0,0.0000,0.0000,0.0000,0.0000,0.0000,0.0000,0.0000,0.0000
1665,0,0.0000,0.0000,0.0000,0.0000,0.0000,0.0000,0.0000,0.0000
1666,4,0.0136,2.5000,0.0972,0.3915,1.0000,0.0000,1.0000,0.0000,2.0833,33.0000
1667,4,0.0136,2.5000,0.0972,0.3915,1.0000,0.0000,1.0000,0.0000,2.0833,33.0000
1668,1,0.0038,3.0000,0.0909,0.0000,1.0000,0.0000,1.0000,0.0000,5.1693,34.0000
1669,1,0.0038,3.0000,0.0909,0.0000,1.0000,0.0000,1.0000,0.0000,5.1693,34.0000
1670,2,0.0336,5.5000,0.1645,0.3300,1.0000,0.0000,1.0000,0.0000,4.4444,36.0000
1671,2,0.0336,5.5000,0.1645,0.3300,1.0000,0.0000,1.0000,0.0000,4.4444,36.0000
1672,6,0.0179,2.6667,0.1049,0.0873,1.1667,54.2421,1.1667,0.0000,3.3333,36.0000
1673,6,0.0179,2.6667,0.1049,0.0873,1.1667,54.2421,1.1667,0.0000,3.3333,36.0000
1674,2,0.0175,2.5000,0.1286,0.1129,1.0000,0.0000,1.0000,0.0000,4.0541,37.0000
1675,2,0.0175,2.5000,0.1286,0.1129,1.0000,0.0000,1.0000,0.0000,4.0541,37.0000
1676,1,0.0050,3.0000,0.0914,0.0000,1.0000,0.0000,1.0000,0.0000,6.1905,36.0000
1677,1,0.0050,3.0000,0.0914,0.0000,1.0000,0.0000,1.0000,0.0000,6.1905,36.0000
1678,0,0.0000,0.0000,0.0000,0.0000,0.0000,0.0000,0.0000,0.0000
1679,0,0.0000,0.0000,0.0000,0.0000,0.0000,0.0000,0.0000,0.0000
1680,3,0.0052,2.6667,0.0794,0.0000,1.3333,416.6088,1.0000,0.0000,3.7179,40.0000
1681,3,0.0052,2.6667,0.0794,0.0000,1.3333,416.6088,1.0000,0.0000,3.7179,40.0000
1682,2,0.0185,2.5000,0.1125,0.0998,1.0000,0.0000,1.0000,0.0000,3.6508,36.0000
1683,2,0.0185,2.5000,0.1125,0.0998,1.0000,0.0000,1.0000,0.0000,3.6508,36.0000
1684,2,0.0143,4.0000,0.1362,0.2034,1.5000,131.0636,1.0000,0.0000,5.5556,37.0000
1685,2,0.0143,4.0000,0.1362,0.2034,1.5000,131.0636,1.0000,0.0000,5.5556,37.0000
1686,4,0.0094,3.2500,0.1153,0.1127,1.0000,0.0000,1.0000,0.0000,5.0420,35.0000
1687,4,0.0094,3.2500,0.1153,0.1127,1.0000,0.0000,1.0000,0.0000,5.0420,35.0000
1688,0,0.0000,0.0000,0.0000,0.0000,0.0000,0.0000,0.0000,0.0000
1689,0,0.0000,0.0000,0.0000,0.0000,0.0000,0.0000,0.0000,0.0000
1690,5,0.0131,4.6000,0.1374,0.0744,1.0000,0.0000,1.0000,0.0000,4.5296,42.0000
1691,5,0.0131,4.6000,0.1374,0.0744,1.0000,0.0000,1.0000,0.0000,4.5296,42.0000
1692,1,0.0114,6.0000,0.1579,0.4837,2.0000,123.7539,1.0000,0.0000,2.4291,39.0000
1693,1,0.0114,6.0000,0.1579,0.4837,2.0000,123.7539,1.0000,0.0000,2.4291,39.0000
1694,2,0.0059,3.5000,0.1063,0.1700,1.0000,0.0000,1.0000,0.0000,4.1270,36.0000
1695,2,0.0059,3.5000,0.1063,0.1700,1.0000,0.0000,1.0000,0.0000,4.1270,36.0000
1696,1,0.0015,2.0000,0.0541,0.0000,1.0000,0.0000,1.0000,0.0000,3.5562,38.0000
1697,1,0.0015,2.0000,0.0541,0.0000,1.0000,0.0000,1.0000,0.0000,3.5562,38.0000
1698,4,0.0279,3.7500,0.1415,0.1309,1.0000,0.0000,1.0000,0.0000,4.4563,34.0000
1699,4,0.0279,3.7500,0.1415,0.1309,1.0000,0.0000,1.0000,0.0000,4.4563,34.0000
1700,1,0.0022,2.0000,0.0645,0.0000,1.0000,0.0000,1.0000,0.0000,3.0242,32.0000
1701,1,0.0022,2.0000,0.0645,0.0000,1.0000,0.0000,1.0000,0.0000,3.0242,32.0000
1702,2,0.0084,4.0000,0.1143,0.4034,1.0000,0.0000,1.0000,0.0000,3.0159,36.0000
1703,2,0.0084,4.0000,0.1143,0.4034,1.0000,0.0000,1.0000,0.0000,3.0159,36.0000
1704,2,0.0049,2.0000,0.0776,0.6015,1.0000,0.0000,1.0000,0.0000,2.0690,30.0000
1705,2,0.0049,2.0000,0.0776,0.6015,1.0000,0.0000,1.0000,0.0000,2.0690,30.0000
1706,0,0.0000,0.0000,0.0000,0.0000,0.0000,0.0000,0.0000,0.0000
1707,0,0.0000,0.0000,0.0000,0.0000,0.0000,0.0000,0.0000,0.0000
1708,3,0.0042,3.3333,0.0980,0.1541,1.0000,0.0000,1.0000,0.0000,3.8655,35.0000
1709,3,0.0042,3.3333,0.0980,0.1541,1.0000,0.0000,1.0000,0.0000,3.8655,35.0000
1710,2,0.0020,2.0000,0.0625,0.0000,1.0000,0.0000,1.0000,0.0000,2.6515,33.0000
1711,2,0.0020,2.0000,0.0625,0.0000,1.0000,0.0000,1.0000,0.0000,2.6515,33.0000
1712,2,0.0333,3.5000,0.1531,0.3064,1.5000,158.1957,1.0000,0.0000,3.8306,32.0000
1713,2,0.0333,3.5000,0.1531,0.3064,1.5000,158.1957,1.0000,0.0000,3.8306,32.0000
1714,4,0.0226,2.7500,0.1288,0.2790,1.0000,0.0000,1.0000,0.0000,4.0323,32.0000
1715,4,0.0226,2.7500,0.1288,0.2790,1.0000,0.0000,1.0000,0.0000,4.0323,32.0000
1716,3,0.0363,3.3333,0.1865,0.1003,1.3333,92.0066,1.0000,0.0000,7.3864,33.0000
1717,3,0.0363,3.3333,0.1865,0.1003,1.3333,92.0066,1.0000,0.0000,7.3864,33.0000
1718,5,0.0292,2.6000,0.1272,0.1393,1.2000,31.2222,1.0000,0.0000,4.2328,28.0000
1719,5,0.0292,2.6000,0.1272,0.1393,1.2000,31.2222,1.0000,0.0000,4.2328,28.0000
1720,3,0.0062,2.6667,0.1000,0.3767,1.0000,0.0000,1.0000,0.0000,2.9557,29.0000
1721,3,0.0062,2.6667,0.1000,0.3767,1.0000,0.0000,1.0000,0.0000,2.9557,29.0000
1722,1,0.0023,2.0000,0.0667,0.7071,1.0000,0.0000,1.0000,0.0000,1.7204,31.0000
1723,1,0.0023,2.0000,0.0667,0.7071,1.0000,0.0000,1.0000,0.0000,1.7204,31.0000
1724,3,0.0363,4.0000,0.1943,0.1995,1.0000,0.0000,1.0000,0.0000,5.3030,33.0000
1725,3,0.0363,4.0000,0.1943,0.1995,1.0000,0.0000,1.0000,0.0000,5.3030,33.0000
1726,2,0.0117,2.5000,0.1173,0.4731,1.0000,0.0000,1.0000,0.0000,3.0769,26.0000
1727,2,0.0117,2.5000,0.1173,0.4731,1.0000,0.0000,1.0000,0.0000,3.0769,26.0000
1728,5,0.0422,2.8000,0.1231,0.1698,1.0000,0.0000,1.2000,0.0000,3.8306,32.0000
1729,5,0.0422,2.8000,0.1231,0.1698,1.0000,0.0000,1.2000,0.0000,3.8306,32.0000
1730,1,0.0019,2.0000,0.0606,0.0000,1.0000,0.0000,1.0000,0.0000,6.5954,34.0000
1731,1,0.0019,2.0000,0.0606,0.0000,1.0000,0.0000,1.0000,0.0000,6.5954,34.0000
1732,0,0.0000,0.0000,0.0000,0.0000,0.0000,0.0000,0.0000,0.0000
1733,0,0.0000,0.0000,0.0000,0.0000,0.0000,0.0000,0.0000,0.0000
1734,1,0.0013,2.0000,0.0513,0.0000,1.0000,0.0000,1.0000,0.0000,2.4359,40.0000
1735,1,0.0013,2.0000,0.0513,0.0000,1.0000,0.0000,1.0000,0.0000,2.4359,40.0000
1736,4,0.0176,3.0000,0.1224,0.1147,1.0000,0.0000,1.0000,0.0000,5.1209,38.0000
1737,4,0.0176,3.0000,0.1224,0.1147,1.0000,0.0000,1.0000,0.0000,5.1209,38.0000
1738,4,0.0270,3.0000,0.1083,0.0247,1.0000,0.0000,1.0000,0.0000,7.3090,43.0000
1739,4,0.0270,3.0000,0.1083,0.0247,1.0000,0.0000,1.0000,0.0000,7.3090,43.0000
1740,5,0.0135,2.6000,0.0891,0.0633,1.2000,183.7059,1.0000,0.0000,4.3590,40.0000
1741,5,0.0135,2.6000,0.0891,0.0633,1.2000,183.7059,1.0000,0.0000,4.3590,40.0000
1742,2,0.0205,3.5000,0.1306,0.0854,1.0000,0.0000,1.0000,0.0000,6.0504,35.0000
1743,2,0.0205,3.5000,0.1306,0.0854,1.0000,0.0000,1.0000,0.0000,6.0504,35.0000
1744,4,0.0162,3.0000,0.0982,0.1307,1.0000,0.0000,1.0000,0.0000,3.4615,40.0000
1745,4,0.0162,3.0000,0.0982,0.1307,1.0000,0.0000,1.0000,0.0000,3.4615,40.0000
1746,1,0.0015,2.0000,0.0541,0.0000,2.0000,544.5100,1.0000,0.0000,6.4011,38.0000
1747,1,0.0015,2.0000,0.0541,0.0000,2.0000,544.5100,1.0000,0.0000,6.4011,38.0000
1748,4,0.0075,3.0000,0.0974,0.1253,1.0000,0.0000,1.0000,0.0000,3.9829,38.0000
1749,4,0.0075,3.0000,0.0974,0.1253,1.0000,0.0000,1.0000,0.0000,3.9829,38.0000
1750,1,0.0185,4.0000,0.1839,0.1928,1.0000,0.0000,1.0000,0.0000,6.4368,30.0000
1751,1,0.0185,4.0000,0.1839,0.1928,1.0000,0.0000,1.0000,0.0000,6.4368,30.0000
1752,1,0.0181,4.0000,0.1406,0.0001,1.0000,0.0000,1.0000,0.0000,3.7879,33.0000
1753,1,0.0181,4.0000,0.1406,0.0001,1.0000,0.0000,1.0000,0.0000,3.7879,33.0000
1754,1,0.0821,6.0000,0.3025,0.2715,1.0000,0.0000,1.0000,0.0000,8.9231,26.0000
1755,1,0.0821,6.0000,0.3025,0.2715,1.0000,0.0000,1.0000,0.0000,8.9231,26.0000
1756,0,0.0000,0.0000,0.0000,0.0000,0.0000,0.0000,0.0000,0.0000
1757,0,0.0000,0.0000,0.0000,0.0000,0.0000,0.0000,0.0000,0.0000
1758,4,0.0397,3.2500,0.1802,0.0737,1.0000,0.0000,1.0000,0.0000,8.8670,29.0000
1759,4,0.0397,3.2500,0.1802,0.0737,1.0000,0.0000,1.0000,0.0000,8.8670,29.0000
1760,2,0.0526,6.5000,0.1971,0.3725,1.0000,0.0000,1.0000,0.0000,5.8824,35.0000
1761,2,0.0526,6.5000,0.1971,0.3725,1.0000,0.0000,1.0000,0.0000,5.8824,35.0000
1762,0,0.0000,0.0000,0.0000,0.0000,0.0000,0.0000,0.0000,0.0000
1763,0,0.0000,0.0000,0.0000,0.0000,0.0000,0.0000,0.0000,0.0000
1764,3,0.0366,3.3333,0.1524,0.2430,1.0000,0.0000,1.0000,0.0000,5.1724,29.0000
1765,3,0.0366,3.3333,0.1524,0.2430,1.0000,0.0000,1.0000,0.0000,5.1724,29.0000
1766,1,0.0172,3.0000,0.1698,0.1414,1.0000,0.0000,1.0000,0.0000,5.7471,30.0000
1767,1,0.0172,3.0000,0.1698,0.1414,1.0000,0.0000,1.0000,0.0000,5.7471,30.0000
1768,3,0.0760,3.3333,0.1742,0.1768,1.0000,0.0000,1.0000,0.0000,5.2419,32.0000
1769,3,0.0760,3.3333,0.1742,0.1768,1.0000,0.0000,1.0000,0.0000,5.2419,32.0000
1770,3,0.0090,3.3333,0.1049,0.1645,1.0000,0.0000,1.0000,0.0000,4.2042,37.0000
1771,3,0.0090,3.3333,0.1049,0.1645,1.0000,0.0000,1.0000,0.0000,4.2042,37.0000
1772,2,0.0463,4.5000,0.2091,0.1690,1.0000,0.0000,1.0000,0.0000,10.4202,35.0000
1773,2,0.0463,4.5000,0.2091,0.1690,1.0000,0.0000,1.0000,0.0000,10.4202,35.0000
1774,3,0.0310,3.3333,0.1122,0.1295,1.0000,0.0000,1.3333,0.0000,4.2082,43.0000
1775,3,0.0310,3.3333,0.1122,0.1295,1.0000,0.0000,1.3333,0.0000,4.2082,43.0000
1776,3,0.0156,4.0000,0.1230,0.2790,1.0000,0.0000,1.0000,0.0000,3.5088,39.0000
1777,3,0.0156,4.0000,0.1230,0.2790,1.0000,0.0000,1.0000,0.0000,3.5088,39.0000
1778,3,0.0108,2.6667,0.0944,0.0455,1.0000,0.0000,1.0000,0.0000,4.9242,33.0000
1779,3,0.0108,2.6667,0.0944,0.0455,1.0000,0.0000,1.0000,0.0000,4.9242,33.0000
1780,1,0.0022,2.0000,0.0645,0.0000,1.0000,0.0000,1.0000,0.0000,5.2419,32.0000
1781,1,0.0022,2.0000,0.0645,0.0000,1.0000,0.0000,1.0000,0.0000,5.2419,32.0000
1782,2,0.0624,3.5000,0.1863,0.1586,1.0000,0.0000,1.0000,0.0000,6.2500,32.0000
1783,2,0.0624,3.5000,0.1863,0.1586,1.0000,0.0000,1.0000,0.0000,6.2500,32.0000
1784,2,0.0036,2.0000,0.0662,0.0000,1.0000,0.0000,1.0000,0.0000,2.6891,35.0000
1785,2,0.0036,2.0000,0.0662,0.0000,1.0000,0.0000,1.0000,0.0000,2.6891,35.0000
1786,6,0.0222,2.1667,0.0915,0.1427,1.0000,0.0000,1.0000,0.0000,3.0303,33.0000
1787,6,0.0222,2.1667,0.0915,0.1427,1.0000,0.0000,1.0000,0.0000,3.0303,33.0000
1788,2,0.0748,6.5000,0.2414,0.2393,1.0000,0.0000,1.5000,0.0000,6.9841,36.0000
1789,2,0.0748,6.5000,0.2414,0.2393,1.0000,0.0000,1.5000,0.0000,6.9841,36.0000
1790,0,0.0000,0.0000,0.0000,0.0000,0.0000,0.0000,0.0000,0.0000
1791,0,0.0000,0.0000,0.0000,0.0000,0.0000,0.0000,0.0000,0.0000
1792,1,0.0020,3.0000,0.0667,0.0000,1.0000,0.0000,1.0000,0.0000,3.0918,46.0000
1793,1,0.0020,3.0000,0.0667,0.0000,1.0000,0.0000,1.0000,0.0000,3.0918,46.0000
1794,2,0.0045,3.0000,0.0807,0.1590,1.0000,0.0000,1.0000,0.0000,3.7805,41.0000
1795,2,0.0045,3.0000,0.0807,0.1590,1.0000,0.0000,1.0000,0.0000,3.7805,41.0000
1796,2,0.0067,2.5000,0.0989,0.0653,1.0000,0.0000,1.0000,0.0000,4.4444,36.0000
1797,2,0.0067,2.5000,0.0989,0.0653,1.0000,0.0000,1.0000,0.0000,4.4444,36.0000
1798,3,0.0490,3.3333,0.1249,0.1009,1.0000,0.0000,1.0000,0.0000,4.8364,38.0000
1799,3,0.0490,3.3333,0.1249,0.1009,1.0000,0.0000,1.0000,0.0000,4.8364,38.0000
1800,4,0.0282,4.0000,0.1682,0.2412,1.2500,54.3202,1.0000,0.0000,3.9039,37.0000
1801,4,0.0282,4.0000,0.1682,0.2412,1.2500,54.3202,1.0000,0.0000,3.9039,37.0000
1802,0,0.0000,0.0000,0.0000,0.0000,0.0000,0.0000,0.0000,0.0000
1803,0,0.0000,0.0000,0.0000,0.0000,0.0000,0.0000,0.0000,0.0000
1804,6,0.0606,3.5000,0.1511,0.1651,1.0000,0.0000,1.0000,0.0000,5.3476,34.0000
1805,6,0.0606,3.5000,0.1511,0.1651,1.0000,0.0000,1.0000,0.0000,5.3476,34.0000
1806,2,0.0025,2.5000,0.0714,0.3058,1.0000,0.0000,1.0000,0.0000,2.3810,36.0000
1807,2,0.0025,2.5000,0.0714,0.3058,1.0000,0.0000,1.0000,0.0000,2.3810,36.0000
1808,0,0.0000,0.0000,0.0000,0.0000,0.0000,0.0000,0.0000,0.0000
1809,0,0.0000,0.0000,0.0000,0.0000,0.0000,0.0000,0.0000,0.0000
1810,1,0.0015,2.0000,0.0541,0.0000,1.0000,0.0000,1.0000,0.0000,9.8151,38.0000
1811,1,0.0015,2.0000,0.0541,0.0000,1.0000,0.0000,1.0000,0.0000,9.8151,38.0000
1812,7,0.0215,3.2857,0.1088,0.1782,1.0000,0.0000,1.0000,0.0000,3.6437,39.0000
1813,7,0.0215,3.2857,0.1088,0.1782,1.0000,0.0000,1.0000,0.0000,3.6437,39.0000
1814,2,0.0036,3.0000,0.0882,0.2618,1.0000,0.0000,1.0000,0.0000,2.8571,35.0000
1815,2,0.0036,3.0000,0.0882,0.2618,1.0000,0.0000,1.0000,0.0000,2.8571,35.0000
1816,2,0.0014,2.0000,0.0526,0.0000,1.0000,0.0000,1.0000,0.0000,5.9379,39.0000
1817,2,0.0014,2.0000,0.0526,0.0000,1.0000,0.0000,1.0000,0.0000,5.9379,39.0000
1818,1,0.0100,5.0000,0.1453,0.1911,1.0000,0.0000,1.0000,0.0000,5.8140,44.0000
1819,1,0.0100,5.0000,0.1453,0.1911,1.0000,0.0000,1.0000,0.0000,5.8140,44.0000
1820,5,0.0587,3.2000,0.1213,0.0568,1.2000,12.5348,1.0000,0.0000,4.3902,41.0000
1821,5,0.0587,3.2000,0.1213,0.0568,1.2000,12.5348,1.0000,0.0000,4.3902,41.0000
1822,3,0.0107,3.3333,0.0999,0.2099,1.0000,0.0000,1.3333,0.0000,2.8049,41.0000
1823,3,0.0107,3.3333,0.0999,0.2099,1.0000,0.0000,1.3333,0.0000,2.8049,41.0000
1824,3,0.0621,3.6667,0.1576,0.1118,1.0000,0.0000,1.0000,0.0000,6.1538,40.0000
1825,3,0.0621,3.6667,0.1576,0.1118,1.0000,0.0000,1.0000,0.0000,6.1538,40.0000
1826,4,0.0294,5.2500,0.1835,0.1716,1.2500,78.6524,1.0000,0.0000,6.0256,40.0000
1827,4,0.0294,5.2500,0.1835,0.1716,1.2500,78.6524,1.0000,0.0000,6.0256,40.0000
1828,4,0.0129,3.0000,0.1056,0.2022,1.0000,0.0000,1.0000,0.0000,3.8655,35.0000
1829,4,0.0129,3.0000,0.1056,0.2022,1.0000,0.0000,1.0000,0.0000,3.8655,35.0000
1830,0,0.0000,0.0000,0.0000,0.0000,0.0000,0.0000,0.0000,0.0000
1831,0,0.0000,0.0000,0.0000,0.0000,0.0000,0.0000,0.0000,0.0000
1832,3,0.0215,3.0000,0.1293,0.1747,1.3333,33.0644,1.0000,0.0000,4.0998,34.0000
1833,3,0.0215,3.0000,0.1293,0.1747,1.3333,33.0644,1.0000,0.0000,4.0998,34.0000
1834,7,0.0108,2.1429,0.0837,0.1839,1.0000,0.0000,1.0000,0.0000,2.4194,32.0000
1835,7,0.0108,2.1429,0.0837,0.1839,1.0000,0.0000,1.0000,0.0000,2.4194,32.0000
1836,2,0.0075,3.5000,0.1201,0.1511,1.0000,0.0000,1.0000,0.0000,5.2419,32.0000
1837,2,0.0075,3.5000,0.1201,0.1511,1.0000,0.0000,1.0000,0.0000,5.2419,32.0000
1838,1,0.0014,2.0000,0.0526,0.0000,1.0000,0.0000,1.0000,0.0000,5.6680,39.0000
1839,1,0.0014,2.0000,0.0526,0.0000,1.0000,0.0000,1.0000,0.0000,5.6680,39.0000
1840,4,0.0036,2.2500,0.0685,0.0000,1.0000,0.0000,1.0000,0.0000,4.5045,37.0000
1841,4,0.0036,2.2500,0.0685,0.0000,1.0000,0.0000,1.0000,0.0000,4.5045,37.0000
1842,6,0.0205,2.8333,0.1135,0.2814,1.0000,0.0000,1.1667,0.0000,2.6891,35.0000
1843,6,0.0205,2.8333,0.1135,0.2814,1.0000,0.0000,1.1667,0.0000,2.6891,35.0000
1844,2,0.0291,2.5000,0.1653,0.0794,1.0000,0.0000,1.0000,0.0000,6.4039,29.0000
1845,2,0.0291,2.5000,0.1653,0.0794,1.0000,0.0000,1.0000,0.0000,6.4039,29.0000
1846,0,0.0000,0.0000,0.0000,0.0000,0.0000,0.0000,0.0000,0.0000
1847,0,0.0000,0.0000,0.0000,0.0000,0.0000,0.0000,0.0000,0.0000
1848,5,0.0111,3.4000,0.1038,0.0792,1.0000,0.0000,1.0000,0.0000,5.2564,40.0000
1849,5,0.0111,3.4000,0.1038,0.0792,1.0000,0.0000,1.0000,0.0000,5.2564,40.0000
1850,3,0.0032,2.0000,0.0657,0.0000,1.0000,0.0000,1.0000,0.0000,2.3173,34.0000
1851,3,0.0032,2.0000,0.0657,0.0000,1.0000,0.0000,1.0000,0.0000,2.3173,34.0000
1852,4,0.0351,4.2500,0.1607,0.1939,1.0000,0.0000,1.2500,0.0000,6.0484,32.0000
1853,4,0.0351,4.2500,0.1607,0.1939,1.0000,0.0000,1.2500,0.0000,6.0484,32.0000
1854,1,0.0050,3.0000,0.0914,0.4747,1.0000,0.0000,1.0000,0.0000,1.5873,36.0000
1855,1,0.0050,3.0000,0.0914,0.4747,1.0000,0.0000,1.0000,0.0000,1.5873,36.0000
1856,1,0.0403,5.0000,0.1808,0.4748,1.0000,0.0000,1.0000,0.0000,4.5455,33.0000
1857,1,0.0403,5.0000,0.1808,0.4748,1.0000,0.0000,1.0000,0.0000,4.5455,33.0000
1858,4,0.0382,3.0000,0.1568,0.1389,1.0000,0.0000,1.2500,0.0000,5.2419,32.0000
1859,4,0.0382,3.0000,0.1568,0.1389,1.0000,0.0000,1.2500,0.0000,5.2419,32.0000
1860,3,0.0347,4.0000,0.1698,0.2386,1.0000,0.0000,1.0000,0.0000,5.7041,34.0000
1861,3,0.0347,4.0000,0.1698,0.2386,1.0000,0.0000,1.0000,0.0000,5.7041,34.0000
1862,1,0.0019,2.0000,0.0606,0.0000,1.0000,0.0000,1.0000,0.0000,7.1301,34.0000
1863,1,0.0019,2.0000,0.0606,0.0000,1.0000,0.0000,1.0000,0.0000,7.1301,34.0000
1864,2,0.0169,3.0000,0.1225,0.1087,1.0000,0.0000,1.0000,0.0000,3.5897,40.0000
1865,2,0.0169,3.0000,0.1225,0.1087,1.0000,0.0000,1.0000,0.0000,3.5897,40.0000
1866,5,0.0131,2.8000,0.1006,0.0136,1.0000,0.0000,1.0000,0.0000,6.9512,41.0000
1867,5,0.0131,2.8000,0.1006,0.0136,1.0000,0.0000,1.0000,0.0000,6.9512,41.0000
1868,4,0.0105,3.5000,0.1058,0.2859,1.2500,130.0101,1.0000,0.0000,3.3827,44.0000
1869,4,0.0105,3.5000,0.1058,0.2859,1.2500,130.0101,1.0000,0.0000,3.3827,44.0000
1870,1,0.0015,2.0000,0.0541,0.0000,1.0000,0.0000,1.0000,0.0000,3.8407,38.0000
1871,1,0.0015,2.0000,0.0541,0.0000,1.0000,0.0000,1.0000,0.0000,3.8407,38.0000
1872,4,0.0067,2.7500,0.0880,0.0000,1.2500,176.3508,1.0000,0.0000,4.2042,37.0000
1873,4,0.0067,2.7500,0.0880,0.0000,1.2500,176.3508,1.0000,0.0000,4.2042,37.0000
1874,5,0.0170,3.2000,0.1205,0.1297,1.2000,121.5508,1.0000,0.0000,3.9216,34.0000
1875,5,0.0170,3.2000,0.1205,0.1297,1.2000,121.5508,1.0000,0.0000,3.9216,34.0000
1876,1,0.0118,4.0000,0.1306,0.3309,1.0000,0.0000,1.0000,0.0000,5.0794,36.0000
1877,1,0.0118,4.0000,0.1306,0.3309,1.0000,0.0000,1.0000,0.0000,5.0794,36.0000
1878,0,0.0000,0.0000,0.0000,0.0000,0.0000,0.0000,0.0000,0.0000
1879,0,0.0000,0.0000,0.0000,0.0000,0.0000,0.0000,0.0000,0.0000
1880,1,0.0399,6.0000,0.1786,0.1091,1.0000,0.0000,1.0000,0.0000,5.0740,44.0000
1881,1,0.0399,6.0000,0.1786,0.1091,1.0000,0.0000,1.0000,0.0000,5.0740,44.0000
1882,8,0.0065,2.5000,0.0855,0.0892,1.0000,0.0000,1.0000,0.0000,3.6975,35.0000
1883,8,0.0065,2.5000,0.0855,0.0892,1.0000,0.0000,1.0000,0.0000,3.6975,35.0000
1884,2,0.0047,3.5000,0.1061,0.0000,1.0000,0.0000,1.0000,0.0000,4.8128,34.0000
1885,2,0.0047,3.5000,0.1061,0.0000,1.0000,0.0000,1.0000,0.0000,4.8128,34.0000
1886,1,0.0465,4.0000,0.2003,0.0658,1.0000,0.0000,2.0000,0.0000,7.8236,38.0000
1887,1,0.0465,4.0000,0.2003,0.0658,1.0000,0.0000,2.0000,0.0000,7.8236,38.0000
1888,0,0.0000,0.0000,0.0000,0.0000,0.0000,0.0000,0.0000,0.0000
1889,0,0.0000,0.0000,0.0000,0.0000,0.0000,0.0000,0.0000,0.0000
1890,1,0.0027,3.0000,0.0769,0.0000,1.0000,0.0000,1.0000,0.0000,6.2821,40.0000
1891,1,0.0027,3.0000,0.0769,0.0000,1.0000,0.0000,1.0000,0.0000,6.2821,40.0000
1892,2,0.0409,4.0000,0.1656,0.0842,1.0000,0.0000,1.0000,0.0000,6.0395,42.0000
1893,2,0.0409,4.0000,0.1656,0.0842,1.0000,0.0000,1.0000,0.0000,6.0395,42.0000
1894,4,0.0083,3.7500,0.1028,0.0950,1.0000,0.0000,1.0000,0.0000,3.9489,42.0000
1895,4,0.0083,3.7500,0.1028,0.0950,1.0000,0.0000,1.0000,0.0000,3.9489,42.0000
1896,2,0.0027,2.5000,0.0735,0.3058,1.0000,0.0000,1.0000,0.0000,2.1849,35.0000
1897,2,0.0027,2.5000,0.0735,0.3058,1.0000,0.0000,1.0000,0.0000,2.1849,35.0000
1898,2,0.0285,5.0000,0.1627,0.2181,1.0000,0.0000,1.0000,0.0000,5.7143,35.0000
1899,2,0.0285,5.0000,0.1627,0.2181,1.0000,0.0000,1.0000,0.0000,5.7143,35.0000
1900,1,0.0018,2.0000,0.0588,0.0000,1.0000,0.0000,1.0000,0.0000,2.1849,35.0000
1901,1,0.0018,2.0000,0.0588,0.0000,1.0000,0.0000,1.0000,0.0000,2.1849,35.0000
1902,0,0.0000,0.0000,0.0000,0.0000,0.0000,0.0000,0.0000,0.0000
1903,0,0.0000,0.0000,0.0000,0.0000,0.0000,0.0000,0.0000,0.0000
1904,3,0.0265,3.6667,0.1309,0.1621,1.0000,0.0000,1.0000,0.0000,4.8048,37.0000
1905,3,0.0265,3.6667,0.1309,0.1621,1.0000,0.0000,1.0000,0.0000,4.8048,37.0000
1906,2,0.0108,3.0000,0.1176,0.3566,1.0000,0.0000,1.0000,0.0000,3.2258,32.0000
1907,2,0.0108,3.0000,0.1176,0.3566,1.0000,0.0000,1.0000,0.0000,3.2258,32.0000
1908,2,0.0166,4.5000,0.1340,0.2817,1.0000,0.0000,1.0000,0.0000,3.1933,35.0000
1909,2,0.0166,4.5000,0.1340,0.2817,1.0000,0.0000,1.0000,0.0000,3.1933,35.0000
1910,1,0.0303,3.0000,0.1510,0.0246,1.0000,0.0000,1.0000,0.0000,7.8431,34.0000
1911,1,0.0303,3.0000,0.1510,0.0246,1.0000,0.0000,1.0000,0.0000,7.8431,34.0000
1912,0,0.0000,0.0000,0.0000,0.0000,0.0000,0.0000,0.0000,0.0000
1913,0,0.0000,0.0000,0.0000,0.0000,0.0000,0.0000,0.0000,0.0000
1914,3,0.0145,3.3333,0.1340,0.1148,1.0000,0.0000,1.0000,0.0000,5.3476,34.0000
1915,3,0.0145,3.3333,0.1340,0.1148,1.0000,0.0000,1.0000,0.0000,5.3476,34.0000
1916,2,0.0224,4.5000,0.1895,0.2030,1.0000,0.0000,1.0000,0.0000,5.8712,33.0000
1917,2,0.0224,4.5000,0.1895,0.2030,1.0000,0.0000,1.0000,0.0000,5.8712,33.0000
1918,4,0.0293,4.2500,0.1801,0.2152,1.2500,48.4536,1.0000,0.0000,5.0420,35.0000
1919,4,0.0293,4.2500,0.1801,0.2152,1.2500,48.4536,1.0000,0.0000,5.0420,35.0000
1920,5,0.0530,3.8000,0.1280,0.2352,1.0000,0.0000,1.0000,0.0000,4.0541,37.0000
1921,5,0.0530,3.8000,0.1280,0.2352,1.0000,0.0000,1.0000,0.0000,4.0541,37.0000
1922,6,0.0039,3.3333,0.0759,0.0665,1.0000,0.0000,1.0000,0.0000,3.8435,54.0000
1923,6,0.0039,3.3333,0.0759,0.0665,1.0000,0.0000,1.0000,0.0000,3.8435,54.0000
1924,4,0.0091,4.5000,0.0976,0.0463,1.0000,0.0000,1.0000,0.0000,5.5478,66.0000
1925,4,0.0091,4.5000,0.0976,0.0463,1.0000,0.0000,1.0000,0.0000,5.5478,66.0000
1926,3,0.0013,2.6667,0.0410,0.0000,1.3333,244.5450,1.3333,0.0000,6.2024,73.0000
1927,3,0.0013,2.6667,0.0410,0.0000,1.3333,244.5450,1.3333,0.0000,6.2024,73.0000
1928,4,0.0009,2.7500,0.0377,0.0000,1.2500,241.3385,1.0000,0.0000,3.9627,78.0000
1929,4,0.0009,2.7500,0.0377,0.0000,1.2500,241.3385,1.0000,0.0000,3.9627,78.0000
1930,6,0.0033,3.0000,0.0536,0.0119,1.1667,73.8511,1.0000,0.0000,3.4608,71.0000
1931,6,0.0033,3.0000,0.0536,0.0119,1.1667,73.8511,1.0000,0.0000,3.4608,71.0000
1932,1,0.0005,2.0000,0.0317,0.0000,1.0000,0.0000,1.0000,0.0000,5.8532,64.0000
1933,1,0.0005,2.0000,0.0317,0.0000,1.0000,0.0000,1.0000,0.0000,5.8532,64.0000
1934,4,0.0063,2.7500,0.0670,0.0137,1.0000,0.0000,1.2500,0.0000,7.2632,76.0000
1935,4,0.0063,2.7500,0.0670,0.0137,1.0000,0.0000,1.2500,0.0000,7.2632,76.0000
1936,2,0.0220,3.5000,0.0849,0.0210,1.0000,0.0000,1.0000,0.0000,4.3290,78.0000
1937,2,0.0220,3.5000,0.0849,0.0210,1.0000,0.0000,1.0000,0.0000,4.3290,78.0000
1938,5,0.0081,3.8000,0.0665,0.0039,1.2000,68.0304,1.0000,0.0000,3.5197,70.0000
1939,5,0.0081,3.8000,0.0665,0.0039,1.2000,68.0304,1.0000,0.0000,3.5197,70.0000
1940,5,0.0037,4.0000,0.0710,0.0850,1.0000,0.0000,1.0000,0.0000,3.2822,69.0000
1941,5,0.0037,4.0000,0.0710,0.0850,1.0000,0.0000,1.0000,0.0000,3.2822,69.0000
1942,6,0.0076,6.0000,0.0924,0.0827,1.0000,0.0000,1.0000,0.0000,4.2618,73.0000
1943,6,0.0076,6.0000,0.0924,0.0827,1.0000,0.0000,1.0000,0.0000,4.2618,73.0000
1944,10,0.0182,3.6000,0.0776,0.0520,1.1000,78.2305,1.1000,0.0000,3.6910,73.0000
1945,10,0.0182,3.6000,0.0776,0.0520,1.1000,78.2305,1.1000,0.0000,3.6910,73.0000
1946,3,0.0138,5.6667,0.1633,0.0867,1.3333,61.8540,1.0000,0.0000,5.4987,69.0000
1947,3,0.0138,5.6667,0.1633,0.0867,1.3333,61.8540,1.0000,0.0000,5.4987,69.0000
1948,4,0.0099,4.2500,0.0932,0.0038,1.0000,0.0000,1.2500,0.0000,6.7390,67.0000
1949,4,0.0099,4.2500,0.0932,0.0038,1.0000,0.0000,1.2500,0.0000,6.7390,67.0000
1950,3,0.0280,3.0000,0.0852,0.0008,1.0000,0.0000,1.0000,0.0000,5.4424,74.0000
1951,3,0.0280,3.0000,0.0852,0.0008,1.0000,0.0000,1.0000,0.0000,5.4424,74.0000
1952,5,0.0088,3.2000,0.0861,0.0086,1.0000,0.0000,1.0000,0.0000,4.8447,70.0000
1953,5,0.0088,3.2000,0.0861,0.0086,1.0000,0.0000,1.0000,0.0000,4.8447,70.0000
1954,9,0.0048,2.7778,0.0616,0.0281,1.1111,45.5540,1.0000,0.0000,3.9337,70.0000
1955,9,0.0048,2.7778,0.0616,0.0281,1.1111,45.5540,1.0000,0.0000,3.9337,70.0000
1956,4,0.0169,4.0000,0.0861,0.0891,1.2500,118.3565,1.0000,0.0000,3.7425,71.0000
1957,4,0.0169,4.0000,0.0861,0.0891,1.2500,118.3565,1.0000,0.0000,3.7425,71.0000
1958,8,0.0049,3.1250,0.0582,0.0100,1.2500,96.1002,1.1250,0.0000,5.4386,76.0000
1959,8,0.0049,3.1250,0.0582,0.0100,1.2500,96.1002,1.1250,0.0000,5.4386,76.0000
1960,4,0.0018,2.7500,0.0422,0.0000,1.2500,304.7173,1.0000,0.0000,6.6267,78.0000
1961,4,0.0018,2.7500,0.0422,0.0000,1.2500,304.7173,1.0000,0.0000,6.6267,78.0000
1962,1,0.0003,2.0000,0.0256,0.0000,2.0000,1302.6562,1.0000,0.0000,8.1142,79.0000
1963,1,0.0003,2.0000,0.0256,0.0000,2.0000,1302.6562,1.0000,0.0000,8.1142,79.0000
1964,10,0.0189,3.5000,0.0739,0.0378,1.0000,0.0000,1.0000,0.0000,4.6218,85.0000
1965,10,0.0189,3.5000,0.0739,0.0378,1.0000,0.0000,1.0000,0.0000,4.6218,85.0000
1966,10,0.0043,3.2000,0.0568,0.0208,1.1000,124.8231,1.0000,0.0000,4.0959,78.0000
1967,10,0.0043,3.2000,0.0568,0.0208,1.1000,124.8231,1.0000,0.0000,4.0959,78.0000
1968,5,0.0046,2.6000,0.0528,0.0003,1.2000,190.8021,1.0000,0.0000,5.5405,82.0000
1969,5,0.0046,2.6000,0.0528,0.0003,1.2000,190.8021,1.0000,0.0000,5.5405,82.0000
1970,10,0.0006,2.0000,0.0268,0.0000,1.0000,0.0000,1.0000,0.0000,4.8700,86.0000
1971,10,0.0006,2.0000,0.0268,0.0000,1.0000,0.0000,1.0000,0.0000,4.8700,86.0000
1972,8,0.0194,3.6250,0.0826,0.0308,1.1250,78.6709,1.0000,0.0000,3.7962,78.0000
1973,8,0.0194,3.6250,0.0826,0.0308,1.1250,78.6709,1.0000,0.0000,3.7962,78.0000
1974,1,0.0004,2.0000,0.0270,0.0000,1.0000,0.0000,1.0000,0.0000,8.1441,75.0000
1975,1,0.0004,2.0000,0.0270,0.0000,1.0000,0.0000,1.0000,0.0000,8.1441,75.0000
1976,8,0.0233,3.6250,0.1035,0.0157,1.0000,0.0000,1.1250,0.0000,6.4355,83.0000
1977,8,0.0233,3.6250,0.1035,0.0157,1.0000,0.0000,1.1250,0.0000,6.4355,83.0000
1978,12,0.0194,3.7500,0.0880,0.0242,1.0833,28.4447,1.0000,0.0000,5.1266,80.0000
1979,12,0.0194,3.7500,0.0880,0.0242,1.0833,28.4447,1.0000,0.0000,5.1266,80.0000
1980,3,0.0023,3.3333,0.0573,0.0000,1.0000,0.0000,1.0000,0.0000,6.2598,72.0000
1981,3,0.0023,3.3333,0.0573,0.0000,1.0000,0.0000,1.0000,0.0000,6.2598,72.0000
1982,7,0.0054,2.5714,0.0573,0.0287,1.1429,103.5997,1.0000,0.0000,3.3100,66.0000
1983,7,0.0054,2.5714,0.0573,0.0287,1.1429,103.5997,1.0000,0.0000,3.3100,66.0000
1984,8,0.0131,3.8750,0.0913,0.0393,1.0000,0.0000,1.1250,0.0000,6.0102,69.0000
1985,8,0.0131,3.8750,0.0913,0.0393,1.0000,0.0000,1.1250,0.0000,6.0102,69.0000
1986,5,0.0023,2.6000,0.0474,0.0026,1.0000,0.0000,1.0000,0.0000,4.1862,72.0000
1987,5,0.0023,2.6000,0.0474,0.0026,1.0000,0.0000,1.0000,0.0000,4.1862,72.0000
1988,3,0.0173,4.0000,0.1027,0.0286,1.0000,0.0000,1.0000,0.0000,6.7293,72.0000
1989,3,0.0173,4.0000,0.1027,0.0286,1.0000,0.0000,1.0000,0.0000,6.7293,72.0000
1990,7,0.0131,3.7143,0.0919,0.0211,1.0000,0.0000,1.0000,0.0000,5.8350,71.0000
1991,7,0.0131,3.7143,0.0919,0.0211,1.0000,0.0000,1.0000,0.0000,5.8350,71.0000
1992,9,0.0078,3.4444,0.0667,0.0258,1.0000,0.0000,1.0000,0.0000,4.4620,80.0000
1993,9,0.0078,3.4444,0.0667,0.0258,1.0000,0.0000,1.0000,0.0000,4.4620,80.0000
1994,8,0.0133,4.8750,0.0840,0.0220,1.1250,47.2383,1.0000,0.0000,5.7143,85.0000
1995,8,0.0133,4.8750,0.0840,0.0220,1.1250,47.2383,1.0000,0.0000,5.7143,85.0000
1996,7,0.0104,3.0000,0.0727,0.0125,1.0000,0.0000,1.0000,0.0000,5.9094,84.0000
1997,7,0.0104,3.0000,0.0727,0.0125,1.0000,0.0000,1.0000,0.0000,5.9094,84.0000
1998,6,0.0241,3.6667,0.0941,0.0611,1.0000,0.0000,1.0000,0.0000,3.5008,73.0000
1999,6,0.0241,3.6667,0.0941,0.0611,1.0000,0.0000,1.0000,0.0000,3.5008,73.0000
2000,0,0.0000,0.0000,0.0000,0.0000,0.0000,0.0000,0.0000,0.0000
2001,0,0.0000,0.0000,0.0000,0.0000,0.0000,0.0000,0.0000,0.0000
2002,7,0.0213,4.1429,0.0997,0.0436,1.0000,0.0000,1.0000,0.0000,5.3613,66.0000
2003,7,0.0213,4.1429,0.0997,0.0436,1.0000,0.0000,1.0000,0.0000,5.3613,66.0000
2004,2,0.0110,3.5000,0.1217,0.0487,1.0000,0.0000,1.0000,0.0000,4.9872,69.0000
2005,2,0.0110,3.5000,0.1217,0.0487,1.0000,0.0000,1.0000,0.0000,4.9872,69.0000
2006,4,0.0075,3.2500,0.0539,0.0229,1.0000,0.0000,1.2500,0.0000,3.9947,68.0000
2007,4,0.0075,3.2500,0.0539,0.0229,1.0000,0.0000,1.2500,0.0000,3.9947,68.0000
2008,9,0.0222,4.1111,0.0972,0.0382,1.0000,0.0000,1.0000,0.0000,5.3521,71.0000
2009,9,0.0222,4.1111,0.0972,0.0382,1.0000,0.0000,1.0000,0.0000,5.3521,71.0000
2010,7,0.0072,3.4286,0.0590,0.0527,1.1429,80.6304,1.0000,0.0000,3.9954,73.0000
2011,7,0.0072,3.4286,0.0590,0.0527,1.1429,80.6304,1.0000,0.0000,3.9954,73.0000
2012,6,0.0042,2.8333,0.0712,0.0184,1.0000,0.0000,1.0000,0.0000,5.0298,69.0000
2013,6,0.0042,2.8333,0.0712,0.0184,1.0000,0.0000,1.0000,0.0000,5.0298,69.0000
2014,4,0.0014,2.7500,0.0411,0.0000,1.0000,0.0000,1.2500,0.0000,7.5528,74.0000
2015,4,0.0014,2.7500,0.0411,0.0000,1.0000,0.0000,1.2500,0.0000,7.5528,74.0000
2016,8,0.0016,3.5000,0.0459,0.0374,1.1250,78.2005,1.0000,0.0000,4.6953,78.0000
2017,8,0.0016,3.5000,0.0459,0.0374,1.1250,78.2005,1.0000,0.0000,4.6953,78.0000
2018,8,0.0017,2.6250,0.0440,0.0050,1.1250,74.7621,1.0000,0.0000,5.1922,84.0000
2019,8,0.0017,2.6250,0.0440,0.0050,1.1250,74.7621,1.0000,0.0000,5.1922,84.0000
2020,8,0.0163,4.0000,0.0776,0.0095,1.1250,76.5709,1.0000,0.0000,5.6790,81.0000
2021,8,0.0163,4.0000,0.0776,0.0095,1.1250,76.5709,1.0000,0.0000,5.6790,81.0000
2022,5,0.0067,5.2000,0.0905,0.0502,1.2000,80.1933,1.0000,0.0000,8.2116,79.0000
2023,5,0.0067,5.2000,0.0905,0.0502,1.2000,80.1933,1.0000,0.0000,8.2116,79.0000
2024,10,0.0187,4.4000,0.1075,0.0323,1.1000,48.0896,1.0000,0.0000,5.1582,80.0000
2025,10,0.0187,4.4000,0.1075,0.0323,1.1000,48.0896,1.0000,0.0000,5.1582,80.0000
2026,3,0.0156,4.6667,0.1078,0.0370,1.3333,249.0934,1.0000,0.0000,4.7184,73.0000
2027,3,0.0156,4.6667,0.1078,0.0370,1.3333,249.0934,1.0000,0.0000,4.7184,73.0000
2028,5,0.0342,6.0000,0.1473,0.0870,1.0000,0.0000,1.0000,0.0000,4.6667,76.0000
2029,5,0.0342,6.0000,0.1473,0.0870,1.0000,0.0000,1.0000,0.0000,4.6667,76.0000
2030,7,0.0015,2.5714,0.0388,0.0000,1.2857,97.5255,1.0000,0.0000,4.6667,76.0000
2031,7,0.0015,2.5714,0.0388,0.0000,1.2857,97.5255,1.0000,0.0000,4.6667,76.0000
2032,6,0.0013,3.8333,0.0512,0.0468,1.1667,129.3045,1.0000,0.0000,4.6138,77.0000
2033,6,0.0013,3.8333,0.0512,0.0468,1.1667,129.3045,1.0000,0.0000,4.6138,77.0000
2034,1,0.0007,3.0000,0.0400,0.0000,1.0000,0.0000,1.0000,0.0000,7.2632,76.0000
2035,1,0.0007,3.0000,0.0400,0.0000,1.0000,0.0000,1.0000,0.0000,7.2632,76.0000
2036,5,0.0034,3.6000,0.0666,0.0067,1.0000,0.0000,1.2000,0.0000,5.5245,83.0000
2037,5,0.0034,3.6000,0.0666,0.0067,1.0000,0.0000,1.2000,0.0000,5.5245,83.0000
2038,4,0.0088,4.5000,0.1066,0.0181,1.0000,0.0000,1.0000,0.0000,6.3396,84.0000
2039,4,0.0088,4.5000,0.1066,0.0181,1.0000,0.0000,1.0000,0.0000,6.3396,84.0000
2040,10,0.0103,3.2000,0.0602,0.0012,1.0000,0.0000,1.0000,0.0000,5.0789,87.0000
2041,10,0.0103,3.2000,0.0602,0.0012,1.0000,0.0000,1.0000,0.0000,5.0789,87.0000
2042,5,0.0076,2.8000,0.0843,0.0009,1.2000,153.5170,1.0000,0.0000,12.0769,84.0000
2043,5,0.0076,2.8000,0.0843,0.0009,1.2000,153.5170,1.0000,0.0000,12.0769,84.0000
2044,2,0.0072,5.0000,0.0823,0.0603,2.0000,184.2469,1.0000,0.0000,5.5938,84.0000
2045,2,0.0072,5.0000,0.0823,0.0603,2.0000,184.2469,1.0000,0.0000,5.5938,84.0000
2046,8,0.0126,3.6250,0.0812,0.0089,1.1250,127.0257,1.0000,0.0000,3.9985,74.0000
2047,8,0.0126,3.6250,0.0812,0.0089,1.1250,127.0257,1.0000,0.0000,3.9985,74.0000
2048,6,0.0301,4.8333,0.1111,0.0737,1.1667,50.3226,1.1667,0.0000,4.6043,73.0000
2049,6,0.0301,4.8333,0.1111,0.0737,1.1667,50.3226,1.1667,0.0000,4.6043,73.0000
2050,8,0.0099,4.0000,0.0872,0.0347,1.0000,0.0000,1.0000,0.0000,5.1948,77.0000
2051,8,0.0099,4.0000,0.0872,0.0347,1.0000,0.0000,1.0000,0.0000,5.1948,77.0000
2052,7,0.0408,4.7143,0.1107,0.0350,1.1429,52.9317,1.0000,0.0000,6.2024,73.0000
2053,7,0.0408,4.7143,0.1107,0.0350,1.1429,52.9317,1.0000,0.0000,6.2024,73.0000
2054,7,0.0106,3.4286,0.0690,0.0277,1.0000,0.0000,1.0000,0.0000,3.7338,82.0000
2055,7,0.0106,3.4286,0.0690,0.0277,1.0000,0.0000,1.0000,0.0000,3.7338,82.0000
2056,3,0.0107,3.3333,0.0822,0.0298,1.0000,0.0000,1.0000,0.0000,4.0506,80.0000
2057,3,0.0107,3.3333,0.0822,0.0298,1.0000,0.0000,1.0000,0.0000,4.0506,80.0000
2058,3,0.0034,3.0000,0.0656,0.0144,1.0000,0.0000,1.0000,0.0000,3.6385,72.0000
2059,3,0.0034,3.0000,0.0656,0.0144,1.0000,0.0000,1.0000,0.0000,3.6385,72.0000
2060,5,0.0090,3.2000,0.0704,0.0210,1.0000,0.0000,1.0000,0.0000,4.6557,72.0000
2061,5,0.0090,3.2000,0.0704,0.0210,1.0000,0.0000,1.0000,0.0000,4.6557,72.0000
2062,7,0.0036,3.2857,0.0531,0.0201,1.1429,29.1917,1.0000,0.0000,5.1171,75.0000
2063,7,0.0036,3.2857,0.0531,0.0201,1.1429,29.1917,1.0000,0.0000,5.1171,75.0000
2064,7,0.0050,4.4286,0.0881,0.0295,1.0000,0.0000,1.0000,0.0000,7.1228,76.0000
2065,7,0.0050,4.4286,0.0881,0.0295,1.0000,0.0000,1.0000,0.0000,7.1228,76.0000
2066,7,0.0157,4.2857,0.0739,0.0510,1.2857,171.5291,1.1429,0.0000,3.6420,81.0000
2067,7,0.0157,4.2857,0.0739,0.0510,1.2857,171.5291,1.1429,0.0000,3.6420,81.0000
2068,7,0.0180,3.7143,0.0908,0.0150,1.0000,0.0000,1.0000,0.0000,4.7731,72.0000
2069,7,0.0180,3.7143,0.0908,0.0150,1.0000,0.0000,1.0000,0.0000,4.7731,72.0000
2070,3,0.0005,2.3333,0.0329,0.0000,1.0000,0.0000,1.0000,0.0000,5.5556,72.0000
2071,3,0.0005,2.3333,0.0329,0.0000,1.0000,0.0000,1.0000,0.0000,5.5556,72.0000
2072,8,0.0112,2.8750,0.0811,0.0120,1.0000,0.0000,1.0000,0.0000,3.8632,71.0000
2073,8,0.0112,2.8750,0.0811,0.0120,1.0000,0.0000,1.0000,0.0000,3.8632,71.0000
2074,7,0.0305,3.1429,0.0986,0.0302,1.0000,0.0000,1.0000,0.0000,3.9839,71.0000
2075,7,0.0305,3.1429,0.0986,0.0302,1.0000,0.0000,1.0000,0.0000,3.9839,71.0000
2076,6,0.0032,3.3333,0.0586,0.0361,1.0000,0.0000,1.0000,0.0000,3.2210,74.0000
2077,6,0.0032,3.3333,0.0586,0.0361,1.0000,0.0000,1.0000,0.0000,3.2210,74.0000
2078,7,0.0123,3.5714,0.0968,0.0689,1.0000,0.0000,1.0000,0.0000,3.7019,65.0000
2079,7,0.0123,3.5714,0.0968,0.0689,1.0000,0.0000,1.0000,0.0000,3.7019,65.0000
2080,3,0.0055,3.0000,0.0782,0.0204,1.3333,213.6820,1.0000,0.0000,3.5211,72.0000
2081,3,0.0055,3.0000,0.0782,0.0204,1.3333,213.6820,1.0000,0.0000,3.5211,72.0000
2082,5,0.0492,5.0000,0.1589,0.0416,1.0000,0.0000,1.0000,0.0000,7.6268,74.0000
2083,5,0.0492,5.0000,0.1589,0.0416,1.0000,0.0000,1.0000,0.0000,7.6268,74.0000
2084,7,0.0211,3.5714,0.0775,0.0150,1.0000,0.0000,1.0000,0.0000,5.3221,85.0000
2085,7,0.0211,3.5714,0.0775,0.0150,1.0000,0.0000,1.0000,0.0000,5.3221,85.0000
2086,10,0.0330,2.9000,0.0584,0.0051,1.1000,35.3172,1.0000,0.0000,3.5230,82.0000
2087,10,0.0330,2.9000,0.0584,0.0051,1.1000,35.3172,1.0000,0.0000,3.5230,82.0000
2088,8,0.0056,3.6250,0.0744,0.0454,1.3750,189.9833,1.0000,0.0000,3.2344,73.0000
2089,8,0.0056,3.6250,0.0744,0.0454,1.3750,189.9833,1.0000,0.0000,3.2344,73.0000
2090,6,0.0008,2.1667,0.0346,0.0000,1.1667,61.1805,1.1667,0.0000,2.8438,66.0000
2091,6,0.0008,2.1667,0.0346,0.0000,1.1667,61.1805,1.1667,0.0000,2.8438,66.0000
2092,5,0.0281,3.8000,0.0904,0.0306,1.4000,168.7837,1.2000,0.0000,4.3461,71.0000
2093,5,0.0281,3.8000,0.0904,0.0306,1.4000,168.7837,1.2000,0.0000,4.3461,71.0000
2094,7,0.0804,4.4286,0.1265,0.0585,1.1429,44.9951,1.0000,0.0000,4.9605,68.0000
2095,7,0.0804,4.4286,0.1265,0.0585,1.1429,44.9951,1.0000,0.0000,4.9605,68.0000
2096,5,0.0116,6.4000,0.1367,0.0827,1.0000,0.0000,1.0000,0.0000,6.3546,73.0000
2097,5,0.0116,6.4000,0.1367,0.0827,1.0000,0.0000,1.0000,0.0000,6.3546,73.0000
2098,3,0.0036,4.0000,0.0640,0.0000,1.0000,0.0000,1.0000,0.0000,9.2632,76.0000
2099,3,0.0036,4.0000,0.0640,0.0000,1.0000,0.0000,1.0000,0.0000,9.2632,76.0000
2100,13,0.0213,3.0769,0.0636,0.0110,1.0769,58.7358,1.0000,0.0000,4.3519,81.0000
2101,13,0.0213,3.0769,0.0636,0.0110,1.0769,58.7358,1.0000,0.0000,4.3519,81.0000
2102,5,0.0053,3.0000,0.0744,0.0188,1.4000,334.6611,1.0000,0.0000,4.7952,78.0000
2103,5,0.0053,3.0000,0.0744,0.0188,1.4000,334.6611,1.0000,0.0000,4.7952,78.0000
2104,10,0.0232,3.0000,0.0763,0.0077,1.0000,0.0000,1.1000,0.0000,5.1092,74.0000
2105,10,0.0232,3.0000,0.0763,0.0077,1.0000,0.0000,1.1000,0.0000,5.1092,74.0000
2106,7,0.0191,4.2857,0.0843,0.0558,1.0000,0.0000,1.0000,0.0000,4.7485,71.0000
2107,7,0.0191,4.2857,0.0843,0.0558,1.0000,0.0000,1.0000,0.0000,4.7485,71.0000
2108,6,0.0401,3.6667,0.1242,0.0269,1.3333,214.9470,1.0000,0.0000,5.5312,68.0000
2109,6,0.0401,3.6667,0.1242,0.0269,1.3333,214.9470,1.0000,0.0000,5.5312,68.0000
2110,8,0.0225,3.0000,0.0973,0.0098,1.0000,0.0000,1.0000,0.0000,3.9193,73.0000
2111,8,0.0225,3.0000,0.0973,0.0098,1.0000,0.0000,1.0000,0.0000,3.9193,73.0000
2112,3,0.0076,3.3333,0.0764,0.0070,1.6667,146.2218,1.0000,0.0000,7.4201,73.0000
2113,3,0.0076,3.3333,0.0764,0.0070,1.6667,146.2218,1.0000,0.0000,7.4201,73.0000
2114,7,0.0081,3.8571,0.0654,0.0317,1.1429,178.9873,1.1429,0.0000,4.8421,76.0000
2115,7,0.0081,3.8571,0.0654,0.0317,1.1429,178.9873,1.1429,0.0000,4.8421,76.0000
2116,11,0.0026,2.7273,0.0492,0.0456,1.0000,0.0000,1.0909,0.0000,2.4547,71.0000
2117,11,0.0026,2.7273,0.0492,0.0456,1.0000,0.0000,1.0909,0.0000,2.4547,71.0000
2118,11,0.0043,3.2727,0.0635,0.0741,1.0909,39.1928,1.0000,0.0000,3.1234,63.0000
2119,11,0.0043,3.2727,0.0635,0.0741,1.0909,39.1928,1.0000,0.0000,3.1234,63.0000
2120,2,0.0426,3.5000,0.1324,0.0234,1.5000,370.4530,1.0000,0.0000,5.2027,58.0000
2121,2,0.0426,3.5000,0.1324,0.0234,1.5000,370.4530,1.0000,0.0000,5.2027,58.0000
2122,3,0.0086,4.6667,0.0897,0.0270,1.0000,0.0000,1.0000,0.0000,6.0579,68.0000
2123,3,0.0086,4.6667,0.0897,0.0270,1.0000,0.0000,1.0000,0.0000,6.0579,68.0000
2124,3,0.0071,2.3333,0.0836,0.0124,1.0000,0.0000,1.0000,0.0000,4.9617,78.0000
2125,3,0.0071,2.3333,0.0836,0.0124,1.0000,0.0000,1.0000,0.0000,4.9617,78.0000
2126,5,0.0063,3.0000,0.0792,0.0236,1.2000,96.3725,1.0000,0.0000,5.4795,73.0000
2127,5,0.0063,3.0000,0.0792,0.0236,1.2000,96.3725,1.0000,0.0000,5.4795,73.0000
2128,4,0.0025,2.2500,0.0508,0.0010,1.2500,165.0748,1.0000,0.0000,5.3002,70.0000
2129,4,0.0025,2.2500,0.0508,0.0010,1.2500,165.0748,1.0000,0.0000,5.3002,70.0000
2130,3,0.0248,4.3333,0.1133,0.0565,1.0000,0.0000,1.0000,0.0000,4.2618,73.0000
2131,3,0.0248,4.3333,0.1133,0.0565,1.0000,0.0000,1.0000,0.0000,4.2618,73.0000
2132,5,0.0145,4.2000,0.0907,0.0313,1.0000,0.0000,1.0000,0.0000,5.1615,78.0000
2133,5,0.0145,4.2000,0.0907,0.0313,1.0000,0.0000,1.0000,0.0000,5.1615,78.0000
2134,4,0.0197,3.7500,0.1547,0.0072,1.0000,0.0000,1.0000,0.0000,9.9099,75.0000
2135,4,0.0197,3.7500,0.1547,0.0072,1.0000,0.0000,1.0000,0.0000,9.9099,75.0000
2136,6,0.0351,4.1667,0.0916,0.0422,1.1667,71.0946,1.0000,0.0000,4.2807,76.0000
2137,6,0.0351,4.1667,0.0916,0.0422,1.1667,71.0946,1.0000,0.0000,4.2807,76.0000
2138,11,0.0125,3.2727,0.0663,0.0362,1.0909,28.7253,1.0000,0.0000,3.4061,74.0000
2139,11,0.0125,3.2727,0.0663,0.0362,1.0909,28.7253,1.0000,0.0000,3.4061,74.0000
2140,13,0.0118,3.4615,0.0724,0.0191,1.0000,0.0000,1.0000,0.0000,5.8867,74.0000
2141,13,0.0118,3.4615,0.0724,0.0191,1.0000,0.0000,1.0000,0.0000,5.8867,74.0000
2142,3,0.0012,2.6667,0.0416,0.0000,1.0000,0.0000,1.0000,0.0000,3.5994,72.0000
2143,3,0.0012,2.6667,0.0416,0.0000,1.0000,0.0000,1.0000,0.0000,3.5994,72.0000
2144,5,0.0012,2.6000,0.0414,0.0000,1.0000,0.0000,1.2000,0.0000,5.4873,68.0000
2145,5,0.0012,2.6000,0.0414,0.0000,1.0000,0.0000,1.2000,0.0000,5.4873,68.0000
2146,4,0.0066,3.2500,0.0623,0.0015,1.0000,0.0000,1.0000,0.0000,6.2774,68.0000
2147,4,0.0066,3.2500,0.0623,0.0015,1.0000,0.0000,1.0000,0.0000,6.2774,68.0000
2148,10,0.0250,3.7000,0.0987,0.0353,1.0000,0.0000,1.1000,0.0000,5.6250,65.0000
2149,10,0.0250,3.7000,0.0987,0.0353,1.0000,0.0000,1.1000,0.0000,5.6250,65.0000
2150,5,0.0008,2.4000,0.0373,0.0000,1.2000,92.8896,1.0000,0.0000,4.9166,68.0000
2151,5,0.0008,2.4000,0.0373,0.0000,1.2000,92.8896,1.0000,0.0000,4.9166,68.0000
2152,6,0.0056,2.5000,0.0502,0.0000,1.6667,372.7059,1.0000,0.0000,5.7544,76.0000
2153,6,0.0056,2.5000,0.0502,0.0000,1.6667,372.7059,1.0000,0.0000,5.7544,76.0000
2154,11,0.0073,3.0909,0.0535,0.0195,1.0000,0.0000,1.0000,0.0000,4.2162,75.0000
2155,11,0.0073,3.0909,0.0535,0.0195,1.0000,0.0000,1.0000,0.0000,4.2162,75.0000
2156,4,0.0019,3.0000,0.0466,0.0000,1.0000,0.0000,1.0000,0.0000,3.8874,74.0000
2157,4,0.0019,3.0000,0.0466,0.0000,1.0000,0.0000,1.0000,0.0000,3.8874,74.0000
2158,7,0.0019,2.2857,0.0404,0.0000,1.0000,0.0000,1.0000,0.0000,5.8397,69.0000
2159,7,0.0019,2.2857,0.0404,0.0000,1.0000,0.0000,1.0000,0.0000,5.8397,69.0000
2160,5,0.0288,3.6000,0.1379,0.0074,1.0000,0.0000,1.0000,0.0000,8.9577,78.0000
2161,5,0.0288,3.6000,0.1379,0.0074,1.0000,0.0000,1.0000,0.0000,8.9577,78.0000
2162,8,0.0118,3.2500,0.0691,0.0093,1.1250,48.4792,1.0000,0.0000,5.6943,78.0000
2163,8,0.0118,3.2500,0.0691,0.0093,1.1250,48.4792,1.0000,0.0000,5.6943,78.0000
2164,10,0.0118,3.5000,0.0706,0.0327,1.1000,17.6875,1.0000,0.0000,3.7117,75.0000
2165,10,0.0118,3.5000,0.0706,0.0327,1.1000,17.6875,1.0000,0.0000,3.7117,75.0000
2166,8,0.0035,3.2500,0.0617,0.0207,1.2500,130.7783,1.0000,0.0000,5.4528,79.0000
2167,8,0.0035,3.2500,0.0617,0.0207,1.2500,130.7783,1.0000,0.0000,5.4528,79.0000
2168,4,0.0009,2.5000,0.0354,0.0000,1.2500,121.6428,1.0000,0.0000,4.0959,78.0000
2169,4,0.0009,2.5000,0.0354,0.0000,1.2500,121.6428,1.0000,0.0000,4.0959,78.0000
2170,4,0.0185,3.2500,0.0924,0.0005,1.0000,0.0000,1.2500,0.0000,5.0078,72.0000
2171,4,0.0185,3.2500,0.0924,0.0005,1.0000,0.0000,1.2500,0.0000,5.0078,72.0000
2172,3,0.0006,2.0000,0.0285,0.0000,1.3333,164.3440,1.0000,0.0000,4.7505,77.0000
2173,3,0.0006,2.0000,0.0285,0.0000,1.3333,164.3440,1.0000,0.0000,4.7505,77.0000
2174,12,0.0094,3.1667,0.0686,0.0672,1.0000,0.0000,1.0833,0.0000,2.9327,65.0000
2175,12,0.0094,3.1667,0.0686,0.0672,1.0000,0.0000,1.0833,0.0000,2.9327,65.0000
2176,2,0.0027,3.0000,0.0598,0.0000,1.0000,0.0000,1.0000,0.0000,5.1296,62.0000
2177,2,0.0027,3.0000,0.0598,0.0000,1.0000,0.0000,1.0000,0.0000,5.1296,62.0000
2178,7,0.0104,3.0000,0.0710,0.0308,1.0000,0.0000,1.0000,0.0000,3.3400,71.0000
2179,7,0.0104,3.0000,0.0710,0.0308,1.0000,0.0000,1.0000,0.0000,3.3400,71.0000
2180,5,0.0027,4.0000,0.0765,0.0342,1.2000,265.0634,1.0000,0.0000,6.7797,60.0000
2181,5,0.0027,4.0000,0.0765,0.0342,1.2000,265.0634,1.0000,0.0000,6.7797,60.0000
2182,5,0.0081,3.0000,0.0742,0.0556,1.0000,0.0000,1.0000,0.0000,3.6866,63.0000
2183,5,0.0081,3.0000,0.0742,0.0556,1.0000,0.0000,1.0000,0.0000,3.6866,63.0000
2184,2,0.0006,2.0000,0.0339,0.0000,1.0000,0.0000,1.0000,0.0000,2.9944,60.0000
2185,2,0.0006,2.0000,0.0339,0.0000,1.0000,0.0000,1.0000,0.0000,2.9944,60.0000
2186,0,0.0000,0.0000,0.0000,0.0000,0.0000,0.0000,0.0000,0.0000
2187,0,0.0000,0.0000,0.0000,0.0000,0.0000,0.0000,0.0000,0.0000
2188,6,0.0130,5.3333,0.1224,0.0661,1.0000,0.0000,1.0000,0.0000,5.3272,73.0000
2189,6,0.0130,5.3333,0.1224,0.0661,1.0000,0.0000,1.0000,0.0000,5.3272,73.0000
2190,4,0.0569,5.2500,0.1145,0.0102,1.2500,78.7995,1.0000,0.0000,5.8951,81.0000
2191,4,0.0569,5.2500,0.1145,0.0102,1.2500,78.7995,1.0000,0.0000,5.8951,81.0000
2192,10,0.0069,4.6000,0.0751,0.0383,1.1000,17.5378,1.1000,0.0000,6.4912,76.0000
2193,10,0.0069,4.6000,0.0751,0.0383,1.1000,17.5378,1.1000,0.0000,6.4912,76.0000
2194,8,0.0062,3.0000,0.0684,0.0026,1.3750,131.6421,1.0000,0.0000,7.2982,76.0000
2195,8,0.0062,3.0000,0.0684,0.0026,1.3750,131.6421,1.0000,0.0000,7.2982,76.0000
2196,6,0.0388,3.5000,0.0971,0.0045,1.0000,0.0000,1.0000,0.0000,5.4326,71.0000
2197,6,0.0388,3.5000,0.0971,0.0045,1.0000,0.0000,1.0000,0.0000,5.4326,71.0000
2198,5,0.0120,4.2000,0.0756,0.0361,1.4000,341.4000,1.0000,0.0000,5.0078,72.0000
2199,5,0.0120,4.2000,0.0756,0.0361,1.4000,341.4000,1.0000,0.0000,5.0078,72.0000
2200,6,0.0013,2.6667,0.0416,0.0000,1.3333,134.9065,1.0000,0.0000,9.6480,70.0000
2201,6,0.0013,2.6667,0.0416,0.0000,1.3333,134.9065,1.0000,0.0000,9.6480,70.0000
2202,10,0.0079,3.1000,0.0648,0.0769,1.0000,0.0000,1.0000,0.0000,2.6232,67.0000
2203,10,0.0079,3.1000,0.0648,0.0769,1.0000,0.0000,1.0000,0.0000,2.6232,67.0000
2204,3,0.0096,4.6667,0.0838,0.1238,1.3333,196.1214,1.0000,0.0000,3.3316,62.0000
2205,3,0.0096,4.6667,0.0838,0.1238,1.3333,196.1214,1.0000,0.0000,3.3316,62.0000
2206,7,0.0142,5.0000,0.1146,0.0605,1.1429,77.2718,1.1429,0.0000,5.3370,67.0000
2207,7,0.0142,5.0000,0.1146,0.0605,1.1429,77.2718,1.1429,0.0000,5.3370,67.0000
2208,9,0.0130,3.7778,0.0941,0.0197,1.0000,0.0000,1.0000,0.0000,6.8493,73.0000
2209,9,0.0130,3.7778,0.0941,0.0197,1.0000,0.0000,1.0000,0.0000,6.8493,73.0000
2210,3,0.0087,5.3333,0.1127,0.0068,1.0000,0.0000,1.0000,0.0000,6.5277,77.0000
2211,3,0.0087,5.3333,0.1127,0.0068,1.0000,0.0000,1.0000,0.0000,6.5277,77.0000
2212,7,0.0077,2.7143,0.0610,0.0131,1.0000,0.0000,1.0000,0.0000,4.5473,71.0000
2213,7,0.0077,2.7143,0.0610,0.0131,1.0000,0.0000,1.0000,0.0000,4.5473,71.0000
2214,9,0.0243,4.0000,0.0985,0.0641,1.0000,0.0000,1.1111,0.0000,4.6804,73.0000
2215,9,0.0243,4.0000,0.0985,0.0641,1.0000,0.0000,1.1111,0.0000,4.6804,73.0000
2216,4,0.0038,2.5000,0.0611,0.0110,1.0000,0.0000,1.0000,0.0000,6.6272,74.0000
2217,4,0.0038,2.5000,0.0611,0.0110,1.0000,0.0000,1.0000,0.0000,6.6272,74.0000
2218,2,0.0055,5.5000,0.1112,0.0079,1.0000,0.0000,1.0000,0.0000,7.4966,86.0000
2219,2,0.0055,5.5000,0.1112,0.0079,1.0000,0.0000,1.0000,0.0000,7.4966,86.0000
2220,11,0.0169,4.0909,0.0715,0.0298,1.0909,51.4048,1.0000,0.0000,3.4215,87.0000
2221,11,0.0169,4.0909,0.0715,0.0298,1.0909,51.4048,1.0000,0.0000,3.4215,87.0000
2222,3,0.0259,4.0000,0.0967,0.0030,1.3333,198.1780,1.0000,0.0000,5.3797,80.0000
2223,3,0.0259,4.0000,0.0967,0.0030,1.3333,198.1780,1.0000,0.0000,5.3797,80.0000
2224,6,0.0064,2.8333,0.0762,0.0112,1.0000,0.0000,1.0000,0.0000,4.7045,84.0000
2225,6,0.0064,2.8333,0.0762,0.0112,1.0000,0.0000,1.0000,0.0000,4.7045,84.0000
2226,1,0.0095,4.0000,0.1109,0.0012,1.0000,0.0000,1.0000,0.0000,5.6391,77.0000
2227,1,0.0095,4.0000,0.1109,0.0012,1.0000,0.0000,1.0000,0.0000,5.6391,77.0000
2228,5,0.0148,4.4000,0.0910,0.0345,1.2000,150.9482,1.0000,0.0000,4.5679,81.0000
2229,5,0.0148,4.4000,0.0910,0.0345,1.2000,150.9482,1.0000,0.0000,4.5679,81.0000
2230,5,0.0308,4.2000,0.1340,0.0011,1.0000,0.0000,1.0000,0.0000,6.4815,81.0000
2231,5,0.0308,4.2000,0.1340,0.0011,1.0000,0.0000,1.0000,0.0000,6.4815,81.0000
2232,5,0.0013,3.6000,0.0486,0.0000,1.2000,146.2930,1.0000,0.0000,6.2037,81.0000
2233,5,0.0013,3.6000,0.0486,0.0000,1.2000,146.2930,1.0000,0.0000,6.2037,81.0000
2234,3,0.0004,2.3333,0.0295,0.0000,1.0000,0.0000,1.0000,0.0000,7.5000,80.0000
2235,3,0.0004,2.3333,0.0295,0.0000,1.0000,0.0000,1.0000,0.0000,7.5000,80.0000
2236,7,0.0112,3.4286,0.0923,0.0138,1.0000,0.0000,1.0000,0.0000,5.3078,86.0000
2237,7,0.0112,3.4286,0.0923,0.0138,1.0000,0.0000,1.0000,0.0000,5.3078,86.0000
2238,8,0.0073,4.0000,0.0644,0.0428,1.0000,0.0000,1.0000,0.0000,3.0303,78.0000
2239,8,0.0073,4.0000,0.0644,0.0428,1.0000,0.0000,1.0000,0.0000,3.0303,78.0000
2240,3,0.0060,3.6667,0.0746,0.0133,1.0000,0.0000,1.3333,0.0000,3.9574,73.0000
2241,3,0.0060,3.6667,0.0746,0.0133,1.0000,0.0000,1.3333,0.0000,3.9574,73.0000
2242,5,0.0136,4.0000,0.0947,0.0159,1.2000,102.2759,1.0000,0.0000,4.7207,75.0000
2243,5,0.0136,4.0000,0.0947,0.0159,1.2000,102.2759,1.0000,0.0000,4.7207,75.0000
2244,4,0.0279,7.2500,0.1315,0.0916,1.0000,0.0000,1.0000,0.0000,5.2892,73.0000
2245,4,0.0279,7.2500,0.1315,0.0916,1.0000,0.0000,1.0000,0.0000,5.2892,73.0000
2246,3,0.0006,2.0000,0.0297,0.0000,1.0000,0.0000,1.0000,0.0000,4.6279,74.0000
2247,3,0.0006,2.0000,0.0297,0.0000,1.0000,0.0000,1.0000,0.0000,4.6279,74.0000
2248,7,0.0068,3.2857,0.0768,0.0231,1.0000,0.0000,1.0000,0.0000,5.6729,70.0000
2249,7,0.0068,3.2857,0.0768,0.0231,1.0000,0.0000,1.0000,0.0000,5.6729,70.0000
2250,8,0.0198,2.7500,0.0814,0.0097,1.0000,0.0000,1.1250,0.0000,5.5179,67.0000
2251,8,0.0198,2.7500,0.0814,0.0097,1.0000,0.0000,1.1250,0.0000,5.5179,67.0000
2252,8,0.0157,3.1250,0.0745,0.0117,1.1250,82.5661,1.0000,0.0000,5.9615,65.0000
2253,8,0.0157,3.1250,0.0745,0.0117,1.1250,82.5661,1.0000,0.0000,5.9615,65.0000
2254,11,0.0158,3.3636,0.0612,0.0000,1.0909,60.9368,1.0000,0.0000,4.9284,78.0000
2255,11,0.0158,3.3636,0.0612,0.0000,1.0909,60.9368,1.0000,0.0000,4.9284,78.0000
2256,4,0.0026,3.0000,0.0590,0.0076,1.2500,192.5160,1.0000,0.0000,5.4203,79.0000
2257,4,0.0026,3.0000,0.0590,0.0076,1.2500,192.5160,1.0000,0.0000,5.4203,79.0000
2258,10,0.0042,3.0000,0.0582,0.0025,1.2000,115.2826,1.0000,0.0000,3.8304,86.0000
2259,10,0.0042,3.0000,0.0582,0.0025,1.2000,115.2826,1.0000,0.0000,3.8304,86.0000
2260,11,0.0635,4.7273,0.1083,0.0266,1.0909,73.5699,1.0000,0.0000,6.4505,75.0000
2261,11,0.0635,4.7273,0.1083,0.0266,1.0909,73.5699,1.0000,0.0000,6.4505,75.0000
2262,6,0.0252,3.3333,0.0921,0.0026,1.3333,155.1664,1.0000,0.0000,4.9009,75.0000
2263,6,0.0252,3.3333,0.0921,0.0026,1.3333,155.1664,1.0000,0.0000,4.9009,75.0000
2264,12,0.0257,3.1667,0.1120,0.0067,1.2500,205.5768,1.0833,0.0000,5.7911,80.0000
2265,12,0.0257,3.1667,0.1120,0.0067,1.2500,205.5768,1.0833,0.0000,5.7911,80.0000
2266,4,0.0168,3.5000,0.0702,0.0021,1.2500,188.1986,1.0000,0.0000,4.5405,75.0000
2267,4,0.0168,3.5000,0.0702,0.0021,1.2500,188.1986,1.0000,0.0000,4.5405,75.0000
2268,7,0.0129,3.7143,0.0902,0.0291,1.1429,107.8688,1.0000,0.0000,5.6577,75.0000
2269,7,0.0129,3.7143,0.0902,0.0291,1.1429,107.8688,1.0000,0.0000,5.6577,75.0000
2270,5,0.0018,3.0000,0.0449,0.0000,1.4000,247.8429,1.2000,0.0000,4.2037,77.0000
2271,5,0.0018,3.0000,0.0449,0.0000,1.4000,247.8429,1.2000,0.0000,4.2037,77.0000
2272,4,0.0034,5.2500,0.0801,0.0459,1.2500,210.9679,1.0000,0.0000,6.1053,76.0000
2273,4,0.0034,5.2500,0.0801,0.0459,1.2500,210.9679,1.0000,0.0000,6.1053,76.0000
2274,4,0.0012,2.5000,0.0386,0.0000,1.0000,0.0000,1.0000,0.0000,5.5487,70.0000
2275,4,0.0012,2.5000,0.0386,0.0000,1.0000,0.0000,1.0000,0.0000,5.5487,70.0000
2276,4,0.0255,3.2500,0.1083,0.0244,1.2500,144.4542,1.0000,0.0000,5.4987,69.0000
2277,4,0.0255,3.2500,0.1083,0.0244,1.2500,144.4542,1.0000,0.0000,5.4987,69.0000
2278,4,0.0006,2.0000,0.0299,0.0000,1.0000,0.0000,1.0000,0.0000,4.8513,72.0000
2279,4,0.0006,2.0000,0.0299,0.0000,1.0000,0.0000,1.0000,0.0000,4.8513,72.0000
2280,5,0.0466,5.4000,0.1387,0.0643,1.2000,149.9850,1.2000,0.0000,4.9009,75.0000
2281,5,0.0466,5.4000,0.1387,0.0643,1.2000,149.9850,1.2000,0.0000,4.9009,75.0000
2282,5,0.0104,3.8000,0.0785,0.0449,1.4000,223.9443,1.0000,0.0000,4.6166,72.0000
2283,5,0.0104,3.8000,0.0785,0.0449,1.4000,223.9443,1.0000,0.0000,4.6166,72.0000
2284,9,0.0097,4.0000,0.0730,0.0457,1.1111,59.0916,1.0000,0.0000,3.6630,78.0000
2285,9,0.0097,4.0000,0.0730,0.0457,1.1111,59.0916,1.0000,0.0000,3.6630,78.0000
2286,5,0.0115,3.6000,0.1071,0.0160,1.0000,0.0000,1.0000,0.0000,9.2281,76.0000
2287,5,0.0115,3.6000,0.1071,0.0160,1.0000,0.0000,1.0000,0.0000,9.2281,76.0000
2288,7,0.0104,3.0000,0.0828,0.0189,1.1429,85.5229,1.1429,0.0000,5.0201,84.0000
2289,7,0.0104,3.0000,0.0828,0.0189,1.1429,85.5229,1.1429,0.0000,5.0201,84.0000
2290,13,0.0167,3.5385,0.1119,0.0158,1.2308,89.9592,1.0000,0.0000,7.0526,83.0000
2291,13,0.0167,3.5385,0.1119,0.0158,1.2308,89.9592,1.0000,0.0000,7.0526,83.0000
2292,5,0.0131,5.4000,0.0962,0.0777,1.2000,171.3860,1.0000,0.0000,3.9506,81.0000
2293,5,0.0131,5.4000,0.0962,0.0777,1.2000,171.3860,1.0000,0.0000,3.9506,81.0000
2294,7,0.0010,2.2857,0.0343,0.0000,1.0000,0.0000,1.0000,0.0000,5.5611,78.0000
2295,7,0.0010,2.2857,0.0343,0.0000,1.0000,0.0000,1.0000,0.0000,5.5611,78.0000
2296,2,0.0010,3.0000,0.0462,0.0000,1.0000,0.0000,1.0000,0.0000,6.4336,66.0000
2297,2,0.0010,3.0000,0.0462,0.0000,1.0000,0.0000,1.0000,0.0000,6.4336,66.0000
2298,2,0.0031,3.0000,0.0583,0.0000,1.0000,0.0000,1.0000,0.0000,6.1644,73.0000
2299,2,0.0031,3.0000,0.0583,0.0000,1.0000,0.0000,1.0000,0.0000,6.1644,73.0000
2300,5,0.0038,5.2000,0.0787,0.0487,1.4000,226.6417,1.0000,0.0000,4.9689,70.0000
2301,5,0.0038,5.2000,0.0787,0.0487,1.4000,226.6417,1.0000,0.0000,4.9689,70.0000
2302,3,0.0030,2.3333,0.0517,0.0099,1.0000,0.0000,1.0000,0.0000,2.9851,68.0000
2303,3,0.0030,2.3333,0.0517,0.0099,1.0000,0.0000,1.0000,0.0000,2.9851,68.0000
2304,2,0.0051,4.5000,0.1051,0.0280,1.0000,0.0000,1.0000,0.0000,7.2878,70.0000
2305,2,0.0051,4.5000,0.1051,0.0280,1.0000,0.0000,1.0000,0.0000,7.2878,70.0000
2306,3,0.0295,7.0000,0.1429,0.1064,1.0000,0.0000,1.0000,0.0000,5.9615,65.0000
2307,3,0.0295,7.0000,0.1429,0.1064,1.0000,0.0000,1.0000,0.0000,5.9615,65.0000
2308,4,0.0388,5.0000,0.1682,0.0715,1.0000,0.0000,1.0000,0.0000,7.3077,65.0000
2309,4,0.0388,5.0000,0.1682,0.0715,1.0000,0.0000,1.0000,0.0000,7.3077,65.0000
2310,7,0.0399,5.8571,0.1039,0.0918,1.0000,0.0000,1.0000,0.0000,4.5468,82.0000
2311,7,0.0399,5.8571,0.1039,0.0918,1.0000,0.0000,1.0000,0.0000,4.5468,82.0000
2312,1,0.0365,8.0000,0.1745,0.0592,1.0000,0.0000,1.0000,0.0000,4.9611,74.0000
2313,1,0.0365,8.0000,0.1745,0.0592,1.0000,0.0000,1.0000,0.0000,4.9611,74.0000
2314,7,0.0020,3.0000,0.0497,0.0283,1.1429,32.9038,1.0000,0.0000,4.8861,70.0000
2315,7,0.0020,3.0000,0.0497,0.0283,1.1429,32.9038,1.0000,0.0000,4.8861,70.0000
2316,2,0.0006,2.5000,0.0347,0.0000,1.0000,0.0000,1.0000,0.0000,5.7458,73.0000
2317,2,0.0006,2.5000,0.0347,0.0000,1.0000,0.0000,1.0000,0.0000,5.7458,73.0000
2318,4,0.0014,2.5000,0.0410,0.0000,1.0000,0.0000,1.0000,0.0000,4.8649,75.0000
2319,4,0.0014,2.5000,0.0410,0.0000,1.0000,0.0000,1.0000,0.0000,4.8649,75.0000
2320,12,0.0084,3.0833,0.0606,0.0307,1.0000,0.0000,1.0000,0.0000,2.7623,83.0000
2321,12,0.0084,3.0833,0.0606,0.0307,1.0000,0.0000,1.0000,0.0000,2.7623,83.0000
2322,6,0.0022,4.5000,0.0609,0.0342,1.0000,0.0000,1.1667,0.0000,6.4241,80.0000
2323,6,0.0022,4.5000,0.0609,0.0342,1.0000,0.0000,1.1667,0.0000,6.4241,80.0000
2324,5,0.0006,2.6000,0.0342,0.0000,1.0000,0.0000,1.0000,0.0000,3.6392,80.0000
2325,5,0.0006,2.6000,0.0342,0.0000,1.0000,0.0000,1.0000,0.0000,3.6392,80.0000
2326,5,0.0022,3.0000,0.0549,0.0134,1.0000,0.0000,1.0000,0.0000,5.7758,77.0000
2327,5,0.0022,3.0000,0.0549,0.0134,1.0000,0.0000,1.0000,0.0000,5.7758,77.0000
2328,6,0.0438,5.0000,0.1337,0.0691,1.1667,20.1580,1.0000,0.0000,5.4244,70.0000
2329,6,0.0438,5.0000,0.1337,0.0691,1.1667,20.1580,1.0000,0.0000,5.4244,70.0000
2330,4,0.0023,3.5000,0.0643,0.0309,1.0000,0.0000,1.0000,0.0000,5.6216,75.0000
2331,4,0.0023,3.5000,0.0643,0.0309,1.0000,0.0000,1.0000,0.0000,5.6216,75.0000
2332,4,0.0018,4.2500,0.0566,0.0000,1.0000,0.0000,1.0000,0.0000,6.1728,81.0000
2333,4,0.0018,4.2500,0.0566,0.0000,1.0000,0.0000,1.0000,0.0000,6.1728,81.0000
2334,5,0.0198,4.6000,0.0924,0.0115,1.0000,0.0000,1.0000,0.0000,5.8941,78.0000
2335,5,0.0198,4.6000,0.0924,0.0115,1.0000,0.0000,1.0000,0.0000,5.8941,78.0000
2336,11,0.0110,2.6364,0.0717,0.0126,1.0000,0.0000,1.0000,0.0000,3.3835,77.0000
2337,11,0.0110,2.6364,0.0717,0.0126,1.0000,0.0000,1.0000,0.0000,3.3835,77.0000
2338,5,0.0209,3.2000,0.1129,0.0251,1.0000,0.0000,1.0000,0.0000,4.4337,68.0000
2339,5,0.0209,3.2000,0.1129,0.0251,1.0000,0.0000,1.0000,0.0000,4.4337,68.0000
2340,6,0.0220,5.5000,0.1274,0.0525,1.0000,0.0000,1.0000,0.0000,5.7903,72.0000
2341,6,0.0220,5.5000,0.1274,0.0525,1.0000,0.0000,1.0000,0.0000,5.7903,72.0000
2342,5,0.0125,4.8000,0.1065,0.0366,1.0000,0.0000,1.0000,0.0000,8.3644,70.0000
2343,5,0.0125,4.8000,0.1065,0.0366,1.0000,0.0000,1.0000,0.0000,8.3644,70.0000
2344,6,0.0082,2.8333,0.0528,0.0082,1.0000,0.0000,1.0000,0.0000,4.7390,74.0000
2345,6,0.0082,2.8333,0.0528,0.0082,1.0000,0.0000,1.0000,0.0000,4.7390,74.0000
2346,6,0.0232,3.6667,0.0881,0.0024,1.0000,0.0000,1.0000,0.0000,5.5165,74.0000
2347,6,0.0232,3.6667,0.0881,0.0024,1.0000,0.0000,1.0000,0.0000,5.5165,74.0000
2348,8,0.0077,3.5000,0.0687,0.0114,1.0000,0.0000,1.0000,0.0000,3.8341,72.0000
2349,8,0.0077,3.5000,0.0687,0.0114,1.0000,0.0000,1.0000,0.0000,3.8341,72.0000
2350,6,0.0130,2.8333,0.0821,0.0215,1.1667,151.9991,1.0000,0.0000,4.1026,66.0000
2351,6,0.0130,2.8333,0.0821,0.0215,1.1667,151.9991,1.0000,0.0000,4.1026,66.0000
2352,7,0.0117,2.4286,0.0775,0.0017,1.0000,0.0000,1.0000,0.0000,8.0919,78.0000
2353,7,0.0117,2.4286,0.0775,0.0017,1.0000,0.0000,1.0000,0.0000,8.0919,78.0000
2354,1,0.0432,7.0000,0.1526,0.1146,1.0000,0.0000,1.0000,0.0000,6.8421,76.0000
2355,1,0.0432,7.0000,0.1526,0.1146,1.0000,0.0000,1.0000,0.0000,6.8421,76.0000
2356,4,0.0029,3.0000,0.0554,0.0000,1.0000,0.0000,1.0000,0.0000,4.3987,80.0000
2357,4,0.0029,3.0000,0.0554,0.0000,1.0000,0.0000,1.0000,0.0000,4.3987,80.0000
2358,2,0.0400,5.0000,0.1581,0.0288,1.0000,0.0000,1.0000,0.0000,7.1989,85.0000
2359,2,0.0400,5.0000,0.1581,0.0288,1.0000,0.0000,1.0000,0.0000,7.1989,85.0000
2360,3,0.0213,6.6667,0.1304,0.0419,1.0000,0.0000,1.0000,0.0000,9.5964,87.0000
2361,3,0.0213,6.6667,0.1304,0.0419,1.0000,0.0000,1.0000,0.0000,9.5964,87.0000
2362,8,0.0242,5.3750,0.1150,0.0278,1.0000,0.0000,1.0000,0.0000,7.9272,85.0000
2363,8,0.0242,5.3750,0.1150,0.0278,1.0000,0.0000,1.0000,0.0000,7.9272,85.0000
2364,2,0.0004,2.5000,0.0287,0.0000,1.0000,0.0000,1.0000,0.0000,4.8328,88.0000
2365,2,0.0004,2.5000,0.0287,0.0000,1.0000,0.0000,1.0000,0.0000,4.8328,88.0000
2366,5,0.0077,6.0000,0.0915,0.0391,1.0000,0.0000,1.0000,0.0000,6.3234,82.0000
2367,5,0.0077,6.0000,0.0915,0.0391,1.0000,0.0000,1.0000,0.0000,6.3234,82.0000
2368,14,0.0243,4.2857,0.0874,0.0193,1.1429,78.4376,1.0000,0.0000,6.1129,88.0000
2369,14,0.0243,4.2857,0.0874,0.0193,1.1429,78.4376,1.0000,0.0000,6.1129,88.0000
2370,9,0.0111,3.6667,0.0862,0.0239,1.2222,115.5416,1.1111,0.0000,6.8987,80.0000
2371,9,0.0111,3.6667,0.0862,0.0239,1.2222,115.5416,1.1111,0.0000,6.8987,80.0000
2372,9,0.0194,3.2222,0.0874,0.0017,1.0000,0.0000,1.0000,0.0000,5.0239,77.0000
2373,9,0.0194,3.2222,0.0874,0.0017,1.0000,0.0000,1.0000,0.0000,5.0239,77.0000
2374,5,0.0184,4.4000,0.1147,0.0556,1.0000,0.0000,1.0000,0.0000,4.9474,76.0000
2375,5,0.0184,4.4000,0.1147,0.0556,1.0000,0.0000,1.0000,0.0000,4.9474,76.0000
2376,3,0.0055,4.3333,0.0889,0.0396,1.0000,0.0000,1.0000,0.0000,9.0960,60.0000
2377,3,0.0055,4.3333,0.0889,0.0396,1.0000,0.0000,1.0000,0.0000,9.0960,60.0000
2378,7,0.0329,4.1429,0.1081,0.0273,1.1429,57.6117,1.1429,0.0000,6.7684,72.0000
2379,7,0.0329,4.1429,0.1081,0.0273,1.1429,57.6117,1.1429,0.0000,6.7684,72.0000
2380,10,0.0155,4.3000,0.0954,0.0479,1.0000,0.0000,1.0000,0.0000,3.8889,81.0000
2381,10,0.0155,4.3000,0.0954,0.0479,1.0000,0.0000,1.0000,0.0000,3.8889,81.0000
2382,14,0.0153,2.9286,0.0628,0.0055,1.0000,0.0000,1.0714,0.0000,4.5988,81.0000
2383,14,0.0153,2.9286,0.0628,0.0055,1.0000,0.0000,1.0714,0.0000,4.5988,81.0000
2384,5,0.0278,4.0000,0.1177,0.0812,1.0000,0.0000,1.6000,0.0000,2.6915,70.0000
2385,5,0.0278,4.0000,0.1177,0.0812,1.0000,0.0000,1.6000,0.0000,2.6915,70.0000
2386,4,0.0042,3.2500,0.0657,0.0174,1.0000,0.0000,1.0000,0.0000,5.6729,70.0000
2387,4,0.0042,3.2500,0.0657,0.0174,1.0000,0.0000,1.0000,0.0000,5.6729,70.0000
2388,8,0.0075,3.2500,0.0590,0.0113,1.1250,29.8697,1.1250,0.0000,8.0702,76.0000
2389,8,0.0075,3.2500,0.0590,0.0113,1.1250,29.8697,1.1250,0.0000,8.0702,76.0000
2390,7,0.0353,3.7143,0.1090,0.0289,1.0000,0.0000,1.0000,0.0000,5.5135,75.0000
2391,7,0.0353,3.7143,0.1090,0.0289,1.0000,0.0000,1.0000,0.0000,5.5135,75.0000
2392,6,0.0147,4.8333,0.0940,0.0677,1.1667,161.0207,1.0000,0.0000,4.4429,77.0000
2393,6,0.0147,4.8333,0.0940,0.0677,1.1667,161.0207,1.0000,0.0000,4.4429,77.0000
2394,11,0.0130,3.4545,0.0690,0.0298,1.0909,54.8611,1.0909,0.0000,3.5815,71.0000
2395,11,0.0130,3.4545,0.0690,0.0298,1.0909,54.8611,1.0909,0.0000,3.5815,71.0000
2396,4,0.0175,4.7500,0.1188,0.0587,1.2500,28.2990,1.0000,0.0000,5.1462,74.0000
2397,4,0.0175,4.7500,0.1188,0.0587,1.2500,28.2990,1.0000,0.0000,5.1462,74.0000
2398,6,0.0258,4.1667,0.1291,0.0372,1.0000,0.0000,1.0000,0.0000,6.1807,69.0000
2399,6,0.0258,4.1667,0.1291,0.0372,1.0000,0.0000,1.0000,0.0000,6.1807,69.0000
2400,7,0.0142,2.4286,0.0750,0.0049,1.0000,0.0000,1.0000,0.0000,3.9423,65.0000
2401,7,0.0142,2.4286,0.0750,0.0049,1.0000,0.0000,1.0000,0.0000,3.9423,65.0000
2402,4,0.0231,3.0000,0.1135,0.0656,1.0000,0.0000,1.0000,0.0000,6.3830,48.0000
2403,4,0.0231,3.0000,0.1135,0.0656,1.0000,0.0000,1.0000,0.0000,6.3830,48.0000
2404,1,0.0037,3.0000,0.0780,0.0000,1.0000,0.0000,1.0000,0.0000,3.8328,42.0000
2405,1,0.0037,3.0000,0.0780,0.0000,1.0000,0.0000,1.0000,0.0000,3.8328,42.0000
2406,1,0.0141,7.0000,0.2222,0.3410,1.0000,0.0000,1.0000,0.0000,6.2500,33.0000
2407,1,0.0141,7.0000,0.2222,0.3410,1.0000,0.0000,1.0000,0.0000,6.2500,33.0000
2408,1,0.0227,5.0000,0.1650,0.0000,2.0000,273.5301,1.0000,0.0000,5.3476,34.0000
2409,1,0.0227,5.0000,0.1650,0.0000,2.0000,273.5301,1.0000,0.0000,5.3476,34.0000
2410,2,0.0065,2.5000,0.0968,0.1346,1.0000,0.0000,1.0000,0.0000,4.0323,32.0000
2411,2,0.0065,2.5000,0.0968,0.1346,1.0000,0.0000,1.0000,0.0000,4.0323,32.0000
2412,0,0.0000,0.0000,0.0000,0.0000,0.0000,0.0000,0.0000,0.0000
2413,0,0.0000,0.0000,0.0000,0.0000,0.0000,0.0000,0.0000,0.0000
2414,1,0.0026,2.0000,0.0714,0.0000,1.0000,0.0000,1.0000,0.0000,3.9409,29.0000
2415,1,0.0026,2.0000,0.0714,0.0000,1.0000,0.0000,1.0000,0.0000,3.9409,29.0000
2416,2,0.0199,4.5000,0.1786,0.5077,1.0000,0.0000,1.5000,0.0000,3.7037,28.0000
2417,2,0.0199,4.5000,0.1786,0.5077,1.0000,0.0000,1.5000,0.0000,3.7037,28.0000
2418,0,0.0000,0.0000,0.0000,0.0000,0.0000,0.0000,0.0000,0.0000
2419,0,0.0000,0.0000,0.0000,0.0000,0.0000,0.0000,0.0000,0.0000
2420,2,0.0237,3.5000,0.1856,0.3092,1.0000,0.0000,1.0000,0.0000,5.7971,24.0000
2421,2,0.0237,3.5000,0.1856,0.3092,1.0000,0.0000,1.0000,0.0000,5.7971,24.0000
2422,1,0.0138,4.0000,0.1633,0.2710,1.0000,0.0000,1.0000,0.0000,6.0215,31.0000
2423,1,0.0138,4.0000,0.1633,0.2710,1.0000,0.0000,1.0000,0.0000,6.0215,31.0000
2424,1,0.0467,6.0000,0.2700,0.2518,1.0000,0.0000,1.0000,0.0000,9.2308,26.0000
2425,1,0.0467,6.0000,0.2700,0.2518,1.0000,0.0000,1.0000,0.0000,9.2308,26.0000
2426,3,0.0115,2.6667,0.1123,0.0000,1.0000,0.0000,1.0000,0.0000,5.2874,30.0000
2427,3,0.0115,2.6667,0.1123,0.0000,1.0000,0.0000,1.0000,0.0000,5.2874,30.0000
2428,0,0.0000,0.0000,0.0000,0.0000,0.0000,0.0000,0.0000,0.0000
2429,0,0.0000,0.0000,0.0000,0.0000,0.0000,0.0000,0.0000,0.0000
2430,1,0.0100,4.0000,0.1600,0.5236,1.0000,0.0000,1.0000,0.0000,5.2308,26.0000
2431,1,0.0100,4.0000,0.1600,0.5236,1.0000,0.0000,1.0000,0.0000,5.2308,26.0000
2432,1,0.0296,4.0000,0.2428,0.1243,1.0000,0.0000,1.0000,0.0000,11.0345,30.0000
2433,1,0.0296,4.0000,0.2428,0.1243,1.0000,0.0000,1.0000,0.0000,11.0345,30.0000
2434,1,0.0199,4.0000,0.1693,0.3309,1.0000,0.0000,1.0000,0.0000,4.4974,28.0000
2435,1,0.0199,4.0000,0.1693,0.3309,1.0000,0.0000,1.0000,0.0000,4.4974,28.0000
2436,2,0.0085,3.0000,0.1185,0.5651,1.0000,0.0000,1.0000,0.0000,1.8519,28.0000
2437,2,0.0085,3.0000,0.1185,0.5651,1.0000,0.0000,1.0000,0.0000,1.8519,28.0000
2438,7,0.0242,2.1429,0.1051,0.2837,1.2857,118.8385,1.1429,0.0000,4.2735,27.0000
2439,7,0.0242,2.1429,0.1051,0.2837,1.2857,118.8385,1.1429,0.0000,4.2735,27.0000
2440,5,0.0100,2.4000,0.1099,0.2676,1.0000,0.0000,1.0000,0.0000,4.3077,26.0000
2441,5,0.0100,2.4000,0.1099,0.2676,1.0000,0.0000,1.0000,0.0000,4.3077,26.0000
2442,2,0.0053,2.0000,0.1000,0.5000,1.5000,123.8930,1.0000,0.0000,2.8571,21.0000
2443,2,0.0053,2.0000,0.1000,0.5000,1.5000,123.8930,1.0000,0.0000,2.8571,21.0000
2444,3,0.0553,3.3333,0.2039,0.1988,1.0000,0.0000,1.0000,0.0000,6.8841,24.0000
2445,3,0.0553,3.3333,0.2039,0.1988,1.0000,0.0000,1.0000,0.0000,6.8841,24.0000
2446,1,0.0026,2.0000,0.0714,0.0000,1.0000,0.0000,1.0000,0.0000,11.5764,29.0000
2447,1,0.0026,2.0000,0.0714,0.0000,1.0000,0.0000,1.0000,0.0000,11.5764,29.0000
2448,1,0.0025,2.0000,0.0690,0.0000,2.0000,1065.8026,1.0000,0.0000,2.5287,30.0000
2449,1,0.0025,2.0000,0.0690,0.0000,2.0000,1065.8026,1.0000,0.0000,2.5287,30.0000
2450,0,0.0000,0.0000,0.0000,0.0000,0.0000,0.0000,0.0000,0.0000
2451,0,0.0000,0.0000,0.0000,0.0000,0.0000,0.0000,0.0000,0.0000
2452,1,0.0025,2.0000,0.0690,0.7071,1.0000,0.0000,1.0000,0.0000,1.3793,30.0000
2453,1,0.0025,2.0000,0.0690,0.7071,1.0000,0.0000,1.0000,0.0000,1.3793,30.0000
2454,2,0.0031,2.0000,0.0769,0.0000,1.5000,385.5822,1.0000,0.0000,2.8490,27.0000
2455,2,0.0031,2.0000,0.0769,0.0000,1.5000,385.5822,1.0000,0.0000,2.8490,27.0000
2456,3,0.0176,2.6667,0.1321,0.1480,1.0000,0.0000,1.0000,0.0000,4.9261,29.0000
2457,3,0.0176,2.6667,0.1321,0.1480,1.0000,0.0000,1.0000,0.0000,4.9261,29.0000
2458,0,0.0000,0.0000,0.0000,0.0000,0.0000,0.0000,0.0000,0.0000
2459,0,0.0000,0.0000,0.0000,0.0000,0.0000,0.0000,0.0000,0.0000
2460,1,0.0026,2.0000,0.0714,0.7071,1.0000,0.0000,1.0000,0.0000,1.7241,29.0000
2461,1,0.0026,2.0000,0.0714,0.7071,1.0000,0.0000,1.0000,0.0000,1.7241,29.0000
2462,3,0.0122,2.6667,0.1311,0.0773,1.3333,196.8706,1.0000,0.0000,7.6923,26.0000
2463,3,0.0122,2.6667,0.1311,0.0773,1.3333,196.8706,1.0000,0.0000,7.6923,26.0000
2464,3,0.0067,2.3333,0.1000,0.2039,1.3333,199.4429,1.0000,0.0000,3.6923,26.0000
2465,3,0.0067,2.3333,0.1000,0.2039,1.3333,199.4429,1.0000,0.0000,3.6923,26.0000
2466,0,0.0000,0.0000,0.0000,0.0000,0.0000,0.0000,0.0000,0.0000
2467,0,0.0000,0.0000,0.0000,0.0000,0.0000,0.0000,0.0000,0.0000
2468,4,0.0142,2.2500,0.1075,0.2883,1.0000,0.0000,1.0000,0.0000,2.7692,26.0000
2469,4,0.0142,2.2500,0.1075,0.2883,1.0000,0.0000,1.0000,0.0000,2.7692,26.0000
2470,1,0.0365,6.0000,0.3048,0.3549,1.0000,0.0000,1.0000,0.0000,9.9567,22.0000
2471,1,0.0365,6.0000,0.3048,0.3549,1.0000,0.0000,1.0000,0.0000,9.9567,22.0000
2472,0,0.0000,0.0000,0.0000,0.0000,0.0000,0.0000,0.0000,0.0000
2473,0,0.0000,0.0000,0.0000,0.0000,0.0000,0.0000,0.0000,0.0000
2474,1,0.0085,4.0000,0.1481,0.5236,1.0000,0.0000,1.0000,0.0000,2.6455,28.0000
2475,1,0.0085,4.0000,0.1481,0.5236,1.0000,0.0000,1.0000,0.0000,2.6455,28.0000
2476,1,0.0435,6.0000,0.2552,0.4901,1.0000,0.0000,1.0000,0.0000,5.3333,25.0000
2477,1,0.0435,6.0000,0.2552,0.4901,1.0000,0.0000,1.0000,0.0000,5.3333,25.0000
2478,0,0.0000,0.0000,0.0000,0.0000,0.0000,0.0000,0.0000,0.0000
2479,0,0.0000,0.0000,0.0000,0.0000,0.0000,0.0000,0.0000,0.0000
2480,1,0.0040,2.0000,0.0870,0.7071,1.0000,0.0000,1.0000,0.0000,1.4493,24.0000
2481,1,0.0040,2.0000,0.0870,0.7071,1.0000,0.0000,1.0000,0.0000,1.4493,24.0000
2482,2,0.0108,3.0000,0.1327,0.1468,1.0000,0.0000,1.0000,0.0000,5.4131,27.0000
2483,2,0.0108,3.0000,0.1327,0.1468,1.0000,0.0000,1.0000,0.0000,5.4131,27.0000
2484,1,0.0123,5.0000,0.1923,0.4623,2.0000,299.8522,1.0000,0.0000,4.5584,27.0000
2485,1,0.0123,5.0000,0.1923,0.4623,2.0000,299.8522,1.0000,0.0000,4.5584,27.0000
2486,4,0.0218,3.0000,0.1232,0.1384,1.0000,0.0000,1.0000,0.0000,4.9462,31.0000
2487,4,0.0218,3.0000,0.1232,0.1384,1.0000,0.0000,1.0000,0.0000,4.9462,31.0000
2488,0,0.0000,0.0000,0.0000,0.0000,0.0000,0.0000,0.0000,0.0000
2489,0,0.0000,0.0000,0.0000,0.0000,0.0000,0.0000,0.0000,0.0000
2490,0,0.0000,0.0000,0.0000,0.0000,0.0000,0.0000,0.0000,0.0000
2491,0,0.0000,0.0000,0.0000,0.0000,0.0000,0.0000,0.0000,0.0000
2492,3,0.0060,2.6667,0.0859,0.2978,1.0000,0.0000,1.0000,0.0000,2.0833,33.0000
2493,3,0.0060,2.6667,0.0859,0.2978,1.0000,0.0000,1.0000,0.0000,2.0833,33.0000
2494,1,0.0403,7.0000,0.2301,0.4586,1.0000,0.0000,1.0000,0.0000,5.3030,33.0000
2495,1,0.0403,7.0000,0.2301,0.4586,1.0000,0.0000,1.0000,0.0000,5.3030,33.0000
2496,1,0.0172,5.0000,0.2006,0.2553,2.0000,22.0414,1.0000,0.0000,8.9655,30.0000
2497,1,0.0172,5.0000,0.2006,0.2553,2.0000,22.0414,1.0000,0.0000,8.9655,30.0000
2498,1,0.0181,5.0000,0.1607,0.0000,1.0000,0.0000,1.0000,0.0000,4.9242,33.0000
2499,1,0.0181,5.0000,0.1607,0.0000,1.0000,0.0000,1.0000,0.0000,4.9242,33.0000
2500,4,0.0267,4.5000,0.1557,0.1869,1.0000,0.0000,1.0000,0.0000,6.2500,33.0000
2501,4,0.0267,4.5000,0.1557,0.1869,1.0000,0.0000,1.0000,0.0000,6.2500,33.0000
2502,0,0.0000,0.0000,0.0000,0.0000,0.0000,0.0000,0.0000,0.0000
2503,0,0.0000,0.0000,0.0000,0.0000,0.0000,0.0000,0.0000,0.0000
2504,4,0.0159,2.7500,0.1202,0.1964,1.0000,0.0000,1.0000,0.0000,4.4335,29.0000
2505,4,0.0159,2.7500,0.1202,0.1964,1.0000,0.0000,1.0000,0.0000,4.4335,29.0000
2506,1,0.0062,3.0000,0.1154,0.6116,1.0000,0.0000,1.0000,0.0000,1.7094,27.0000
2507,1,0.0062,3.0000,0.1154,0.6116,1.0000,0.0000,1.0000,0.0000,1.7094,27.0000
2508,5,0.0328,2.6000,0.1529,0.1192,1.0000,0.0000,1.0000,0.0000,5.2910,28.0000
2509,5,0.0328,2.6000,0.1529,0.1192,1.0000,0.0000,1.0000,0.0000,5.2910,28.0000
2510,1,0.0362,4.0000,0.2042,0.2533,1.0000,0.0000,1.0000,0.0000,5.6667,25.0000
2511,1,0.0362,4.0000,0.2042,0.2533,1.0000,0.0000,1.0000,0.0000,5.6667,25.0000
2512,4,0.0253,2.5000,0.1312,0.1941,1.2500,34.8982,1.0000,0.0000,3.6559,31.0000
2513,4,0.0253,2.5000,0.1312,0.1941,1.2500,34.8982,1.0000,0.0000,3.6559,31.0000
2514,2,0.0080,2.5000,0.0978,0.4731,1.0000,0.0000,1.0000,0.0000,2.5806,31.0000
2515,2,0.0080,2.5000,0.0978,0.4731,1.0000,0.0000,1.0000,0.0000,2.5806,31.0000
2516,1,0.0133,5.0000,0.1616,0.4013,1.0000,0.0000,1.0000,0.0000,4.2781,34.0000
2517,1,0.0133,5.0000,0.1616,0.4013,1.0000,0.0000,1.0000,0.0000,4.2781,34.0000
2518,0,0.0000,0.0000,0.0000,0.0000,0.0000,0.0000,0.0000,0.0000
2519,0,0.0000,0.0000,0.0000,0.0000,0.0000,0.0000,0.0000,0.0000
2520,4,0.0075,3.0000,0.1032,0.1925,1.0000,0.0000,1.0000,0.0000,4.4355,32.0000
2521,4,0.0075,3.0000,0.1032,0.1925,1.0000,0.0000,1.0000,0.0000,4.4355,32.0000
2522,3,0.0307,2.6667,0.1338,0.1662,1.0000,0.0000,1.3333,0.0000,3.4409,31.0000
2523,3,0.0307,2.6667,0.1338,0.1662,1.0000,0.0000,1.3333,0.0000,3.4409,31.0000
2524,3,0.0551,3.3333,0.1679,0.1385,1.0000,0.0000,1.0000,0.0000,5.5556,28.0000
2525,3,0.0551,3.3333,0.1679,0.1385,1.0000,0.0000,1.0000,0.0000,5.5556,28.0000
2526,4,0.0729,3.7500,0.1976,0.1865,1.0000,0.0000,1.0000,0.0000,7.3892,29.0000
2527,4,0.0729,3.7500,0.1976,0.1865,1.0000,0.0000,1.0000,0.0000,7.3892,29.0000
2528,0,0.0000,0.0000,0.0000,0.0000,0.0000,0.0000,0.0000,0.0000
2529,0,0.0000,0.0000,0.0000,0.0000,0.0000,0.0000,0.0000,0.0000
2530,3,0.0088,2.0000,0.0862,0.0000,1.0000,0.0000,1.0000,0.0000,9.8522,29.0000
2531,3,0.0088,2.0000,0.0862,0.0000,1.0000,0.0000,1.0000,0.0000,9.8522,29.0000
2532,1,0.0215,5.0000,0.2051,0.4013,1.0000,0.0000,1.0000,0.0000,5.1282,27.0000
2533,1,0.0215,5.0000,0.2051,0.4013,1.0000,0.0000,1.0000,0.0000,5.1282,27.0000
2534,3,0.0674,4.3333,0.1892,0.2197,1.0000,0.0000,1.3333,0.0000,4.6371,32.0000
2535,3,0.0674,4.3333,0.1892,0.2197,1.0000,0.0000,1.3333,0.0000,4.6371,32.0000
2536,3,0.0330,2.6667,0.1492,0.0931,1.6667,176.3340,1.0000,0.0000,6.0484,32.0000
2537,3,0.0330,2.6667,0.1492,0.0931,1.6667,176.3340,1.0000,0.0000,6.0484,32.0000
2538,7,0.0513,2.7143,0.1387,0.0455,1.1429,57.8361,1.0000,0.0000,7.2581,32.0000
2539,7,0.0513,2.7143,0.1387,0.0455,1.1429,57.8361,1.0000,0.0000,7.2581,32.0000
2540,1,0.0022,2.0000,0.0645,0.0000,1.0000,0.0000,1.0000,0.0000,7.4597,32.0000
2541,1,0.0022,2.0000,0.0645,0.0000,1.0000,0.0000,1.0000,0.0000,7.4597,32.0000
2542,4,0.0126,2.7500,0.1138,0.1309,1.0000,0.0000,1.0000,0.0000,3.9409,29.0000
2543,4,0.0126,2.7500,0.1138,0.1309,1.0000,0.0000,1.0000,0.0000,3.9409,29.0000
2544,0,0.0000,0.0000,0.0000,0.0000,0.0000,0.0000,0.0000,0.0000
2545,0,0.0000,0.0000,0.0000,0.0000,0.0000,0.0000,0.0000,0.0000
2546,2,0.0184,2.5000,0.1442,0.1236,1.0000,0.0000,1.0000,0.0000,7.6190,21.0000
2547,2,0.0184,2.5000,0.1442,0.1236,1.0000,0.0000,1.0000,0.0000,7.6190,21.0000
2548,0,0.0000,0.0000,0.0000,0.0000,0.0000,0.0000,0.0000,0.0000
2549,0,0.0000,0.0000,0.0000,0.0000,0.0000,0.0000,0.0000,0.0000
2550,1,0.0065,2.0000,0.1111,0.0000,1.0000,0.0000,1.0000,0.0000,5.2632,19.0000
2551,1,0.0065,2.0000,0.1111,0.0000,1.0000,0.0000,1.0000,0.0000,5.2632,19.0000
2552,4,0.0105,2.5000,0.1312,0.1309,1.0000,0.0000,1.0000,0.0000,6.1905,21.0000
2553,4,0.0105,2.5000,0.1312,0.1309,1.0000,0.0000,1.0000,0.0000,6.1905,21.0000
2554,2,0.0313,3.5000,0.1943,0.1610,1.0000,0.0000,1.0000,0.0000,7.4074,28.0000
2555,2,0.0313,3.5000,0.1943,0.1610,1.0000,0.0000,1.0000,0.0000,7.4074,28.0000
2556,2,0.0271,3.0000,0.1596,0.1471,1.0000,0.0000,1.0000,0.0000,5.5172,30.0000
2557,2,0.0271,3.0000,0.1596,0.1471,1.0000,0.0000,1.0000,0.0000,5.5172,30.0000
2558,1,0.0023,2.0000,0.0667,0.0000,1.0000,0.0000,1.0000,0.0000,4.9462,31.0000
2559,1,0.0023,2.0000,0.0667,0.0000,1.0000,0.0000,1.0000,0.0000,4.9462,31.0000
2560,0,0.0000,0.0000,0.0000,0.0000,0.0000,0.0000,0.0000,0.0000
2561,0,0.0000,0.0000,0.0000,0.0000,0.0000,0.0000,0.0000,0.0000
2562,2,0.0431,4.5000,0.1978,0.4114,1.0000,0.0000,1.0000,0.0000,5.4131,27.0000
2563,2,0.0431,4.5000,0.1978,0.4114,1.0000,0.0000,1.0000,0.0000,5.4131,27.0000
2564,0,0.0000,0.0000,0.0000,0.0000,0.0000,0.0000,0.0000,0.0000
2565,0,0.0000,0.0000,0.0000,0.0000,0.0000,0.0000,0.0000,0.0000
2566,2,0.0385,3.0000,0.1544,0.2309,1.0000,0.0000,1.0000,0.0000,3.7037,28.0000
2567,2,0.0385,3.0000,0.1544,0.2309,1.0000,0.0000,1.0000,0.0000,3.7037,28.0000
2568,0,0.0000,0.0000,0.0000,0.0000,0.0000,0.0000,0.0000,0.0000
2569,0,0.0000,0.0000,0.0000,0.0000,0.0000,0.0000,0.0000,0.0000
2570,0,0.0000,0.0000,0.0000,0.0000,0.0000,0.0000,0.0000,0.0000
2571,0,0.0000,0.0000,0.0000,0.0000,0.0000,0.0000,0.0000,0.0000
2572,1,0.0317,3.0000,0.1775,0.0401,1.0000,0.0000,1.0000,0.0000,8.3744,29.0000
2573,1,0.0317,3.0000,0.1775,0.0401,1.0000,0.0000,1.0000,0.0000,8.3744,29.0000
2574,0,0.0000,0.0000,0.0000,0.0000,0.0000,0.0000,0.0000,0.0000
2575,0,0.0000,0.0000,0.0000,0.0000,0.0000,0.0000,0.0000,0.0000
2576,4,0.0496,3.2500,0.1652,0.1605,1.0000,0.0000,1.0000,0.0000,4.6798,29.0000
2577,4,0.0496,3.2500,0.1652,0.1605,1.0000,0.0000,1.0000,0.0000,4.6798,29.0000
2578,5,0.0158,2.8000,0.1235,0.1003,1.0000,0.0000,1.0000,0.0000,5.4435,32.0000
2579,5,0.0158,2.8000,0.1235,0.1003,1.0000,0.0000,1.0000,0.0000,5.4435,32.0000
2580,2,0.0387,4.0000,0.1990,0.0707,1.0000,0.0000,1.0000,0.0000,7.6190,36.0000
2581,2,0.0387,4.0000,0.1990,0.0707,1.0000,0.0000,1.0000,0.0000,7.6190,36.0000
2582,2,0.0030,2.5000,0.0781,0.3058,1.0000,0.0000,1.0000,0.0000,2.0833,33.0000
2583,2,0.0030,2.5000,0.0781,0.3058,1.0000,0.0000,1.0000,0.0000,2.0833,33.0000
2584,2,0.0234,4.5000,0.1698,0.3355,1.0000,0.0000,1.0000,0.0000,4.8276,30.0000
2585,2,0.0234,4.5000,0.1698,0.3355,1.0000,0.0000,1.0000,0.0000,4.8276,30.0000
2586,3,0.0525,4.0000,0.1716,0.3039,1.0000,0.0000,1.3333,0.0000,5.5172,30.0000
2587,3,0.0525,4.0000,0.1716,0.3039,1.0000,0.0000,1.3333,0.0000,5.5172,30.0000
2588,1,0.0025,2.0000,0.0690,0.7071,1.0000,0.0000,1.0000,0.0000,1.1494,30.0000
2589,1,0.0025,2.0000,0.0690,0.7071,1.0000,0.0000,1.0000,0.0000,1.1494,30.0000
2590,1,0.0072,3.0000,0.1250,0.6116,1.0000,0.0000,1.0000,0.0000,2.0000,25.0000
2591,1,0.0072,3.0000,0.1250,0.6116,1.0000,0.0000,1.0000,0.0000,2.0000,25.0000
2592,1,0.0067,3.0000,0.1200,0.6116,1.0000,0.0000,1.0000,0.0000,3.3846,26.0000
2593,1,0.0067,3.0000,0.1200,0.6116,1.0000,0.0000,1.0000,0.0000,3.3846,26.0000
2594,2,0.0123,2.5000,0.1128,0.5766,1.0000,0.0000,1.5000,0.0000,1.7094,27.0000
2595,2,0.0123,2.5000,0.1128,0.5766,1.0000,0.0000,1.5000,0.0000,1.7094,27.0000
2596,1,0.0389,6.0000,0.2596,0.4432,1.0000,0.0000,1.0000,0.0000,7.3333,25.0000
2597,1,0.0389,6.0000,0.2596,0.4432,1.0000,0.0000,1.0000,0.0000,7.3333,25.0000
2598,1,0.0200,7.0000,0.2800,0.3850,1.0000,0.0000,1.0000,0.0000,7.0769,26.0000
2599,1,0.0200,7.0000,0.2800,0.3850,1.0000,0.0000,1.0000,0.0000,7.0769,26.0000
2600,2,0.0067,2.5000,0.1040,0.2374,1.5000,40.4964,1.0000,0.0000,3.6923,26.0000
2601,2,0.0067,2.5000,0.1040,0.2374,1.5000,40.4964,1.0000,0.0000,3.6923,26.0000
2602,2,0.0062,2.0000,0.0865,0.6015,1.0000,0.0000,1.0000,0.0000,1.9943,27.0000
2603,2,0.0062,2.0000,0.0865,0.6015,1.0000,0.0000,1.0000,0.0000,1.9943,27.0000
2604,3,0.0338,3.0000,0.1673,0.2056,1.0000,0.0000,1.0000,0.0000,4.6667,25.0000
2605,3,0.0338,3.0000,0.1673,0.2056,1.0000,0.0000,1.0000,0.0000,4.6667,25.0000
2606,2,0.0291,4.0000,0.1625,0.3804,1.0000,0.0000,1.0000,0.0000,4.4335,29.0000
2607,2,0.0291,4.0000,0.1625,0.3804,1.0000,0.0000,1.0000,0.0000,4.4335,29.0000
2608,3,0.0060,2.0000,0.0903,0.4010,1.3333,16.2376,1.0000,0.0000,3.0000,25.0000
2609,3,0.0060,2.0000,0.0903,0.4010,1.3333,16.2376,1.0000,0.0000,3.0000,25.0000
2610,3,0.0159,2.6667,0.1115,0.0001,1.0000,0.0000,1.0000,0.0000,3.9409,29.0000
2611,3,0.0159,2.6667,0.1115,0.0001,1.0000,0.0000,1.0000,0.0000,3.9409,29.0000
2612,4,0.0258,2.5000,0.1356,0.1440,1.2500,149.8375,1.0000,0.0000,5.5385,26.0000
2613,4,0.0258,2.5000,0.1356,0.1440,1.2500,149.8375,1.0000,0.0000,5.5385,26.0000
2614,1,0.0025,2.0000,0.0690,0.0000,1.0000,0.0000,1.0000,0.0000,2.2989,30.0000
2615,1,0.0025,2.0000,0.0690,0.0000,1.0000,0.0000,1.0000,0.0000,2.2989,30.0000
2616,4,0.0128,2.2500,0.0995,0.3712,1.0000,0.0000,1.2500,0.0000,2.6455,28.0000
2617,4,0.0128,2.2500,0.0995,0.3712,1.0000,0.0000,1.2500,0.0000,2.6455,28.0000
2618,2,0.0062,2.0000,0.0865,0.0000,1.0000,0.0000,1.0000,0.0000,11.1111,27.0000
2619,2,0.0062,2.0000,0.0865,0.0000,1.0000,0.0000,1.0000,0.0000,11.1111,27.0000
2620,0,0.0000,0.0000,0.0000,0.0000,0.0000,0.0000,0.0000,0.0000
2621,0,0.0000,0.0000,0.0000,0.0000,0.0000,0.0000,0.0000,0.0000
2622,1,0.0233,5.0000,0.2133,0.3458,1.0000,0.0000,1.0000,0.0000,6.7692,26.0000
2623,1,0.0233,5.0000,0.2133,0.3458,1.0000,0.0000,1.0000,0.0000,6.7692,26.0000
2624,1,0.0185,5.0000,0.1923,0.5526,1.0000,0.0000,1.0000,0.0000,3.4188,27.0000
2625,1,0.0185,5.0000,0.1923,0.5526,1.0000,0.0000,1.0000,0.0000,3.4188,27.0000
2626,1,0.0057,3.0000,0.1111,0.0000,1.0000,0.0000,1.0000,0.0000,9.2593,28.0000
2627,1,0.0057,3.0000,0.1111,0.0000,1.0000,0.0000,1.0000,0.0000,9.2593,28.0000
2628,0,0.0000,0.0000,0.0000,0.0000,0.0000,0.0000,0.0000,0.0000
2629,0,0.0000,0.0000,0.0000,0.0000,0.0000,0.0000,0.0000,0.0000
2630,3,0.0095,2.0000,0.0894,0.5258,1.0000,0.0000,1.0000,0.0000,2.1164,28.0000
2631,3,0.0095,2.0000,0.0894,0.5258,1.0000,0.0000,1.0000,0.0000,2.1164,28.0000
2632,0,0.0000,0.0000,0.0000,0.0000,0.0000,0.0000,0.0000,0.0000
2633,0,0.0000,0.0000,0.0000,0.0000,0.0000,0.0000,0.0000,0.0000
2634,5,0.0221,2.8000,0.1062,0.1758,1.0000,0.0000,1.2000,0.0000,3.1933,35.0000
2635,5,0.0221,2.8000,0.1062,0.1758,1.0000,0.0000,1.2000,0.0000,3.1933,35.0000
2636,1,0.0291,3.0000,0.1978,0.1047,1.0000,0.0000,1.0000,0.0000,10.0985,29.0000
2637,1,0.0291,3.0000,0.1978,0.1047,1.0000,0.0000,1.0000,0.0000,10.0985,29.0000
2638,3,0.0203,3.0000,0.1295,0.2280,1.3333,30.4519,1.0000,0.0000,3.4274,32.0000
2639,3,0.0203,3.0000,0.1295,0.2280,1.3333,30.4519,1.0000,0.0000,3.4274,32.0000
2640,1,0.0086,5.0000,0.1613,0.0000,1.0000,0.0000,1.0000,0.0000,5.6452,32.0000
2641,1,0.0086,5.0000,0.1613,0.0000,1.0000,0.0000,1.0000,0.0000,5.6452,32.0000
2642,0,0.0000,0.0000,0.0000,0.0000,0.0000,0.0000,0.0000,0.0000
2643,0,0.0000,0.0000,0.0000,0.0000,0.0000,0.0000,0.0000,0.0000
2644,2,0.0493,4.5000,0.2030,0.2989,1.0000,0.0000,1.0000,0.0000,6.2069,30.0000
2645,2,0.0493,4.5000,0.2030,0.2989,1.0000,0.0000,1.0000,0.0000,6.2069,30.0000
2646,1,0.0301,6.0000,0.2177,0.2518,2.0000,212.4542,1.0000,0.0000,6.6532,32.0000
2647,1,0.0301,6.0000,0.2177,0.2518,2.0000,212.4542,1.0000,0.0000,6.6532,32.0000
2648,0,0.0000,0.0000,0.0000,0.0000,0.0000,0.0000,0.0000,0.0000
2649,0,0.0000,0.0000,0.0000,0.0000,0.0000,0.0000,0.0000,0.0000
2650,2,0.0119,4.5000,0.1665,0.1744,1.0000,0.0000,1.0000,0.0000,8.8670,29.0000
2651,2,0.0119,4.5000,0.1665,0.1744,1.0000,0.0000,1.0000,0.0000,8.8670,29.0000
2652,0,0.0000,0.0000,0.0000,0.0000,0.0000,0.0000,0.0000,0.0000
2653,0,0.0000,0.0000,0.0000,0.0000,0.0000,0.0000,0.0000,0.0000
2654,2,0.0062,2.5000,0.0961,0.1977,1.0000,0.0000,1.0000,0.0000,3.4483,30.0000
2655,2,0.0062,2.5000,0.0961,0.1977,1.0000,0.0000,1.0000,0.0000,3.4483,30.0000
2656,4,0.0292,3.0000,0.1370,0.2395,1.0000,0.0000,1.0000,0.0000,4.7619,28.0000
2657,4,0.0292,3.0000,0.1370,0.2395,1.0000,0.0000,1.0000,0.0000,4.7619,28.0000
2658,2,0.0117,2.5000,0.1173,0.4731,1.0000,0.0000,1.0000,0.0000,2.7692,26.0000
2659,2,0.0117,2.5000,0.1173,0.4731,1.0000,0.0000,1.0000,0.0000,2.7692,26.0000
2660,0,0.0000,0.0000,0.0000,0.0000,0.0000,0.0000,0.0000,0.0000
2661,0,0.0000,0.0000,0.0000,0.0000,0.0000,0.0000,0.0000,0.0000
2662,0,0.0000,0.0000,0.0000,0.0000,0.0000,0.0000,0.0000,0.0000
2663,0,0.0000,0.0000,0.0000,0.0000,0.0000,0.0000,0.0000,0.0000
2664,4,0.0833,3.7500,0.1883,0.2900,1.0000,0.0000,1.0000,0.0000,5.9113,29.0000
2665,4,0.0833,3.7500,0.1883,0.2900,1.0000,0.0000,1.0000,0.0000,5.9113,29.0000
2666,1,0.0040,3.0000,0.0938,0.0000,1.0000,0.0000,1.0000,0.0000,3.2197,33.0000
2667,1,0.0040,3.0000,0.0938,0.0000,1.0000,0.0000,1.0000,0.0000,3.2197,33.0000
2668,1,0.0099,4.0000,0.1437,0.0000,1.0000,0.0000,1.0000,0.0000,6.6667,30.0000
2669,1,0.0099,4.0000,0.1437,0.0000,1.0000,0.0000,1.0000,0.0000,6.6667,30.0000
2670,2,0.0049,2.0000,0.0776,0.0000,1.0000,0.0000,1.0000,0.0000,5.7471,30.0000
2671,2,0.0049,2.0000,0.0776,0.0000,1.0000,0.0000,1.0000,0.0000,5.7471,30.0000
2672,0,0.0000,0.0000,0.0000,0.0000,0.0000,0.0000,0.0000,0.0000
2673,0,0.0000,0.0000,0.0000,0.0000,0.0000,0.0000,0.0000,0.0000
2674,1,0.0023,2.0000,0.0667,0.7071,1.0000,0.0000,1.0000,0.0000,1.0753,31.0000
2675,1,0.0023,2.0000,0.0667,0.7071,1.0000,0.0000,1.0000,0.0000,1.0753,31.0000
2676,1,0.0033,2.0000,0.0800,0.0000,1.0000,0.0000,1.0000,0.0000,3.0769,26.0000
2677,1,0.0033,2.0000,0.0800,0.0000,1.0000,0.0000,1.0000,0.0000,3.0769,26.0000
2678,2,0.0087,2.5000,0.1182,0.2374,1.0000,0.0000,1.0000,0.0000,3.5573,23.0000
2679,2,0.0087,2.5000,0.1182,0.2374,1.0000,0.0000,1.0000,0.0000,3.5573,23.0000
2680,1,0.0207,4.0000,0.1852,0.1526,1.0000,0.0000,1.0000,0.0000,8.6022,31.0000
2681,1,0.0207,4.0000,0.1852,0.1526,1.0000,0.0000,1.0000,0.0000,8.6022,31.0000
2682,4,0.0433,4.5000,0.1937,0.1535,1.2500,59.9738,1.0000,0.0000,7.5758,33.0000
2683,4,0.0433,4.5000,0.1937,0.1535,1.2500,59.9738,1.0000,0.0000,7.5758,33.0000
2684,2,0.0075,2.5000,0.0946,0.4731,1.0000,0.0000,1.0000,0.0000,2.4194,32.0000
2685,2,0.0075,2.5000,0.0946,0.4731,1.0000,0.0000,1.0000,0.0000,2.4194,32.0000
2686,0,0.0000,0.0000,0.0000,0.0000,0.0000,0.0000,0.0000,0.0000
2687,0,0.0000,0.0000,0.0000,0.0000,0.0000,0.0000,0.0000,0.0000
2688,2,0.0046,3.0000,0.1000,0.2618,1.0000,0.0000,1.0000,0.0000,3.0108,31.0000
2689,2,0.0046,3.0000,0.1000,0.2618,1.0000,0.0000,1.0000,0.0000,3.0108,31.0000
2690,3,0.0164,3.6667,0.1368,0.2361,1.0000,0.0000,1.0000,0.0000,4.8276,30.0000
2691,3,0.0164,3.6667,0.1368,0.2361,1.0000,0.0000,1.0000,0.0000,4.8276,30.0000
2692,1,0.0022,2.0000,0.0645,0.0000,1.0000,0.0000,1.0000,0.0000,4.2339,32.0000
2693,1,0.0022,2.0000,0.0645,0.0000,1.0000,0.0000,1.0000,0.0000,4.2339,32.0000
2694,5,0.0245,2.6000,0.1331,0.2232,1.0000,0.0000,1.0000,0.0000,3.7037,28.0000
2695,5,0.0245,2.6000,0.1331,0.2232,1.0000,0.0000,1.0000,0.0000,3.7037,28.0000
2696,0,0.0000,0.0000,0.0000,0.0000,0.0000,0.0000,0.0000,0.0000
2697,0,0.0000,0.0000,0.0000,0.0000,0.0000,0.0000,0.0000,0.0000
2698,0,0.0000,0.0000,0.0000,0.0000,0.0000,0.0000,0.0000,0.0000
2699,0,0.0000,0.0000,0.0000,0.0000,0.0000,0.0000,0.0000,0.0000
2700,0,0.0000,0.0000,0.0000,0.0000,0.0000,0.0000,0.0000,0.0000
2701,0,0.0000,0.0000,0.0000,0.0000,0.0000,0.0000,0.0000,0.0000
2702,1,0.0026,2.0000,0.0714,0.7071,1.0000,0.0000,1.0000,0.0000,1.7241,29.0000
2703,1,0.0026,2.0000,0.0714,0.7071,1.0000,0.0000,1.0000,0.0000,1.7241,29.0000
2704,0,0.0000,0.0000,0.0000,0.0000,0.0000,0.0000,0.0000,0.0000
2705,0,0.0000,0.0000,0.0000,0.0000,0.0000,0.0000,0.0000,0.0000
2706,5,0.0478,3.0000,0.1459,0.0823,1.0000,0.0000,1.0000,0.0000,7.3118,31.0000
2707,5,0.0478,3.0000,0.1459,0.0823,1.0000,0.0000,1.0000,0.0000,7.3118,31.0000
2708,2,0.0040,2.5000,0.0893,0.3058,1.0000,0.0000,1.0000,0.0000,2.2167,29.0000
2709,2,0.0040,2.5000,0.0893,0.3058,1.0000,0.0000,1.0000,0.0000,2.2167,29.0000
2710,1,0.0356,6.0000,0.2609,0.5577,1.0000,0.0000,1.0000,0.0000,5.4348,24.0000
2711,1,0.0356,6.0000,0.2609,0.5577,1.0000,0.0000,1.0000,0.0000,5.4348,24.0000
2712,0,0.0000,0.0000,0.0000,0.0000,0.0000,0.0000,0.0000,0.0000
2713,0,0.0000,0.0000,0.0000,0.0000,0.0000,0.0000,0.0000,0.0000
2714,2,0.0667,4.5000,0.2314,0.3391,1.0000,0.0000,1.0000,0.0000,6.4615,26.0000
2715,2,0.0667,4.5000,0.2314,0.3391,1.0000,0.0000,1.0000,0.0000,6.4615,26.0000
2716,2,0.0110,3.5000,0.1396,0.1806,1.0000,0.0000,1.0000,0.0000,5.9113,29.0000
2717,2,0.0110,3.5000,0.1396,0.1806,1.0000,0.0000,1.0000,0.0000,5.9113,29.0000
2718,3,0.0459,4.0000,0.1906,0.2617,1.0000,0.0000,1.3333,0.0000,5.1724,29.0000
2719,3,0.0459,4.0000,0.1906,0.2617,1.0000,0.0000,1.3333,0.0000,5.1724,29.0000
2720,1,0.0427,4.0000,0.1823,0.3951,1.0000,0.0000,1.0000,0.0000,3.9683,28.0000
2721,1,0.0427,4.0000,0.1823,0.3951,1.0000,0.0000,1.0000,0.0000,3.9683,28.0000
2722,4,0.0092,3.0000,0.1158,0.1721,1.0000,0.0000,1.0000,0.0000,4.5161,31.0000
2723,4,0.0092,3.0000,0.1158,0.1721,1.0000,0.0000,1.0000,0.0000,4.5161,31.0000
2724,1,0.0197,3.0000,0.1552,0.2331,1.0000,0.0000,1.0000,0.0000,3.9080,30.0000
2725,1,0.0197,3.0000,0.1552,0.2331,1.0000,0.0000,1.0000,0.0000,3.9080,30.0000
2726,5,0.0900,3.2000,0.2200,0.2983,1.2000,27.4470,1.2000,0.0000,6.7194,23.0000
2727,5,0.0900,3.2000,0.2200,0.2983,1.2000,27.4470,1.2000,0.0000,6.7194,23.0000
2728,1,0.0057,3.0000,0.1111,0.0000,1.0000,0.0000,1.0000,0.0000,5.0265,28.0000
2729,1,0.0057,3.0000,0.1111,0.0000,1.0000,0.0000,1.0000,0.0000,5.0265,28.0000
2730,4,0.0270,3.0000,0.1259,0.2535,1.0000,0.0000,1.0000,0.0000,4.5161,31.0000
2731,4,0.0270,3.0000,0.1259,0.2535,1.0000,0.0000,1.0000,0.0000,4.5161,31.0000
2732,2,0.0097,3.0000,0.1048,0.1889,1.0000,0.0000,1.0000,0.0000,3.2258,32.0000
2733,2,0.0097,3.0000,0.1048,0.1889,1.0000,0.0000,1.0000,0.0000,3.2258,32.0000
2734,1,0.0079,4.0000,0.1429,0.5236,1.0000,0.0000,1.0000,0.0000,3.6946,29.0000
2735,1,0.0079,4.0000,0.1429,0.5236,1.0000,0.0000,1.0000,0.0000,3.6946,29.0000
2736,0,0.0000,0.0000,0.0000,0.0000,0.0000,0.0000,0.0000,0.0000
2737,0,0.0000,0.0000,0.0000,0.0000,0.0000,0.0000,0.0000,0.0000
2738,1,0.0106,4.0000,0.1429,0.6154,1.0000,0.0000,1.0000,0.0000,3.2020,29.0000
2739,1,0.0106,4.0000,0.1429,0.6154,1.0000,0.0000,1.0000,0.0000,3.2020,29.0000
2740,2,0.0246,3.5000,0.1772,0.2300,1.0000,0.0000,1.0000,0.0000,5.4131,27.0000
2741,2,0.0246,3.5000,0.1772,0.2300,1.0000,0.0000,1.0000,0.0000,5.4131,27.0000
2742,2,0.0071,3.0000,0.1148,0.2374,1.5000,370.2424,1.0000,0.0000,4.2328,28.0000
2743,2,0.0071,3.0000,0.1148,0.2374,1.5000,370.2424,1.0000,0.0000,4.2328,28.0000
2744,1,0.0356,5.0000,0.2236,0.5424,1.0000,0.0000,1.0000,0.0000,4.7101,24.0000
2745,1,0.0356,5.0000,0.2236,0.5424,1.0000,0.0000,1.0000,0.0000,4.7101,24.0000
2746,4,0.0135,2.7500,0.1223,0.1396,1.0000,0.0000,1.0000,0.0000,4.7619,28.0000
2747,4,0.0135,2.7500,0.1223,0.1396,1.0000,0.0000,1.0000,0.0000,4.7619,28.0000
2748,1,0.0079,3.0000,0.1143,0.4747,1.0000,0.0000,1.0000,0.0000,2.7094,29.0000
2749,1,0.0079,3.0000,0.1143,0.4747,1.0000,0.0000,1.0000,0.0000,2.7094,29.0000
2750,1,0.0285,4.0000,0.1815,0.3092,1.0000,0.0000,1.0000,0.0000,4.4974,28.0000
2751,1,0.0285,4.0000,0.1815,0.3092,1.0000,0.0000,1.0000,0.0000,4.4974,28.0000
2752,6,0.0161,2.1667,0.1133,0.2500,1.0000,0.0000,1.1667,0.0000,4.3077,26.0000
2753,6,0.0161,2.1667,0.1133,0.2500,1.0000,0.0000,1.1667,0.0000,4.3077,26.0000
2754,0,0.0000,0.0000,0.0000,0.0000,0.0000,0.0000,0.0000,0.0000
2755,0,0.0000,0.0000,0.0000,0.0000,0.0000,0.0000,0.0000,0.0000
2756,2,0.0251,2.5000,0.1514,0.1023,1.0000,0.0000,1.0000,0.0000,6.1576,29.0000
2757,2,0.0251,2.5000,0.1514,0.1023,1.0000,0.0000,1.0000,0.0000,6.1576,29.0000
2758,5,0.0067,3.6000,0.1207,0.0707,1.0000,0.0000,1.0000,0.0000,9.2473,31.0000
2759,5,0.0067,3.6000,0.1207,0.0707,1.0000,0.0000,1.0000,0.0000,9.2473,31.0000
2760,3,0.0031,2.3333,0.0778,0.2039,1.3333,175.2838,1.0000,0.0000,2.3656,31.0000
2761,3,0.0031,2.3333,0.0778,0.2039,1.3333,175.2838,1.0000,0.0000,2.3656,31.0000
2762,1,0.0342,5.0000,0.2016,0.4518,1.0000,0.0000,1.0000,0.0000,4.2328,28.0000
2763,1,0.0342,5.0000,0.2016,0.4518,1.0000,0.0000,1.0000,0.0000,4.2328,28.0000
2764,1,0.0023,2.0000,0.0667,0.0000,1.0000,0.0000,1.0000,0.0000,5.8065,31.0000
2765,1,0.0023,2.0000,0.0667,0.0000,1.0000,0.0000,1.0000,0.0000,5.8065,31.0000
2766,3,0.0164,2.3333,0.1122,0.3844,1.0000,0.0000,1.0000,0.0000,3.1339,27.0000
2767,3,0.0164,2.3333,0.1122,0.3844,1.0000,0.0000,1.0000,0.0000,3.1339,27.0000
2768,0,0.0000,0.0000,0.0000,0.0000,0.0000,0.0000,0.0000,0.0000
2769,0,0.0000,0.0000,0.0000,0.0000,0.0000,0.0000,0.0000,0.0000
2770,2,0.0152,2.5000,0.1333,0.4731,1.0000,0.0000,1.0000,0.0000,2.7668,23.0000
2771,2,0.0152,2.5000,0.1333,0.4731,1.0000,0.0000,1.0000,0.0000,2.7668,23.0000
2772,3,0.0190,2.6667,0.1370,0.1103,1.0000,0.0000,1.0000,0.0000,5.5556,28.0000
2773,3,0.0190,2.6667,0.1370,0.1103,1.0000,0.0000,1.0000,0.0000,5.5556,28.0000
2774,2,0.0075,3.0000,0.1113,0.1488,1.0000,0.0000,1.0000,0.0000,4.4355,32.0000
2775,2,0.0075,3.0000,0.1113,0.1488,1.0000,0.0000,1.0000,0.0000,4.4355,32.0000
2776,1,0.0031,2.0000,0.0769,0.0000,1.0000,0.0000,1.0000,0.0000,2.8490,27.0000
2777,1,0.0031,2.0000,0.0769,0.0000,1.0000,0.0000,1.0000,0.0000,2.8490,27.0000
2778,3,0.0174,3.3333,0.1565,0.1684,1.0000,0.0000,1.0000,0.0000,5.9829,27.0000
2779,3,0.0174,3.3333,0.1565,0.1684,1.0000,0.0000,1.0000,0.0000,5.9829,27.0000
2780,1,0.0108,4.0000,0.1538,0.5825,2.0000,159.6316,1.0000,0.0000,2.8490,27.0000
2781,1,0.0108,4.0000,0.1538,0.5825,2.0000,159.6316,1.0000,0.0000,2.8490,27.0000
2782,2,0.0508,3.0000,0.1658,0.1639,1.0000,0.0000,1.5000,0.0000,5.1282,27.0000
2783,2,0.0508,3.0000,0.1658,0.1639,1.0000,0.0000,1.5000,0.0000,5.1282,27.0000
2784,2,0.0033,2.0000,0.0800,0.0000,1.0000,0.0000,1.0000,0.0000,3.0769,26.0000
2785,2,0.0033,2.0000,0.0800,0.0000,1.0000,0.0000,1.0000,0.0000,3.0769,26.0000
2786,0,0.0000,0.0000,0.0000,0.0000,0.0000,0.0000,0.0000,0.0000
2787,0,0.0000,0.0000,0.0000,0.0000,0.0000,0.0000,0.0000,0.0000
2788,3,0.0044,2.0000,0.0774,0.4010,1.0000,0.0000,1.0000,0.0000,1.7241,29.0000
2789,3,0.0044,2.0000,0.0774,0.4010,1.0000,0.0000,1.0000,0.0000,1.7241,29.0000
2790,4,0.0116,2.5000,0.1096,0.1714,1.0000,0.0000,1.0000,0.0000,3.9409,29.0000
2791,4,0.0116,2.5000,0.1096,0.1714,1.0000,0.0000,1.0000,0.0000,3.9409,29.0000
2792,0,0.0000,0.0000,0.0000,0.0000,0.0000,0.0000,0.0000,0.0000
2793,0,0.0000,0.0000,0.0000,0.0000,0.0000,0.0000,0.0000,0.0000
2794,1,0.0031,2.0000,0.0769,0.0000,2.0000,498.1711,1.0000,0.0000,6.8376,27.0000
2795,1,0.0031,2.0000,0.0769,0.0000,2.0000,498.1711,1.0000,0.0000,6.8376,27.0000
2796,4,0.0218,2.5000,0.1181,0.2122,1.0000,0.0000,1.2500,0.0000,2.9557,29.0000
2797,4,0.0218,2.5000,0.1181,0.2122,1.0000,0.0000,1.2500,0.0000,2.9557,29.0000
2798,2,0.0410,6.5000,0.2578,0.2986,1.0000,0.0000,1.0000,0.0000,8.3744,29.0000
2799,2,0.0410,6.5000,0.2578,0.2986,1.0000,0.0000,1.0000,0.0000,8.3744,29.0000
2800,0,0.0000,0.0000,0.0000,0.0000,0.0000,0.0000,0.0000,0.0000
2801,0,0.0000,0.0000,0.0000,0.0000,0.0000,0.0000,0.0000,0.0000
2802,0,0.0000,0.0000,0.0000,0.0000,0.0000,0.0000,0.0000,0.0000
2803,0,0.0000,0.0000,0.0000,0.0000,0.0000,0.0000,0.0000,0.0000
2804,2,0.0138,3.0000,0.1497,0.0771,1.0000,0.0000,1.0000,0.0000,9.9715,27.0000
2805,2,0.0138,3.0000,0.1497,0.0771,1.0000,0.0000,1.0000,0.0000,9.9715,27.0000
2806,0,0.0000,0.0000,0.0000,0.0000,0.0000,0.0000,0.0000,0.0000
2807,0,0.0000,0.0000,0.0000,0.0000,0.0000,0.0000,0.0000,0.0000
2808,4,0.0035,2.2500,0.0742,0.1529,1.0000,0.0000,1.0000,0.0000,2.2727,33.0000
2809,4,0.0035,2.2500,0.0742,0.1529,1.0000,0.0000,1.0000,0.0000,2.2727,33.0000
2810,1,0.0114,4.0000,0.1543,0.4142,1.0000,0.0000,1.0000,0.0000,4.2328,28.0000
2811,1,0.0114,4.0000,0.1543,0.4142,1.0000,0.0000,1.0000,0.0000,4.2328,28.0000
2812,1,0.0171,4.0000,0.1815,0.2428,1.0000,0.0000,1.0000,0.0000,5.5556,28.0000
2813,1,0.0171,4.0000,0.1815,0.2428,1.0000,0.0000,1.0000,0.0000,5.5556,28.0000
2814,2,0.0093,2.5000,0.1048,0.4731,1.0000,0.0000,1.0000,0.0000,2.4631,29.0000
2815,2,0.0093,2.5000,0.1048,0.4731,1.0000,0.0000,1.0000,0.0000,2.4631,29.0000
2816,2,0.0212,3.5000,0.1645,0.2505,1.0000,0.0000,1.0000,0.0000,4.1872,29.0000
2817,2,0.0212,3.5000,0.1645,0.2505,1.0000,0.0000,1.0000,0.0000,4.1872,29.0000
2818,0,0.0000,0.0000,0.0000,0.0000,0.0000,0.0000,0.0000,0.0000
2819,0,0.0000,0.0000,0.0000,0.0000,0.0000,0.0000,0.0000,0.0000
2820,0,0.0000,0.0000,0.0000,0.0000,0.0000,0.0000,0.0000,0.0000
2821,0,0.0000,0.0000,0.0000,0.0000,0.0000,0.0000,0.0000,0.0000
2822,3,0.0254,2.3333,0.1389,0.3844,1.0000,0.0000,1.0000,0.0000,3.8961,22.0000
2823,3,0.0254,2.3333,0.1389,0.3844,1.0000,0.0000,1.0000,0.0000,3.8961,22.0000
2824,1,0.0833,6.0000,0.2857,0.4160,1.0000,0.0000,1.0000,0.0000,8.0000,26.0000
2825,1,0.0833,6.0000,0.2857,0.4160,1.0000,0.0000,1.0000,0.0000,8.0000,26.0000
2826,5,0.0419,3.2000,0.1322,0.1873,1.0000,0.0000,1.0000,0.0000,4.3561,33.0000
2827,5,0.0419,3.2000,0.1322,0.1873,1.0000,0.0000,1.0000,0.0000,4.3561,33.0000
2828,3,0.0358,3.6667,0.1364,0.2774,1.0000,0.0000,1.0000,0.0000,4.0323,32.0000
2829,3,0.0358,3.6667,0.1364,0.2774,1.0000,0.0000,1.0000,0.0000,4.0323,32.0000
2830,2,0.0313,3.0000,0.1714,0.1366,1.5000,104.6686,1.0000,0.0000,6.6138,28.0000
2831,2,0.0313,3.0000,0.1714,0.1366,1.5000,104.6686,1.0000,0.0000,6.6138,28.0000
2832,2,0.0267,3.5000,0.1843,0.2505,1.0000,0.0000,1.0000,0.0000,7.0769,26.0000
2833,2,0.0267,3.5000,0.1843,0.2505,1.0000,0.0000,1.0000,0.0000,7.0769,26.0000
2834,6,0.0684,2.8333,0.1466,0.1052,1.0000,0.0000,1.0000,0.0000,6.0847,28.0000
2835,6,0.0684,2.8333,0.1466,0.1052,1.0000,0.0000,1.0000,0.0000,6.0847,28.0000
2836,0,0.0000,0.0000,0.0000,0.0000,0.0000,0.0000,0.0000,0.0000
2837,0,0.0000,0.0000,0.0000,0.0000,0.0000,0.0000,0.0000,0.0000
2838,1,0.0480,5.0000,0.1853,0.4037,1.0000,0.0000,1.0000,0.0000,4.2674,38.0000
2839,1,0.0480,5.0000,0.1853,0.4037,1.0000,0.0000,1.0000,0.0000,4.2674,38.0000
2840,3,0.0020,2.0000,0.0625,0.4082,1.0000,0.0000,1.0000,0.0000,1.7045,33.0000
2841,3,0.0020,2.0000,0.0625,0.4082,1.0000,0.0000,1.0000,0.0000,1.7045,33.0000
2842,1,0.0198,4.0000,0.1957,0.3162,2.0000,251.0697,1.0000,0.0000,5.7971,24.0000
2843,1,0.0198,4.0000,0.1957,0.3162,2.0000,251.0697,1.0000,0.0000,5.7971,24.0000
2844,2,0.0405,3.0000,0.1810,0.3928,1.0000,0.0000,1.0000,0.0000,4.7619,22.0000
2845,2,0.0405,3.0000,0.1810,0.3928,1.0000,0.0000,1.0000,0.0000,4.7619,22.0000
2846,1,0.0031,2.0000,0.0769,0.7071,1.0000,0.0000,1.0000,0.0000,1.7094,27.0000
2847,1,0.0031,2.0000,0.0769,0.7071,1.0000,0.0000,1.0000,0.0000,1.7094,27.0000
2848,1,0.0062,3.0000,0.1154,0.6116,1.0000,0.0000,1.0000,0.0000,2.5641,27.0000
2849,1,0.0062,3.0000,0.1154,0.6116,1.0000,0.0000,1.0000,0.0000,2.5641,27.0000
2850,0,0.0000,0.0000,0.0000,0.0000,0.0000,0.0000,0.0000,0.0000
2851,0,0.0000,0.0000,0.0000,0.0000,0.0000,0.0000,0.0000,0.0000
2852,0,0.0000,0.0000,0.0000,0.0000,0.0000,0.0000,0.0000,0.0000
2853,0,0.0000,0.0000,0.0000,0.0000,0.0000,0.0000,0.0000,0.0000
2854,2,0.0111,3.5000,0.1334,0.5066,1.0000,0.0000,1.0000,0.0000,2.7586,30.0000
2855,2,0.0111,3.5000,0.1334,0.5066,1.0000,0.0000,1.0000,0.0000,2.7586,30.0000
2856,0,0.0000,0.0000,0.0000,0.0000,0.0000,0.0000,0.0000,0.0000
2857,0,0.0000,0.0000,0.0000,0.0000,0.0000,0.0000,0.0000,0.0000
2858,3,0.0300,3.0000,0.1389,0.2711,1.0000,0.0000,1.0000,0.0000,3.4483,29.0000
2859,3,0.0300,3.0000,0.1389,0.2711,1.0000,0.0000,1.0000,0.0000,3.4483,29.0000
2860,1,0.0100,4.0000,0.1481,0.0001,1.0000,0.0000,1.0000,0.0000,3.7037,28.0000
2861,1,0.0100,4.0000,0.1481,0.0001,1.0000,0.0000,1.0000,0.0000,3.7037,28.0000
2862,0,0.0000,0.0000,0.0000,0.0000,0.0000,0.0000,0.0000,0.0000
2863,0,0.0000,0.0000,0.0000,0.0000,0.0000,0.0000,0.0000,0.0000
2864,3,0.0114,3.0000,0.1190,0.1654,1.0000,0.0000,1.0000,0.0000,3.7037,28.0000
2865,3,0.0114,3.0000,0.1190,0.1654,1.0000,0.0000,1.0000,0.0000,3.7037,28.0000
2866,1,0.0411,5.0000,0.2596,0.3995,1.0000,0.0000,1.0000,0.0000,6.6667,25.0000
2867,1,0.0411,5.0000,0.2596,0.3995,1.0000,0.0000,1.0000,0.0000,6.6667,25.0000
2868,2,0.0119,3.0000,0.1391,0.5651,1.0000,0.0000,1.0000,0.0000,2.8986,24.0000
2869,2,0.0119,3.0000,0.1391,0.5651,1.0000,0.0000,1.0000,0.0000,2.8986,24.0000
2870,2,0.0093,2.5000,0.1153,0.0910,1.0000,0.0000,1.0000,0.0000,5.1724,29.0000
2871,2,0.0093,2.5000,0.1153,0.0910,1.0000,0.0000,1.0000,0.0000,5.1724,29.0000
2872,1,0.0046,3.0000,0.1000,0.6116,1.0000,0.0000,1.0000,0.0000,2.5806,31.0000
2873,1,0.0046,3.0000,0.1000,0.6116,1.0000,0.0000,1.0000,0.0000,2.5806,31.0000
2874,4,0.0256,3.0000,0.1307,0.1322,1.0000,0.0000,1.0000,0.0000,5.5172,30.0000
2875,4,0.0256,3.0000,0.1307,0.1322,1.0000,0.0000,1.0000,0.0000,5.5172,30.0000
2876,0,0.0000,0.0000,0.0000,0.0000,0.0000,0.0000,0.0000,0.0000
2877,0,0.0000,0.0000,0.0000,0.0000,0.0000,0.0000,0.0000,0.0000
2878,1,0.0053,3.0000,0.1071,0.0000,1.0000,0.0000,1.0000,0.0000,2.7094,29.0000
2879,1,0.0053,3.0000,0.1071,0.0000,1.0000,0.0000,1.0000,0.0000,2.7094,29.0000
2880,2,0.0185,3.5000,0.1619,0.2922,1.0000,0.0000,1.0000,0.0000,3.9683,28.0000
2881,2,0.0185,3.5000,0.1619,0.2922,1.0000,0.0000,1.0000,0.0000,3.9683,28.0000
